 
PKEY|LOG_START|HO|THREAD_NUM|DEST_ID|CNT|MBYTES
rac194.wpuziewicz.com_OUSPRD_110222090840|22-OCT-22|04|2|2|8|110
rac194.wpuziewicz.com_OUSPRD_110222090840|22-OCT-22|05|1|1|6|127
rac194.wpuziewicz.com_OUSPRD_110222090840|22-OCT-22|10|1|1|10|204
rac194.wpuziewicz.com_OUSPRD_110222090840|22-OCT-22|10|2|2|8|76
rac194.wpuziewicz.com_OUSPRD_110222090840|22-OCT-22|12|2|1|10|183
rac194.wpuziewicz.com_OUSPRD_110222090840|22-OCT-22|12|1|1|10|115
rac194.wpuziewicz.com_OUSPRD_110222090840|22-OCT-22|14|1|2|8|86
rac194.wpuziewicz.com_OUSPRD_110222090840|22-OCT-22|14|2|1|8|175
rac194.wpuziewicz.com_OUSPRD_110222090840|22-OCT-22|15|2|1|8|151
rac194.wpuziewicz.com_OUSPRD_110222090840|22-OCT-22|16|2|1|10|205
rac194.wpuziewicz.com_OUSPRD_110222090840|22-OCT-22|19|2|2|10|185
rac194.wpuziewicz.com_OUSPRD_110222090840|22-OCT-22|20|2|1|8|184
rac194.wpuziewicz.com_OUSPRD_110222090840|22-OCT-22|22|1|2|8|94
rac194.wpuziewicz.com_OUSPRD_110222090840|22-OCT-22|22|2|1|8|167
rac194.wpuziewicz.com_OUSPRD_110222090840|23-OCT-22|00|1|2|8|117
rac194.wpuziewicz.com_OUSPRD_110222090840|23-OCT-22|07|2|2|8|146
rac194.wpuziewicz.com_OUSPRD_110222090840|23-OCT-22|07|1|2|8|150
rac194.wpuziewicz.com_OUSPRD_110222090840|23-OCT-22|08|1|1|8|271
rac194.wpuziewicz.com_OUSPRD_110222090840|23-OCT-22|12|1|2|8|139
rac194.wpuziewicz.com_OUSPRD_110222090840|23-OCT-22|14|2|2|8|167
rac194.wpuziewicz.com_OUSPRD_110222090840|23-OCT-22|15|1|2|8|145
rac194.wpuziewicz.com_OUSPRD_110222090840|23-OCT-22|16|1|2|8|145
rac194.wpuziewicz.com_OUSPRD_110222090840|23-OCT-22|16|2|2|8|140
rac194.wpuziewicz.com_OUSPRD_110222090840|23-OCT-22|17|1|2|8|107
rac194.wpuziewicz.com_OUSPRD_110222090840|23-OCT-22|18|1|1|10|111
rac194.wpuziewicz.com_OUSPRD_110222090840|23-OCT-22|18|2|2|8|176
rac194.wpuziewicz.com_OUSPRD_110222090840|23-OCT-22|19|2|2|10|99
rac194.wpuziewicz.com_OUSPRD_110222090840|23-OCT-22|21|2|1|8|183
rac194.wpuziewicz.com_OUSPRD_110222090840|23-OCT-22|22|1|2|8|113
rac194.wpuziewicz.com_OUSPRD_110222090840|24-OCT-22|01|2|2|10|222
rac194.wpuziewicz.com_OUSPRD_110222090840|24-OCT-22|01|1|2|8|103
rac194.wpuziewicz.com_OUSPRD_110222090840|24-OCT-22|03|1|1|8|171
rac194.wpuziewicz.com_OUSPRD_110222090840|24-OCT-22|05|2|2|8|183
rac194.wpuziewicz.com_OUSPRD_110222090840|24-OCT-22|06|2|1|10|137
rac194.wpuziewicz.com_OUSPRD_110222090840|24-OCT-22|08|2|1|8|162
rac194.wpuziewicz.com_OUSPRD_110222090840|24-OCT-22|09|2|1|8|175
rac194.wpuziewicz.com_OUSPRD_110222090840|24-OCT-22|10|1|2|8|176
rac194.wpuziewicz.com_OUSPRD_110222090840|24-OCT-22|11|2|1|8|84
rac194.wpuziewicz.com_OUSPRD_110222090840|24-OCT-22|14|1|2|8|184
rac194.wpuziewicz.com_OUSPRD_110222090840|24-OCT-22|14|2|1|8|85
rac194.wpuziewicz.com_OUSPRD_110222090840|24-OCT-22|17|1|1|8|81
rac194.wpuziewicz.com_OUSPRD_110222090840|24-OCT-22|17|1|2|8|81
rac194.wpuziewicz.com_OUSPRD_110222090840|24-OCT-22|22|1|1|10|200
rac194.wpuziewicz.com_OUSPRD_110222090840|25-OCT-22|04|2|2|8|187
rac194.wpuziewicz.com_OUSPRD_110222090840|25-OCT-22|06|1|2|8|173
rac194.wpuziewicz.com_OUSPRD_110222090840|25-OCT-22|07|1|1|8|181
rac194.wpuziewicz.com_OUSPRD_110222090840|25-OCT-22|08|1|1|8|92
rac194.wpuziewicz.com_OUSPRD_110222090840|25-OCT-22|09|2|1|8|179
rac194.wpuziewicz.com_OUSPRD_110222090840|25-OCT-22|14|1|2|8|192
rac194.wpuziewicz.com_OUSPRD_110222090840|25-OCT-22|14|2|2|8|64
rac194.wpuziewicz.com_OUSPRD_110222090840|25-OCT-22|17|1|2|8|88
rac194.wpuziewicz.com_OUSPRD_110222090840|25-OCT-22|19|2|1|8|75
rac194.wpuziewicz.com_OUSPRD_110222090840|25-OCT-22|20|1|1|8|118
rac194.wpuziewicz.com_OUSPRD_110222090840|25-OCT-22|22|1|2|8|178
rac194.wpuziewicz.com_OUSPRD_110222090840|26-OCT-22|01|1|1|8|170
rac194.wpuziewicz.com_OUSPRD_110222090840|26-OCT-22|02|2|1|8|68
rac194.wpuziewicz.com_OUSPRD_110222090840|26-OCT-22|03|2|2|6|56
rac194.wpuziewicz.com_OUSPRD_110222090840|26-OCT-22|09|2|1|8|104
rac194.wpuziewicz.com_OUSPRD_110222090840|26-OCT-22|10|2|2|8|67
rac194.wpuziewicz.com_OUSPRD_110222090840|26-OCT-22|12|2|1|8|164
rac194.wpuziewicz.com_OUSPRD_110222090840|26-OCT-22|13|1|1|8|170
rac194.wpuziewicz.com_OUSPRD_110222090840|26-OCT-22|17|2|1|8|75
rac194.wpuziewicz.com_OUSPRD_110222090840|26-OCT-22|18|1|2|8|181
rac194.wpuziewicz.com_OUSPRD_110222090840|26-OCT-22|19|2|2|8|68
rac194.wpuziewicz.com_OUSPRD_110222090840|26-OCT-22|22|1|1|10|210
rac194.wpuziewicz.com_OUSPRD_110222090840|26-OCT-22|22|2|2|14|1292
rac194.wpuziewicz.com_OUSPRD_110222090840|27-OCT-22|01|1|1|8|188
rac194.wpuziewicz.com_OUSPRD_110222090840|27-OCT-22|02|2|2|8|175
rac194.wpuziewicz.com_OUSPRD_110222090840|27-OCT-22|05|2|1|10|168
rac194.wpuziewicz.com_OUSPRD_110222090840|27-OCT-22|10|2|1|8|177
rac194.wpuziewicz.com_OUSPRD_110222090840|27-OCT-22|11|2|1|8|192
rac194.wpuziewicz.com_OUSPRD_110222090840|27-OCT-22|14|1|2|8|84
rac194.wpuziewicz.com_OUSPRD_110222090840|27-OCT-22|18|2|2|8|169
rac194.wpuziewicz.com_OUSPRD_110222090840|27-OCT-22|19|1|2|8|84
rac194.wpuziewicz.com_OUSPRD_110222090840|27-OCT-22|20|1|2|10|167
rac194.wpuziewicz.com_OUSPRD_110222090840|27-OCT-22|21|2|2|8|169
rac194.wpuziewicz.com_OUSPRD_110222090840|27-OCT-22|22|1|2|10|108
rac194.wpuziewicz.com_OUSPRD_110222090840|27-OCT-22|22|2|2|14|1412
rac194.wpuziewicz.com_OUSPRD_110222090840|28-OCT-22|00|2|2|8|239
rac194.wpuziewicz.com_OUSPRD_110222090840|28-OCT-22|02|1|2|8|108
rac194.wpuziewicz.com_OUSPRD_110222090840|28-OCT-22|03|2|1|8|167
rac194.wpuziewicz.com_OUSPRD_110222090840|28-OCT-22|04|1|1|8|146
rac194.wpuziewicz.com_OUSPRD_110222090840|28-OCT-22|04|2|1|8|106
rac194.wpuziewicz.com_OUSPRD_110222090840|28-OCT-22|06|1|2|10|74
rac194.wpuziewicz.com_OUSPRD_110222090840|28-OCT-22|10|1|1|8|89
rac194.wpuziewicz.com_OUSPRD_110222090840|28-OCT-22|12|2|2|8|105
rac194.wpuziewicz.com_OUSPRD_110222090840|28-OCT-22|14|1|1|8|89
rac194.wpuziewicz.com_OUSPRD_110222090840|28-OCT-22|16|2|1|8|123
rac194.wpuziewicz.com_OUSPRD_110222090840|28-OCT-22|17|1|2|8|94
rac194.wpuziewicz.com_OUSPRD_110222090840|28-OCT-22|18|2|2|8|193
rac194.wpuziewicz.com_OUSPRD_110222090840|28-OCT-22|20|1|2|8|150
rac194.wpuziewicz.com_OUSPRD_110222090840|28-OCT-22|20|2|1|8|122
rac194.wpuziewicz.com_OUSPRD_110222090840|28-OCT-22|21|1|1|8|84
rac194.wpuziewicz.com_OUSPRD_110222090840|28-OCT-22|22|1|2|10|142
rac194.wpuziewicz.com_OUSPRD_110222090840|28-OCT-22|23|2|1|8|58
rac194.wpuziewicz.com_OUSPRD_110222090840|29-OCT-22|01|1|2|8|83
rac194.wpuziewicz.com_OUSPRD_110222090840|29-OCT-22|02|1|2|8|156
rac194.wpuziewicz.com_OUSPRD_110222090840|29-OCT-22|04|2|2|8|108
rac194.wpuziewicz.com_OUSPRD_110222090840|29-OCT-22|06|2|2|8|151
rac194.wpuziewicz.com_OUSPRD_110222090840|29-OCT-22|07|1|2|8|180
rac194.wpuziewicz.com_OUSPRD_110222090840|29-OCT-22|10|1|2|8|160
rac194.wpuziewicz.com_OUSPRD_110222090840|29-OCT-22|12|2|1|10|149
rac194.wpuziewicz.com_OUSPRD_110222090840|29-OCT-22|15|1|2|8|202
rac194.wpuziewicz.com_OUSPRD_110222090840|29-OCT-22|19|1|1|10|276
rac194.wpuziewicz.com_OUSPRD_110222090840|29-OCT-22|20|2|2|8|170
rac194.wpuziewicz.com_OUSPRD_110222090840|29-OCT-22|20|1|2|8|101
rac194.wpuziewicz.com_OUSPRD_110222090840|29-OCT-22|21|2|1|8|193
rac194.wpuziewicz.com_OUSPRD_110222090840|29-OCT-22|22|1|2|8|222
rac194.wpuziewicz.com_OUSPRD_110222090840|30-OCT-22|01|1|1|8|111
rac194.wpuziewicz.com_OUSPRD_110222090840|30-OCT-22|02|2|2|8|54
rac194.wpuziewicz.com_OUSPRD_110222090840|30-OCT-22|03|1|1|8|190
rac194.wpuziewicz.com_OUSPRD_110222090840|30-OCT-22|04|2|1|8|133
rac194.wpuziewicz.com_OUSPRD_110222090840|30-OCT-22|09|2|2|8|164
rac194.wpuziewicz.com_OUSPRD_110222090840|30-OCT-22|12|1|2|10|131
rac194.wpuziewicz.com_OUSPRD_110222090840|30-OCT-22|13|2|2|8|123
rac194.wpuziewicz.com_OUSPRD_110222090840|30-OCT-22|16|2|1|10|241
rac194.wpuziewicz.com_OUSPRD_110222090840|30-OCT-22|19|2|1|14|1366
rac194.wpuziewicz.com_OUSPRD_110222090840|30-OCT-22|19|2|2|14|1366
rac194.wpuziewicz.com_OUSPRD_110222090840|30-OCT-22|21|1|1|8|190
rac194.wpuziewicz.com_OUSPRD_110222090840|30-OCT-22|21|1|2|8|190
rac194.wpuziewicz.com_OUSPRD_110222090840|30-OCT-22|23|1|2|8|145
rac194.wpuziewicz.com_OUSPRD_110222090840|31-OCT-22|00|1|1|8|131
rac194.wpuziewicz.com_OUSPRD_110222090840|31-OCT-22|01|1|1|8|175
rac194.wpuziewicz.com_OUSPRD_110222090840|31-OCT-22|03|2|1|8|87
rac194.wpuziewicz.com_OUSPRD_110222090840|31-OCT-22|04|1|1|8|75
rac194.wpuziewicz.com_OUSPRD_110222090840|31-OCT-22|11|2|2|8|87
rac194.wpuziewicz.com_OUSPRD_110222090840|31-OCT-22|13|2|2|8|45
rac194.wpuziewicz.com_OUSPRD_110222090840|31-OCT-22|14|2|1|8|61
rac194.wpuziewicz.com_OUSPRD_110222090840|31-OCT-22|15|1|1|8|195
rac194.wpuziewicz.com_OUSPRD_110222090840|31-OCT-22|16|2|2|8|196
rac194.wpuziewicz.com_OUSPRD_110222090840|31-OCT-22|16|1|1|8|92
rac194.wpuziewicz.com_OUSPRD_110222090840|31-OCT-22|17|1|1|8|177
rac194.wpuziewicz.com_OUSPRD_110222090840|31-OCT-22|18|1|2|8|207
rac194.wpuziewicz.com_OUSPRD_110222090840|31-OCT-22|19|2|1|12|1380
rac194.wpuziewicz.com_OUSPRD_110222090840|31-OCT-22|22|2|1|8|67
rac194.wpuziewicz.com_OUSPRD_110222090840|31-OCT-22|23|1|1|8|166
rac194.wpuziewicz.com_OUSPRD_110222090840|31-OCT-22|23|1|2|8|166
rac194.wpuziewicz.com_OUSPRD_110222090840|01-NOV-22|01|2|1|8|46
rac194.wpuziewicz.com_OUSPRD_110222090840|01-NOV-22|07|2|1|8|146
rac194.wpuziewicz.com_OUSPRD_110222090840|01-NOV-22|09|1|1|8|192
rac194.wpuziewicz.com_OUSPRD_110222090840|01-NOV-22|10|1|2|8|191
rac194.wpuziewicz.com_OUSPRD_110222090840|01-NOV-22|10|2|1|8|76
rac194.wpuziewicz.com_OUSPRD_110222090840|01-NOV-22|11|1|1|8|144
rac194.wpuziewicz.com_OUSPRD_110222090840|01-NOV-22|15|2|1|10|171
rac194.wpuziewicz.com_OUSPRD_110222090840|02-NOV-22|00|2|2|8|191
rac194.wpuziewicz.com_OUSPRD_110222090840|02-NOV-22|01|1|2|10|260
rac194.wpuziewicz.com_OUSPRD_110222090840|02-NOV-22|03|1|2|8|116
rac194.wpuziewicz.com_OUSPRD_110222090840|02-NOV-22|07|2|1|8|162
rac194.wpuziewicz.com_OUSPRD_110222090840|22-OCT-22|07|1|2|8|209
rac194.wpuziewicz.com_OUSPRD_110222090840|22-OCT-22|09|1|1|8|196
rac194.wpuziewicz.com_OUSPRD_110222090840|22-OCT-22|10|2|1|8|76
rac194.wpuziewicz.com_OUSPRD_110222090840|22-OCT-22|13|2|1|8|167
rac194.wpuziewicz.com_OUSPRD_110222090840|22-OCT-22|14|1|1|8|86
rac194.wpuziewicz.com_OUSPRD_110222090840|22-OCT-22|18|2|1|8|191
rac194.wpuziewicz.com_OUSPRD_110222090840|22-OCT-22|21|1|1|8|87
rac194.wpuziewicz.com_OUSPRD_110222090840|23-OCT-22|00|2|1|8|152
rac194.wpuziewicz.com_OUSPRD_110222090840|23-OCT-22|03|1|1|8|124
rac194.wpuziewicz.com_OUSPRD_110222090840|23-OCT-22|03|2|2|8|164
rac194.wpuziewicz.com_OUSPRD_110222090840|23-OCT-22|05|1|2|10|87
rac194.wpuziewicz.com_OUSPRD_110222090840|23-OCT-22|05|2|2|8|175
rac194.wpuziewicz.com_OUSPRD_110222090840|23-OCT-22|06|2|1|8|183
rac194.wpuziewicz.com_OUSPRD_110222090840|23-OCT-22|06|1|1|8|80
rac194.wpuziewicz.com_OUSPRD_110222090840|23-OCT-22|08|1|2|8|271
rac194.wpuziewicz.com_OUSPRD_110222090840|23-OCT-22|09|2|2|8|160
rac194.wpuziewicz.com_OUSPRD_110222090840|23-OCT-22|10|1|2|8|88
rac194.wpuziewicz.com_OUSPRD_110222090840|23-OCT-22|11|1|1|8|160
rac194.wpuziewicz.com_OUSPRD_110222090840|23-OCT-22|13|2|1|8|160
rac194.wpuziewicz.com_OUSPRD_110222090840|23-OCT-22|19|1|2|14|1391
rac194.wpuziewicz.com_OUSPRD_110222090840|23-OCT-22|21|1|1|8|81
rac194.wpuziewicz.com_OUSPRD_110222090840|23-OCT-22|23|2|1|8|89
rac194.wpuziewicz.com_OUSPRD_110222090840|24-OCT-22|02|1|1|8|124
rac194.wpuziewicz.com_OUSPRD_110222090840|24-OCT-22|03|2|2|8|92
rac194.wpuziewicz.com_OUSPRD_110222090840|24-OCT-22|05|1|2|8|81
rac194.wpuziewicz.com_OUSPRD_110222090840|24-OCT-22|07|2|2|8|115
rac194.wpuziewicz.com_OUSPRD_110222090840|24-OCT-22|08|1|1|8|88
rac194.wpuziewicz.com_OUSPRD_110222090840|24-OCT-22|09|1|2|8|85
rac194.wpuziewicz.com_OUSPRD_110222090840|24-OCT-22|10|2|2|8|95
rac194.wpuziewicz.com_OUSPRD_110222090840|24-OCT-22|15|2|1|8|82
rac194.wpuziewicz.com_OUSPRD_110222090840|24-OCT-22|16|2|1|8|161
rac194.wpuziewicz.com_OUSPRD_110222090840|24-OCT-22|16|2|2|8|161
rac194.wpuziewicz.com_OUSPRD_110222090840|24-OCT-22|18|1|1|10|197
rac194.wpuziewicz.com_OUSPRD_110222090840|24-OCT-22|23|1|2|8|177
rac194.wpuziewicz.com_OUSPRD_110222090840|25-OCT-22|00|1|1|10|227
rac194.wpuziewicz.com_OUSPRD_110222090840|25-OCT-22|05|2|2|8|165
rac194.wpuziewicz.com_OUSPRD_110222090840|25-OCT-22|05|1|2|8|103
rac194.wpuziewicz.com_OUSPRD_110222090840|25-OCT-22|06|2|2|10|76
rac194.wpuziewicz.com_OUSPRD_110222090840|25-OCT-22|07|2|1|8|82
rac194.wpuziewicz.com_OUSPRD_110222090840|25-OCT-22|07|2|2|8|82
rac194.wpuziewicz.com_OUSPRD_110222090840|25-OCT-22|08|2|1|8|172
rac194.wpuziewicz.com_OUSPRD_110222090840|25-OCT-22|11|1|2|8|173
rac194.wpuziewicz.com_OUSPRD_110222090840|25-OCT-22|15|1|1|8|196
rac194.wpuziewicz.com_OUSPRD_110222090840|25-OCT-22|16|2|2|8|174
rac194.wpuziewicz.com_OUSPRD_110222090840|25-OCT-22|18|2|1|8|60
rac194.wpuziewicz.com_OUSPRD_110222090840|25-OCT-22|18|2|2|8|60
rac194.wpuziewicz.com_OUSPRD_110222090840|25-OCT-22|19|2|2|8|75
rac194.wpuziewicz.com_OUSPRD_110222090840|25-OCT-22|21|2|2|10|143
rac194.wpuziewicz.com_OUSPRD_110222090840|25-OCT-22|21|2|1|10|143
rac194.wpuziewicz.com_OUSPRD_110222090840|25-OCT-22|21|1|2|10|201
rac194.wpuziewicz.com_OUSPRD_110222090840|25-OCT-22|22|2|2|12|1290
rac194.wpuziewicz.com_OUSPRD_110222090840|26-OCT-22|01|2|1|10|125
rac194.wpuziewicz.com_OUSPRD_110222090840|26-OCT-22|02|1|2|10|252
rac194.wpuziewicz.com_OUSPRD_110222090840|26-OCT-22|04|1|2|8|124
rac194.wpuziewicz.com_OUSPRD_110222090840|26-OCT-22|07|1|2|8|216
rac194.wpuziewicz.com_OUSPRD_110222090840|26-OCT-22|12|2|2|8|164
rac194.wpuziewicz.com_OUSPRD_110222090840|26-OCT-22|14|1|1|8|180
rac194.wpuziewicz.com_OUSPRD_110222090840|26-OCT-22|15|2|2|8|83
rac194.wpuziewicz.com_OUSPRD_110222090840|26-OCT-22|20|1|1|8|118
rac194.wpuziewicz.com_OUSPRD_110222090840|26-OCT-22|20|1|2|8|118
rac194.wpuziewicz.com_OUSPRD_110222090840|26-OCT-22|20|2|1|8|157
rac194.wpuziewicz.com_OUSPRD_110222090840|26-OCT-22|21|1|2|8|185
rac194.wpuziewicz.com_OUSPRD_110222090840|26-OCT-22|22|2|1|14|1292
rac194.wpuziewicz.com_OUSPRD_110222090840|27-OCT-22|01|1|2|8|188
rac194.wpuziewicz.com_OUSPRD_110222090840|27-OCT-22|02|1|1|8|106
rac194.wpuziewicz.com_OUSPRD_110222090840|27-OCT-22|03|2|2|8|153
rac194.wpuziewicz.com_OUSPRD_110222090840|27-OCT-22|04|1|1|8|93
rac194.wpuziewicz.com_OUSPRD_110222090840|27-OCT-22|04|1|2|8|93
rac194.wpuziewicz.com_OUSPRD_110222090840|27-OCT-22|05|1|2|8|97
rac194.wpuziewicz.com_OUSPRD_110222090840|27-OCT-22|06|1|2|10|90
rac194.wpuziewicz.com_OUSPRD_110222090840|27-OCT-22|07|2|2|8|176
rac194.wpuziewicz.com_OUSPRD_110222090840|27-OCT-22|09|1|2|8|89
rac194.wpuziewicz.com_OUSPRD_110222090840|27-OCT-22|12|2|2|8|168
rac194.wpuziewicz.com_OUSPRD_110222090840|27-OCT-22|14|2|1|8|188
rac194.wpuziewicz.com_OUSPRD_110222090840|27-OCT-22|15|2|2|8|193
rac194.wpuziewicz.com_OUSPRD_110222090840|27-OCT-22|16|1|2|8|126
rac194.wpuziewicz.com_OUSPRD_110222090840|27-OCT-22|17|1|2|8|73
rac194.wpuziewicz.com_OUSPRD_110222090840|27-OCT-22|17|2|2|8|192
rac194.wpuziewicz.com_OUSPRD_110222090840|27-OCT-22|19|1|1|8|84
rac194.wpuziewicz.com_OUSPRD_110222090840|27-OCT-22|19|2|2|8|176
rac194.wpuziewicz.com_OUSPRD_110222090840|27-OCT-22|22|2|1|14|1412
rac194.wpuziewicz.com_OUSPRD_110222090840|28-OCT-22|01|1|2|8|93
rac194.wpuziewicz.com_OUSPRD_110222090840|28-OCT-22|02|2|2|8|161
rac194.wpuziewicz.com_OUSPRD_110222090840|28-OCT-22|07|2|1|8|130
rac194.wpuziewicz.com_OUSPRD_110222090840|28-OCT-22|07|1|2|8|136
rac194.wpuziewicz.com_OUSPRD_110222090840|28-OCT-22|09|1|2|8|97
rac194.wpuziewicz.com_OUSPRD_110222090840|28-OCT-22|14|1|2|8|89
rac194.wpuziewicz.com_OUSPRD_110222090840|28-OCT-22|17|2|2|8|178
rac194.wpuziewicz.com_OUSPRD_110222090840|28-OCT-22|19|2|2|8|112
rac194.wpuziewicz.com_OUSPRD_110222090840|29-OCT-22|05|1|1|8|90
rac194.wpuziewicz.com_OUSPRD_110222090840|29-OCT-22|06|1|2|8|113
rac194.wpuziewicz.com_OUSPRD_110222090840|29-OCT-22|08|1|1|8|351
rac194.wpuziewicz.com_OUSPRD_110222090840|29-OCT-22|10|1|1|8|160
rac194.wpuziewicz.com_OUSPRD_110222090840|29-OCT-22|11|1|2|6|134
rac194.wpuziewicz.com_OUSPRD_110222090840|29-OCT-22|12|1|1|10|154
rac194.wpuziewicz.com_OUSPRD_110222090840|29-OCT-22|12|2|2|10|149
rac194.wpuziewicz.com_OUSPRD_110222090840|29-OCT-22|14|1|1|8|116
rac194.wpuziewicz.com_OUSPRD_110222090840|29-OCT-22|16|2|2|8|142
rac194.wpuziewicz.com_OUSPRD_110222090840|29-OCT-22|17|2|1|8|193
rac194.wpuziewicz.com_OUSPRD_110222090840|29-OCT-22|18|1|2|10|155
rac194.wpuziewicz.com_OUSPRD_110222090840|29-OCT-22|18|2|2|10|132
rac194.wpuziewicz.com_OUSPRD_110222090840|29-OCT-22|21|1|2|8|75
rac194.wpuziewicz.com_OUSPRD_110222090840|29-OCT-22|22|2|2|8|45
rac194.wpuziewicz.com_OUSPRD_110222090840|30-OCT-22|01|1|2|8|111
rac194.wpuziewicz.com_OUSPRD_110222090840|30-OCT-22|01|2|1|8|185
rac194.wpuziewicz.com_OUSPRD_110222090840|30-OCT-22|02|2|1|8|54
rac194.wpuziewicz.com_OUSPRD_110222090840|30-OCT-22|07|1|1|8|190
rac194.wpuziewicz.com_OUSPRD_110222090840|30-OCT-22|08|1|1|8|307
rac194.wpuziewicz.com_OUSPRD_110222090840|30-OCT-22|10|1|2|8|203
rac194.wpuziewicz.com_OUSPRD_110222090840|30-OCT-22|10|1|1|8|203
rac194.wpuziewicz.com_OUSPRD_110222090840|30-OCT-22|11|1|2|8|190
rac194.wpuziewicz.com_OUSPRD_110222090840|30-OCT-22|12|1|1|10|131
rac194.wpuziewicz.com_OUSPRD_110222090840|30-OCT-22|12|2|2|8|177
rac194.wpuziewicz.com_OUSPRD_110222090840|30-OCT-22|14|2|2|8|61
rac194.wpuziewicz.com_OUSPRD_110222090840|30-OCT-22|20|1|1|8|95
rac194.wpuziewicz.com_OUSPRD_110222090840|30-OCT-22|20|1|2|8|95
rac194.wpuziewicz.com_OUSPRD_110222090840|30-OCT-22|22|2|1|8|60
rac194.wpuziewicz.com_OUSPRD_110222090840|30-OCT-22|22|1|1|8|206
rac194.wpuziewicz.com_OUSPRD_110222090840|31-OCT-22|00|1|2|8|131
rac194.wpuziewicz.com_OUSPRD_110222090840|31-OCT-22|00|2|2|8|179
rac194.wpuziewicz.com_OUSPRD_110222090840|31-OCT-22|01|2|1|8|88
rac194.wpuziewicz.com_OUSPRD_110222090840|31-OCT-22|01|2|2|8|88
rac194.wpuziewicz.com_OUSPRD_110222090840|31-OCT-22|06|1|1|10|186
rac194.wpuziewicz.com_OUSPRD_110222090840|31-OCT-22|06|1|2|10|186
rac194.wpuziewicz.com_OUSPRD_110222090840|31-OCT-22|06|2|1|8|76
rac194.wpuziewicz.com_OUSPRD_110222090840|31-OCT-22|07|1|1|8|211
rac194.wpuziewicz.com_OUSPRD_110222090840|31-OCT-22|08|2|2|6|129
rac194.wpuziewicz.com_OUSPRD_110222090840|31-OCT-22|09|2|1|8|60
rac194.wpuziewicz.com_OUSPRD_110222090840|31-OCT-22|11|1|1|8|196
rac194.wpuziewicz.com_OUSPRD_110222090840|31-OCT-22|21|2|1|8|69
rac194.wpuziewicz.com_OUSPRD_110222090840|01-NOV-22|02|2|1|10|89
rac194.wpuziewicz.com_OUSPRD_110222090840|01-NOV-22|04|2|2|10|170
rac194.wpuziewicz.com_OUSPRD_110222090840|01-NOV-22|07|1|2|8|155
rac194.wpuziewicz.com_OUSPRD_110222090840|01-NOV-22|08|2|1|8|133
rac194.wpuziewicz.com_OUSPRD_110222090840|01-NOV-22|10|1|1|8|191
rac194.wpuziewicz.com_OUSPRD_110222090840|01-NOV-22|14|2|1|8|76
rac194.wpuziewicz.com_OUSPRD_110222090840|01-NOV-22|15|1|2|10|176
rac194.wpuziewicz.com_OUSPRD_110222090840|01-NOV-22|16|2|2|8|103
rac194.wpuziewicz.com_OUSPRD_110222090840|01-NOV-22|21|1|2|8|191
rac194.wpuziewicz.com_OUSPRD_110222090840|01-NOV-22|21|2|2|8|77
rac194.wpuziewicz.com_OUSPRD_110222090840|01-NOV-22|22|2|2|8|77
rac194.wpuziewicz.com_OUSPRD_110222090840|02-NOV-22|00|1|1|8|330
rac194.wpuziewicz.com_OUSPRD_110222090840|02-NOV-22|00|2|1|8|191
rac194.wpuziewicz.com_OUSPRD_110222090840|02-NOV-22|02|1|1|6|138
rac194.wpuziewicz.com_OUSPRD_110222090840|02-NOV-22|04|2|1|8|52
rac194.wpuziewicz.com_OUSPRD_110222090840|02-NOV-22|06|2|2|8|67
rac194.wpuziewicz.com_OUSPRD_110222090840|02-NOV-22|08|2|2|8|69
rac194.wpuziewicz.com_OUSPRD_110222090840|22-OCT-22|03|2|2|8|99
rac194.wpuziewicz.com_OUSPRD_110222090840|22-OCT-22|05|2|1|8|55
rac194.wpuziewicz.com_OUSPRD_110222090840|22-OCT-22|05|2|2|8|55
rac194.wpuziewicz.com_OUSPRD_110222090840|22-OCT-22|06|2|1|8|88
rac194.wpuziewicz.com_OUSPRD_110222090840|22-OCT-22|06|2|2|8|88
rac194.wpuziewicz.com_OUSPRD_110222090840|22-OCT-22|07|2|1|8|50
rac194.wpuziewicz.com_OUSPRD_110222090840|22-OCT-22|08|1|1|8|355
rac194.wpuziewicz.com_OUSPRD_110222090840|22-OCT-22|09|2|2|8|59
rac194.wpuziewicz.com_OUSPRD_110222090840|22-OCT-22|11|1|2|6|66
rac194.wpuziewicz.com_OUSPRD_110222090840|22-OCT-22|13|2|2|8|167
rac194.wpuziewicz.com_OUSPRD_110222090840|22-OCT-22|15|2|2|8|151
rac194.wpuziewicz.com_OUSPRD_110222090840|22-OCT-22|16|2|2|10|205
rac194.wpuziewicz.com_OUSPRD_110222090840|22-OCT-22|16|1|2|8|152
rac194.wpuziewicz.com_OUSPRD_110222090840|22-OCT-22|19|1|1|14|1347
rac194.wpuziewicz.com_OUSPRD_110222090840|22-OCT-22|20|2|2|8|184
rac194.wpuziewicz.com_OUSPRD_110222090840|22-OCT-22|22|1|1|8|94
rac194.wpuziewicz.com_OUSPRD_110222090840|23-OCT-22|04|1|1|8|97
rac194.wpuziewicz.com_OUSPRD_110222090840|23-OCT-22|08|2|1|8|161
rac194.wpuziewicz.com_OUSPRD_110222090840|23-OCT-22|10|2|2|8|175
rac194.wpuziewicz.com_OUSPRD_110222090840|23-OCT-22|12|2|2|8|161
rac194.wpuziewicz.com_OUSPRD_110222090840|23-OCT-22|15|2|1|8|140
rac194.wpuziewicz.com_OUSPRD_110222090840|23-OCT-22|16|2|1|8|140
rac194.wpuziewicz.com_OUSPRD_110222090840|24-OCT-22|01|2|1|10|222
rac194.wpuziewicz.com_OUSPRD_110222090840|24-OCT-22|02|1|2|8|124
rac194.wpuziewicz.com_OUSPRD_110222090840|24-OCT-22|02|2|1|6|85
rac194.wpuziewicz.com_OUSPRD_110222090840|24-OCT-22|03|1|2|8|171
rac194.wpuziewicz.com_OUSPRD_110222090840|24-OCT-22|07|1|1|8|171
rac194.wpuziewicz.com_OUSPRD_110222090840|24-OCT-22|07|1|2|8|171
rac194.wpuziewicz.com_OUSPRD_110222090840|24-OCT-22|09|2|2|8|175
rac194.wpuziewicz.com_OUSPRD_110222090840|24-OCT-22|10|1|1|8|176
rac194.wpuziewicz.com_OUSPRD_110222090840|24-OCT-22|15|2|2|8|82
rac194.wpuziewicz.com_OUSPRD_110222090840|24-OCT-22|17|2|2|8|183
rac194.wpuziewicz.com_OUSPRD_110222090840|24-OCT-22|19|2|2|8|113
rac194.wpuziewicz.com_OUSPRD_110222090840|24-OCT-22|20|1|1|6|54
rac194.wpuziewicz.com_OUSPRD_110222090840|24-OCT-22|20|1|2|6|54
rac194.wpuziewicz.com_OUSPRD_110222090840|25-OCT-22|01|1|1|6|61
rac194.wpuziewicz.com_OUSPRD_110222090840|25-OCT-22|02|2|2|6|55
rac194.wpuziewicz.com_OUSPRD_110222090840|25-OCT-22|02|2|1|6|55
rac194.wpuziewicz.com_OUSPRD_110222090840|25-OCT-22|03|1|2|8|221
rac194.wpuziewicz.com_OUSPRD_110222090840|25-OCT-22|03|2|2|8|55
rac194.wpuziewicz.com_OUSPRD_110222090840|25-OCT-22|04|1|2|10|77
rac194.wpuziewicz.com_OUSPRD_110222090840|25-OCT-22|09|2|2|8|179
rac194.wpuziewicz.com_OUSPRD_110222090840|25-OCT-22|09|1|1|8|108
rac194.wpuziewicz.com_OUSPRD_110222090840|25-OCT-22|13|2|1|8|173
rac194.wpuziewicz.com_OUSPRD_110222090840|25-OCT-22|15|2|2|8|75
rac194.wpuziewicz.com_OUSPRD_110222090840|25-OCT-22|20|2|1|8|141
rac194.wpuziewicz.com_OUSPRD_110222090840|25-OCT-22|23|2|2|8|49
rac194.wpuziewicz.com_OUSPRD_110222090840|26-OCT-22|00|2|1|8|142
rac194.wpuziewicz.com_OUSPRD_110222090840|26-OCT-22|05|1|1|8|146
rac194.wpuziewicz.com_OUSPRD_110222090840|26-OCT-22|05|1|2|8|146
rac194.wpuziewicz.com_OUSPRD_110222090840|26-OCT-22|11|1|2|8|184
rac194.wpuziewicz.com_OUSPRD_110222090840|26-OCT-22|11|1|1|8|184
rac194.wpuziewicz.com_OUSPRD_110222090840|26-OCT-22|14|2|2|8|84
rac194.wpuziewicz.com_OUSPRD_110222090840|26-OCT-22|14|1|2|8|180
rac194.wpuziewicz.com_OUSPRD_110222090840|26-OCT-22|15|1|1|8|180
rac194.wpuziewicz.com_OUSPRD_110222090840|26-OCT-22|16|2|2|8|148
rac194.wpuziewicz.com_OUSPRD_110222090840|26-OCT-22|17|2|2|8|75
rac194.wpuziewicz.com_OUSPRD_110222090840|26-OCT-22|23|1|2|8|160
rac194.wpuziewicz.com_OUSPRD_110222090840|27-OCT-22|00|1|1|8|291
rac194.wpuziewicz.com_OUSPRD_110222090840|27-OCT-22|00|2|1|8|135
rac194.wpuziewicz.com_OUSPRD_110222090840|27-OCT-22|01|2|1|8|76
rac194.wpuziewicz.com_OUSPRD_110222090840|27-OCT-22|04|2|2|8|177
rac194.wpuziewicz.com_OUSPRD_110222090840|27-OCT-22|08|2|1|8|159
rac194.wpuziewicz.com_OUSPRD_110222090840|27-OCT-22|08|1|2|8|106
rac194.wpuziewicz.com_OUSPRD_110222090840|27-OCT-22|11|2|2|8|192
rac194.wpuziewicz.com_OUSPRD_110222090840|27-OCT-22|18|1|2|10|96
rac194.wpuziewicz.com_OUSPRD_110222090840|27-OCT-22|20|2|2|8|130
rac194.wpuziewicz.com_OUSPRD_110222090840|27-OCT-22|23|1|2|8|95
rac194.wpuziewicz.com_OUSPRD_110222090840|28-OCT-22|00|1|2|8|230
rac194.wpuziewicz.com_OUSPRD_110222090840|28-OCT-22|01|1|1|8|93
rac194.wpuziewicz.com_OUSPRD_110222090840|28-OCT-22|01|2|2|8|169
rac194.wpuziewicz.com_OUSPRD_110222090840|28-OCT-22|03|1|2|8|120
rac194.wpuziewicz.com_OUSPRD_110222090840|28-OCT-22|06|2|2|8|193
rac194.wpuziewicz.com_OUSPRD_110222090840|28-OCT-22|09|2|2|8|169
rac194.wpuziewicz.com_OUSPRD_110222090840|28-OCT-22|11|2|1|8|75
rac194.wpuziewicz.com_OUSPRD_110222090840|28-OCT-22|11|2|2|8|75
rac194.wpuziewicz.com_OUSPRD_110222090840|28-OCT-22|12|1|1|8|162
rac194.wpuziewicz.com_OUSPRD_110222090840|28-OCT-22|15|2|2|8|105
rac194.wpuziewicz.com_OUSPRD_110222090840|28-OCT-22|19|1|2|8|154
rac194.wpuziewicz.com_OUSPRD_110222090840|28-OCT-22|20|2|2|8|122
rac194.wpuziewicz.com_OUSPRD_110222090840|28-OCT-22|22|2|1|14|1436
rac194.wpuziewicz.com_OUSPRD_110222090840|29-OCT-22|00|2|2|8|351
rac194.wpuziewicz.com_OUSPRD_110222090840|29-OCT-22|02|1|1|8|156
rac194.wpuziewicz.com_OUSPRD_110222090840|29-OCT-22|02|2|1|8|186
rac194.wpuziewicz.com_OUSPRD_110222090840|29-OCT-22|10|2|1|8|107
rac194.wpuziewicz.com_OUSPRD_110222090840|29-OCT-22|14|2|2|8|149
rac194.wpuziewicz.com_OUSPRD_110222090840|29-OCT-22|18|1|1|10|155
rac194.wpuziewicz.com_OUSPRD_110222090840|29-OCT-22|19|1|2|10|276
rac194.wpuziewicz.com_OUSPRD_110222090840|29-OCT-22|21|2|2|8|193
rac194.wpuziewicz.com_OUSPRD_110222090840|29-OCT-22|22|2|1|8|45
rac194.wpuziewicz.com_OUSPRD_110222090840|30-OCT-22|00|2|2|8|150
rac194.wpuziewicz.com_OUSPRD_110222090840|30-OCT-22|04|2|2|8|133
rac194.wpuziewicz.com_OUSPRD_110222090840|30-OCT-22|04|1|1|8|133
rac194.wpuziewicz.com_OUSPRD_110222090840|30-OCT-22|13|2|1|8|123
rac194.wpuziewicz.com_OUSPRD_110222090840|30-OCT-22|13|1|1|8|144
rac194.wpuziewicz.com_OUSPRD_110222090840|30-OCT-22|13|1|2|8|144
rac194.wpuziewicz.com_OUSPRD_110222090840|30-OCT-22|15|1|1|8|196
rac194.wpuziewicz.com_OUSPRD_110222090840|30-OCT-22|17|2|1|6|52
rac194.wpuziewicz.com_OUSPRD_110222090840|30-OCT-22|20|2|2|8|175
rac194.wpuziewicz.com_OUSPRD_110222090840|30-OCT-22|20|2|1|8|175
rac194.wpuziewicz.com_OUSPRD_110222090840|30-OCT-22|21|2|2|8|77
rac194.wpuziewicz.com_OUSPRD_110222090840|31-OCT-22|05|1|2|8|170
rac194.wpuziewicz.com_OUSPRD_110222090840|31-OCT-22|10|1|1|8|204
rac194.wpuziewicz.com_OUSPRD_110222090840|31-OCT-22|10|2|2|8|72
rac194.wpuziewicz.com_OUSPRD_110222090840|31-OCT-22|12|2|1|10|205
rac194.wpuziewicz.com_OUSPRD_110222090840|31-OCT-22|12|2|2|10|205
rac194.wpuziewicz.com_OUSPRD_110222090840|31-OCT-22|14|1|1|8|212
rac194.wpuziewicz.com_OUSPRD_110222090840|31-OCT-22|14|1|2|8|212
rac194.wpuziewicz.com_OUSPRD_110222090840|31-OCT-22|15|2|1|8|101
rac194.wpuziewicz.com_OUSPRD_110222090840|31-OCT-22|20|1|1|8|103
rac194.wpuziewicz.com_OUSPRD_110222090840|31-OCT-22|20|2|2|8|150
rac194.wpuziewicz.com_OUSPRD_110222090840|31-OCT-22|22|1|1|8|183
rac194.wpuziewicz.com_OUSPRD_110222090840|01-NOV-22|00|2|2|8|307
rac194.wpuziewicz.com_OUSPRD_110222090840|01-NOV-22|04|1|2|10|179
rac194.wpuziewicz.com_OUSPRD_110222090840|01-NOV-22|06|1|1|10|204
rac194.wpuziewicz.com_OUSPRD_110222090840|01-NOV-22|08|1|2|8|151
rac194.wpuziewicz.com_OUSPRD_110222090840|01-NOV-22|09|1|2|8|192
rac194.wpuziewicz.com_OUSPRD_110222090840|01-NOV-22|09|2|1|8|59
rac194.wpuziewicz.com_OUSPRD_110222090840|01-NOV-22|10|2|2|8|76
rac194.wpuziewicz.com_OUSPRD_110222090840|01-NOV-22|12|1|1|8|129
rac194.wpuziewicz.com_OUSPRD_110222090840|01-NOV-22|13|2|1|8|69
rac194.wpuziewicz.com_OUSPRD_110222090840|01-NOV-22|14|2|2|8|76
rac194.wpuziewicz.com_OUSPRD_110222090840|01-NOV-22|16|1|2|6|104
rac194.wpuziewicz.com_OUSPRD_110222090840|01-NOV-22|18|2|2|10|85
rac194.wpuziewicz.com_OUSPRD_110222090840|01-NOV-22|19|2|1|14|1418
rac194.wpuziewicz.com_OUSPRD_110222090840|01-NOV-22|20|1|2|8|193
rac194.wpuziewicz.com_OUSPRD_110222090840|01-NOV-22|23|1|1|8|91
rac194.wpuziewicz.com_OUSPRD_110222090840|01-NOV-22|23|2|2|8|130
rac194.wpuziewicz.com_OUSPRD_110222090840|02-NOV-22|03|1|1|8|116
rac194.wpuziewicz.com_OUSPRD_110222090840|02-NOV-22|04|1|2|10|253
rac194.wpuziewicz.com_OUSPRD_110222090840|02-NOV-22|05|2|1|8|84
rac194.wpuziewicz.com_OUSPRD_110222090840|22-OCT-22|03|2|1|8|99
rac194.wpuziewicz.com_OUSPRD_110222090840|22-OCT-22|06|1|2|10|176
rac194.wpuziewicz.com_OUSPRD_110222090840|22-OCT-22|08|2|1|8|59
rac194.wpuziewicz.com_OUSPRD_110222090840|22-OCT-22|09|2|1|8|59
rac194.wpuziewicz.com_OUSPRD_110222090840|22-OCT-22|11|2|1|8|174
rac194.wpuziewicz.com_OUSPRD_110222090840|22-OCT-22|13|1|1|8|95
rac194.wpuziewicz.com_OUSPRD_110222090840|22-OCT-22|14|2|2|8|175
rac194.wpuziewicz.com_OUSPRD_110222090840|22-OCT-22|17|1|1|8|102
rac194.wpuziewicz.com_OUSPRD_110222090840|22-OCT-22|19|1|2|14|1347
rac194.wpuziewicz.com_OUSPRD_110222090840|23-OCT-22|01|2|1|8|176
rac194.wpuziewicz.com_OUSPRD_110222090840|23-OCT-22|02|1|1|8|83
rac194.wpuziewicz.com_OUSPRD_110222090840|23-OCT-22|04|1|2|8|97
rac194.wpuziewicz.com_OUSPRD_110222090840|23-OCT-22|06|2|2|8|183
rac194.wpuziewicz.com_OUSPRD_110222090840|23-OCT-22|10|2|1|8|175
rac194.wpuziewicz.com_OUSPRD_110222090840|23-OCT-22|11|2|2|8|119
rac194.wpuziewicz.com_OUSPRD_110222090840|23-OCT-22|13|1|2|8|102
rac194.wpuziewicz.com_OUSPRD_110222090840|23-OCT-22|14|2|1|8|167
rac194.wpuziewicz.com_OUSPRD_110222090840|23-OCT-22|16|1|1|8|145
rac194.wpuziewicz.com_OUSPRD_110222090840|23-OCT-22|20|1|1|8|101
rac194.wpuziewicz.com_OUSPRD_110222090840|23-OCT-22|22|1|1|8|113
rac194.wpuziewicz.com_OUSPRD_110222090840|23-OCT-22|23|1|1|8|127
rac194.wpuziewicz.com_OUSPRD_110222090840|23-OCT-22|23|2|2|8|89
rac194.wpuziewicz.com_OUSPRD_110222090840|24-OCT-22|00|2|1|8|177
rac194.wpuziewicz.com_OUSPRD_110222090840|24-OCT-22|04|2|2|8|191
rac194.wpuziewicz.com_OUSPRD_110222090840|24-OCT-22|10|2|1|8|95
rac194.wpuziewicz.com_OUSPRD_110222090840|24-OCT-22|11|1|2|8|183
rac194.wpuziewicz.com_OUSPRD_110222090840|24-OCT-22|11|1|1|8|183
rac194.wpuziewicz.com_OUSPRD_110222090840|24-OCT-22|11|2|2|8|84
rac194.wpuziewicz.com_OUSPRD_110222090840|24-OCT-22|13|2|2|8|194
rac194.wpuziewicz.com_OUSPRD_110222090840|24-OCT-22|13|2|1|8|194
rac194.wpuziewicz.com_OUSPRD_110222090840|24-OCT-22|14|2|2|8|85
rac194.wpuziewicz.com_OUSPRD_110222090840|24-OCT-22|18|1|2|10|197
rac194.wpuziewicz.com_OUSPRD_110222090840|24-OCT-22|18|2|2|8|62
rac194.wpuziewicz.com_OUSPRD_110222090840|24-OCT-22|19|2|1|8|113
rac194.wpuziewicz.com_OUSPRD_110222090840|24-OCT-22|23|2|1|8|67
rac194.wpuziewicz.com_OUSPRD_110222090840|24-OCT-22|23|2|2|8|67
rac194.wpuziewicz.com_OUSPRD_110222090840|25-OCT-22|01|2|2|10|221
rac194.wpuziewicz.com_OUSPRD_110222090840|25-OCT-22|08|1|2|8|92
rac194.wpuziewicz.com_OUSPRD_110222090840|25-OCT-22|10|1|1|8|172
rac194.wpuziewicz.com_OUSPRD_110222090840|25-OCT-22|10|2|2|8|68
rac194.wpuziewicz.com_OUSPRD_110222090840|25-OCT-22|10|2|1|8|68
rac194.wpuziewicz.com_OUSPRD_110222090840|25-OCT-22|11|1|1|8|173
rac194.wpuziewicz.com_OUSPRD_110222090840|25-OCT-22|13|1|2|8|105
rac194.wpuziewicz.com_OUSPRD_110222090840|25-OCT-22|14|1|1|8|192
rac194.wpuziewicz.com_OUSPRD_110222090840|25-OCT-22|15|2|1|8|75
rac194.wpuziewicz.com_OUSPRD_110222090840|25-OCT-22|16|1|1|8|90
rac194.wpuziewicz.com_OUSPRD_110222090840|25-OCT-22|18|1|2|10|207
rac194.wpuziewicz.com_OUSPRD_110222090840|25-OCT-22|21|1|1|10|201
rac194.wpuziewicz.com_OUSPRD_110222090840|25-OCT-22|23|1|1|8|168
rac194.wpuziewicz.com_OUSPRD_110222090840|25-OCT-22|23|1|2|8|168
rac194.wpuziewicz.com_OUSPRD_110222090840|25-OCT-22|23|2|1|8|49
rac194.wpuziewicz.com_OUSPRD_110222090840|26-OCT-22|00|1|1|8|333
rac194.wpuziewicz.com_OUSPRD_110222090840|26-OCT-22|03|1|1|6|125
rac194.wpuziewicz.com_OUSPRD_110222090840|26-OCT-22|05|2|1|8|122
rac194.wpuziewicz.com_OUSPRD_110222090840|26-OCT-22|07|2|2|8|52
rac194.wpuziewicz.com_OUSPRD_110222090840|26-OCT-22|07|2|1|8|52
rac194.wpuziewicz.com_OUSPRD_110222090840|26-OCT-22|08|2|2|8|139
rac194.wpuziewicz.com_OUSPRD_110222090840|26-OCT-22|09|1|1|8|161
rac194.wpuziewicz.com_OUSPRD_110222090840|26-OCT-22|16|2|1|8|148
rac194.wpuziewicz.com_OUSPRD_110222090840|26-OCT-22|16|1|1|8|132
rac194.wpuziewicz.com_OUSPRD_110222090840|26-OCT-22|17|1|1|8|173
rac194.wpuziewicz.com_OUSPRD_110222090840|26-OCT-22|17|1|2|8|173
rac194.wpuziewicz.com_OUSPRD_110222090840|26-OCT-22|18|1|1|8|181
rac194.wpuziewicz.com_OUSPRD_110222090840|27-OCT-22|04|2|1|8|177
rac194.wpuziewicz.com_OUSPRD_110222090840|27-OCT-22|07|2|1|8|176
rac194.wpuziewicz.com_OUSPRD_110222090840|27-OCT-22|07|1|1|8|89
rac194.wpuziewicz.com_OUSPRD_110222090840|27-OCT-22|09|2|2|8|177
rac194.wpuziewicz.com_OUSPRD_110222090840|27-OCT-22|12|1|1|8|98
rac194.wpuziewicz.com_OUSPRD_110222090840|27-OCT-22|13|1|1|8|70
rac194.wpuziewicz.com_OUSPRD_110222090840|27-OCT-22|19|2|1|8|176
rac194.wpuziewicz.com_OUSPRD_110222090840|27-OCT-22|20|1|1|10|167
rac194.wpuziewicz.com_OUSPRD_110222090840|27-OCT-22|21|2|1|8|169
rac194.wpuziewicz.com_OUSPRD_110222090840|27-OCT-22|23|1|1|8|95
rac194.wpuziewicz.com_OUSPRD_110222090840|28-OCT-22|00|2|1|8|239
rac194.wpuziewicz.com_OUSPRD_110222090840|28-OCT-22|05|2|1|8|159
rac194.wpuziewicz.com_OUSPRD_110222090840|28-OCT-22|08|1|2|10|181
rac194.wpuziewicz.com_OUSPRD_110222090840|28-OCT-22|08|2|2|10|159
rac194.wpuziewicz.com_OUSPRD_110222090840|28-OCT-22|10|2|2|8|176
rac194.wpuziewicz.com_OUSPRD_110222090840|28-OCT-22|13|1|2|8|89
rac194.wpuziewicz.com_OUSPRD_110222090840|28-OCT-22|13|2|1|8|176
rac194.wpuziewicz.com_OUSPRD_110222090840|28-OCT-22|14|2|2|8|176
rac194.wpuziewicz.com_OUSPRD_110222090840|28-OCT-22|15|2|1|8|105
rac194.wpuziewicz.com_OUSPRD_110222090840|28-OCT-22|17|1|1|8|94
rac194.wpuziewicz.com_OUSPRD_110222090840|28-OCT-22|21|1|2|8|84
rac194.wpuziewicz.com_OUSPRD_110222090840|29-OCT-22|03|1|2|8|172
rac194.wpuziewicz.com_OUSPRD_110222090840|29-OCT-22|04|1|2|8|160
rac194.wpuziewicz.com_OUSPRD_110222090840|29-OCT-22|07|2|1|8|84
rac194.wpuziewicz.com_OUSPRD_110222090840|29-OCT-22|08|2|2|8|131
rac194.wpuziewicz.com_OUSPRD_110222090840|29-OCT-22|09|1|1|10|111
rac194.wpuziewicz.com_OUSPRD_110222090840|29-OCT-22|13|1|1|8|73
rac194.wpuziewicz.com_OUSPRD_110222090840|29-OCT-22|13|2|2|8|192
rac194.wpuziewicz.com_OUSPRD_110222090840|29-OCT-22|15|2|2|8|69
rac194.wpuziewicz.com_OUSPRD_110222090840|29-OCT-22|18|2|1|10|132
rac194.wpuziewicz.com_OUSPRD_110222090840|29-OCT-22|21|1|1|8|75
rac194.wpuziewicz.com_OUSPRD_110222090840|29-OCT-22|23|2|1|8|49
rac194.wpuziewicz.com_OUSPRD_110222090840|30-OCT-22|02|1|1|8|194
rac194.wpuziewicz.com_OUSPRD_110222090840|30-OCT-22|06|2|2|8|55
rac194.wpuziewicz.com_OUSPRD_110222090840|30-OCT-22|07|1|2|8|190
rac194.wpuziewicz.com_OUSPRD_110222090840|30-OCT-22|08|2|2|8|157
rac194.wpuziewicz.com_OUSPRD_110222090840|30-OCT-22|10|2|2|8|65
rac194.wpuziewicz.com_OUSPRD_110222090840|30-OCT-22|11|2|2|8|76
rac194.wpuziewicz.com_OUSPRD_110222090840|30-OCT-22|15|2|2|8|77
rac194.wpuziewicz.com_OUSPRD_110222090840|30-OCT-22|16|2|2|10|241
rac194.wpuziewicz.com_OUSPRD_110222090840|30-OCT-22|17|1|2|8|151
rac194.wpuziewicz.com_OUSPRD_110222090840|30-OCT-22|17|2|2|6|52
rac194.wpuziewicz.com_OUSPRD_110222090840|30-OCT-22|18|1|1|10|192
rac194.wpuziewicz.com_OUSPRD_110222090840|30-OCT-22|19|1|2|10|245
rac194.wpuziewicz.com_OUSPRD_110222090840|30-OCT-22|21|2|1|8|77
rac194.wpuziewicz.com_OUSPRD_110222090840|30-OCT-22|23|1|1|8|145
rac194.wpuziewicz.com_OUSPRD_110222090840|31-OCT-22|04|1|2|8|75
rac194.wpuziewicz.com_OUSPRD_110222090840|31-OCT-22|04|2|1|8|175
rac194.wpuziewicz.com_OUSPRD_110222090840|31-OCT-22|05|2|1|8|102
rac194.wpuziewicz.com_OUSPRD_110222090840|31-OCT-22|10|1|2|8|204
rac194.wpuziewicz.com_OUSPRD_110222090840|31-OCT-22|12|1|2|10|99
rac194.wpuziewicz.com_OUSPRD_110222090840|31-OCT-22|13|1|1|8|198
rac194.wpuziewicz.com_OUSPRD_110222090840|31-OCT-22|15|1|2|8|195
rac194.wpuziewicz.com_OUSPRD_110222090840|31-OCT-22|16|2|1|8|196
rac194.wpuziewicz.com_OUSPRD_110222090840|31-OCT-22|17|2|2|8|43
rac194.wpuziewicz.com_OUSPRD_110222090840|31-OCT-22|20|1|2|8|103
rac194.wpuziewicz.com_OUSPRD_110222090840|31-OCT-22|21|1|1|8|189
rac194.wpuziewicz.com_OUSPRD_110222090840|31-OCT-22|21|1|2|8|189
rac194.wpuziewicz.com_OUSPRD_110222090840|31-OCT-22|22|2|2|8|67
rac194.wpuziewicz.com_OUSPRD_110222090840|01-NOV-22|00|1|2|8|223
rac194.wpuziewicz.com_OUSPRD_110222090840|01-NOV-22|01|1|2|8|224
rac194.wpuziewicz.com_OUSPRD_110222090840|01-NOV-22|08|1|1|8|151
rac194.wpuziewicz.com_OUSPRD_110222090840|01-NOV-22|08|2|2|8|133
rac194.wpuziewicz.com_OUSPRD_110222090840|01-NOV-22|14|1|1|8|214
rac194.wpuziewicz.com_OUSPRD_110222090840|01-NOV-22|15|2|2|10|171
rac194.wpuziewicz.com_OUSPRD_110222090840|01-NOV-22|19|1|2|8|109
rac194.wpuziewicz.com_OUSPRD_110222090840|01-NOV-22|22|1|1|8|190
rac194.wpuziewicz.com_OUSPRD_110222090840|01-NOV-22|22|2|1|8|77
rac194.wpuziewicz.com_OUSPRD_110222090840|02-NOV-22|00|1|2|8|330
rac194.wpuziewicz.com_OUSPRD_110222090840|02-NOV-22|01|2|2|8|69
rac194.wpuziewicz.com_OUSPRD_110222090840|02-NOV-22|03|2|2|8|176
rac194.wpuziewicz.com_OUSPRD_110222090840|02-NOV-22|05|2|2|8|84
rac194.wpuziewicz.com_OUSPRD_110222090840|02-NOV-22|05|1|2|6|133
rac194.wpuziewicz.com_OUSPRD_110222090840|02-NOV-22|06|1|1|10|215
rac194.wpuziewicz.com_OUSPRD_110222090840|02-NOV-22|06|2|1|8|67
rac194.wpuziewicz.com_OUSPRD_110222090840|22-OCT-22|07|2|2|8|50
rac194.wpuziewicz.com_OUSPRD_110222090840|22-OCT-22|11|2|2|8|174
rac194.wpuziewicz.com_OUSPRD_110222090840|22-OCT-22|11|1|1|6|66
rac194.wpuziewicz.com_OUSPRD_110222090840|22-OCT-22|18|1|1|10|67
rac194.wpuziewicz.com_OUSPRD_110222090840|22-OCT-22|20|1|1|8|98
rac194.wpuziewicz.com_OUSPRD_110222090840|22-OCT-22|21|2|2|8|175
rac194.wpuziewicz.com_OUSPRD_110222090840|22-OCT-22|22|2|2|8|167
rac194.wpuziewicz.com_OUSPRD_110222090840|22-OCT-22|23|1|1|8|79
rac194.wpuziewicz.com_OUSPRD_110222090840|23-OCT-22|02|1|2|8|83
rac194.wpuziewicz.com_OUSPRD_110222090840|23-OCT-22|02|2|2|8|186
rac194.wpuziewicz.com_OUSPRD_110222090840|23-OCT-22|04|2|1|8|144
rac194.wpuziewicz.com_OUSPRD_110222090840|23-OCT-22|10|1|1|8|88
rac194.wpuziewicz.com_OUSPRD_110222090840|23-OCT-22|14|1|1|8|92
rac194.wpuziewicz.com_OUSPRD_110222090840|23-OCT-22|15|2|2|8|140
rac194.wpuziewicz.com_OUSPRD_110222090840|23-OCT-22|17|2|1|8|153
rac194.wpuziewicz.com_OUSPRD_110222090840|23-OCT-22|18|1|2|10|111
rac194.wpuziewicz.com_OUSPRD_110222090840|23-OCT-22|18|2|1|8|176
rac194.wpuziewicz.com_OUSPRD_110222090840|23-OCT-22|22|2|2|8|150
rac194.wpuziewicz.com_OUSPRD_110222090840|23-OCT-22|23|1|2|8|127
rac194.wpuziewicz.com_OUSPRD_110222090840|24-OCT-22|00|1|1|8|120
rac194.wpuziewicz.com_OUSPRD_110222090840|24-OCT-22|04|1|1|8|73
rac194.wpuziewicz.com_OUSPRD_110222090840|24-OCT-22|05|1|1|8|81
rac194.wpuziewicz.com_OUSPRD_110222090840|24-OCT-22|07|2|1|8|115
rac194.wpuziewicz.com_OUSPRD_110222090840|24-OCT-22|13|1|1|8|74
rac194.wpuziewicz.com_OUSPRD_110222090840|24-OCT-22|17|2|1|8|183
rac194.wpuziewicz.com_OUSPRD_110222090840|24-OCT-22|19|1|2|10|201
rac194.wpuziewicz.com_OUSPRD_110222090840|24-OCT-22|21|1|2|8|68
rac194.wpuziewicz.com_OUSPRD_110222090840|24-OCT-22|22|1|2|10|200
rac194.wpuziewicz.com_OUSPRD_110222090840|24-OCT-22|22|2|2|14|1474
rac194.wpuziewicz.com_OUSPRD_110222090840|24-OCT-22|22|2|1|14|1474
rac194.wpuziewicz.com_OUSPRD_110222090840|25-OCT-22|01|2|1|10|221
rac194.wpuziewicz.com_OUSPRD_110222090840|25-OCT-22|09|1|2|8|108
rac194.wpuziewicz.com_OUSPRD_110222090840|25-OCT-22|12|2|2|8|158
rac194.wpuziewicz.com_OUSPRD_110222090840|25-OCT-22|15|1|2|8|196
rac194.wpuziewicz.com_OUSPRD_110222090840|25-OCT-22|16|2|1|8|174
rac194.wpuziewicz.com_OUSPRD_110222090840|25-OCT-22|17|1|1|8|88
rac194.wpuziewicz.com_OUSPRD_110222090840|25-OCT-22|19|1|2|8|189
rac194.wpuziewicz.com_OUSPRD_110222090840|25-OCT-22|19|1|1|8|189
rac194.wpuziewicz.com_OUSPRD_110222090840|26-OCT-22|00|2|2|8|142
rac194.wpuziewicz.com_OUSPRD_110222090840|26-OCT-22|02|2|2|8|68
rac194.wpuziewicz.com_OUSPRD_110222090840|26-OCT-22|03|2|1|6|56
rac194.wpuziewicz.com_OUSPRD_110222090840|26-OCT-22|06|2|2|10|76
rac194.wpuziewicz.com_OUSPRD_110222090840|26-OCT-22|09|2|2|8|104
rac194.wpuziewicz.com_OUSPRD_110222090840|26-OCT-22|10|1|1|8|197
rac194.wpuziewicz.com_OUSPRD_110222090840|26-OCT-22|11|2|1|8|75
rac194.wpuziewicz.com_OUSPRD_110222090840|26-OCT-22|11|2|2|8|75
rac194.wpuziewicz.com_OUSPRD_110222090840|26-OCT-22|12|1|1|10|107
rac194.wpuziewicz.com_OUSPRD_110222090840|26-OCT-22|13|2|1|8|94
rac194.wpuziewicz.com_OUSPRD_110222090840|26-OCT-22|14|2|1|8|84
rac194.wpuziewicz.com_OUSPRD_110222090840|26-OCT-22|15|2|1|8|83
rac194.wpuziewicz.com_OUSPRD_110222090840|26-OCT-22|19|2|1|8|68
rac194.wpuziewicz.com_OUSPRD_110222090840|26-OCT-22|20|2|2|8|157
rac194.wpuziewicz.com_OUSPRD_110222090840|27-OCT-22|05|1|1|8|97
rac194.wpuziewicz.com_OUSPRD_110222090840|27-OCT-22|05|2|2|10|168
rac194.wpuziewicz.com_OUSPRD_110222090840|27-OCT-22|06|2|1|8|176
rac194.wpuziewicz.com_OUSPRD_110222090840|27-OCT-22|10|1|2|8|88
rac194.wpuziewicz.com_OUSPRD_110222090840|27-OCT-22|13|2|2|8|192
rac194.wpuziewicz.com_OUSPRD_110222090840|27-OCT-22|14|2|2|8|188
rac194.wpuziewicz.com_OUSPRD_110222090840|27-OCT-22|15|1|2|8|79
rac194.wpuziewicz.com_OUSPRD_110222090840|27-OCT-22|16|1|1|8|126
rac194.wpuziewicz.com_OUSPRD_110222090840|27-OCT-22|17|1|1|8|73
rac194.wpuziewicz.com_OUSPRD_110222090840|27-OCT-22|18|1|1|10|96
rac194.wpuziewicz.com_OUSPRD_110222090840|27-OCT-22|22|1|1|10|108
rac194.wpuziewicz.com_OUSPRD_110222090840|28-OCT-22|02|2|1|8|161
rac194.wpuziewicz.com_OUSPRD_110222090840|28-OCT-22|03|1|1|8|120
rac194.wpuziewicz.com_OUSPRD_110222090840|28-OCT-22|06|1|1|10|74
rac194.wpuziewicz.com_OUSPRD_110222090840|28-OCT-22|08|2|1|10|159
rac194.wpuziewicz.com_OUSPRD_110222090840|28-OCT-22|10|1|2|8|89
rac194.wpuziewicz.com_OUSPRD_110222090840|28-OCT-22|18|2|1|8|193
rac194.wpuziewicz.com_OUSPRD_110222090840|28-OCT-22|19|2|1|8|112
rac194.wpuziewicz.com_OUSPRD_110222090840|28-OCT-22|21|2|1|8|177
rac194.wpuziewicz.com_OUSPRD_110222090840|28-OCT-22|21|2|2|8|177
rac194.wpuziewicz.com_OUSPRD_110222090840|28-OCT-22|23|1|1|8|136
rac194.wpuziewicz.com_OUSPRD_110222090840|28-OCT-22|23|1|2|8|136
rac194.wpuziewicz.com_OUSPRD_110222090840|29-OCT-22|03|1|1|8|172
rac194.wpuziewicz.com_OUSPRD_110222090840|29-OCT-22|08|1|2|8|351
rac194.wpuziewicz.com_OUSPRD_110222090840|29-OCT-22|09|2|2|10|232
rac194.wpuziewicz.com_OUSPRD_110222090840|29-OCT-22|09|2|1|10|232
rac194.wpuziewicz.com_OUSPRD_110222090840|29-OCT-22|11|2|1|6|57
rac194.wpuziewicz.com_OUSPRD_110222090840|29-OCT-22|11|2|2|6|57
rac194.wpuziewicz.com_OUSPRD_110222090840|29-OCT-22|14|2|1|8|149
rac194.wpuziewicz.com_OUSPRD_110222090840|29-OCT-22|15|2|1|8|69
rac194.wpuziewicz.com_OUSPRD_110222090840|29-OCT-22|16|1|1|8|149
rac194.wpuziewicz.com_OUSPRD_110222090840|29-OCT-22|17|1|1|8|73
rac194.wpuziewicz.com_OUSPRD_110222090840|29-OCT-22|17|2|2|8|193
rac194.wpuziewicz.com_OUSPRD_110222090840|29-OCT-22|19|2|2|12|1186
rac194.wpuziewicz.com_OUSPRD_110222090840|30-OCT-22|00|2|1|8|150
rac194.wpuziewicz.com_OUSPRD_110222090840|30-OCT-22|01|2|2|8|185
rac194.wpuziewicz.com_OUSPRD_110222090840|30-OCT-22|02|1|2|8|194
rac194.wpuziewicz.com_OUSPRD_110222090840|30-OCT-22|03|2|2|8|76
rac194.wpuziewicz.com_OUSPRD_110222090840|30-OCT-22|06|1|1|8|202
rac194.wpuziewicz.com_OUSPRD_110222090840|30-OCT-22|08|2|1|8|157
rac194.wpuziewicz.com_OUSPRD_110222090840|30-OCT-22|16|1|2|8|125
rac194.wpuziewicz.com_OUSPRD_110222090840|30-OCT-22|17|1|1|8|151
rac194.wpuziewicz.com_OUSPRD_110222090840|30-OCT-22|18|2|1|10|76
rac194.wpuziewicz.com_OUSPRD_110222090840|30-OCT-22|22|1|2|8|206
rac194.wpuziewicz.com_OUSPRD_110222090840|31-OCT-22|05|1|1|8|170
rac194.wpuziewicz.com_OUSPRD_110222090840|31-OCT-22|08|1|2|8|82
rac194.wpuziewicz.com_OUSPRD_110222090840|31-OCT-22|09|1|2|8|209
rac194.wpuziewicz.com_OUSPRD_110222090840|31-OCT-22|10|2|1|8|72
rac194.wpuziewicz.com_OUSPRD_110222090840|31-OCT-22|12|1|1|10|99
rac194.wpuziewicz.com_OUSPRD_110222090840|31-OCT-22|14|2|2|8|61
rac194.wpuziewicz.com_OUSPRD_110222090840|31-OCT-22|18|2|2|8|61
rac194.wpuziewicz.com_OUSPRD_110222090840|31-OCT-22|20|2|1|8|150
rac194.wpuziewicz.com_OUSPRD_110222090840|01-NOV-22|03|1|2|8|153
rac194.wpuziewicz.com_OUSPRD_110222090840|01-NOV-22|05|1|1|6|141
rac194.wpuziewicz.com_OUSPRD_110222090840|01-NOV-22|06|1|2|10|204
rac194.wpuziewicz.com_OUSPRD_110222090840|01-NOV-22|12|2|1|8|142
rac194.wpuziewicz.com_OUSPRD_110222090840|01-NOV-22|13|1|1|8|196
rac194.wpuziewicz.com_OUSPRD_110222090840|01-NOV-22|17|1|2|8|190
rac194.wpuziewicz.com_OUSPRD_110222090840|01-NOV-22|17|2|2|6|58
rac194.wpuziewicz.com_OUSPRD_110222090840|01-NOV-22|18|1|1|12|211
rac194.wpuziewicz.com_OUSPRD_110222090840|01-NOV-22|18|1|2|12|211
rac194.wpuziewicz.com_OUSPRD_110222090840|01-NOV-22|18|2|1|10|85
rac194.wpuziewicz.com_OUSPRD_110222090840|01-NOV-22|20|1|1|8|193
rac194.wpuziewicz.com_OUSPRD_110222090840|01-NOV-22|20|2|1|8|103
rac194.wpuziewicz.com_OUSPRD_110222090840|01-NOV-22|23|1|2|8|91
rac194.wpuziewicz.com_OUSPRD_110222090840|02-NOV-22|01|1|1|10|260
rac194.wpuziewicz.com_OUSPRD_110222090840|02-NOV-22|01|2|1|8|69
rac194.wpuziewicz.com_OUSPRD_110222090840|02-NOV-22|07|1|1|8|87
rac194.wpuziewicz.com_OUSPRD_110222090840|02-NOV-22|08|1|1|8|239
rac194.wpuziewicz.com_OUSPRD_110222090840|22-OCT-22|03|1|2|6|128
rac194.wpuziewicz.com_OUSPRD_110222090840|22-OCT-22|05|1|2|6|127
rac194.wpuziewicz.com_OUSPRD_110222090840|22-OCT-22|08|1|2|8|355
rac194.wpuziewicz.com_OUSPRD_110222090840|22-OCT-22|10|1|2|10|204
rac194.wpuziewicz.com_OUSPRD_110222090840|22-OCT-22|12|1|2|10|115
rac194.wpuziewicz.com_OUSPRD_110222090840|22-OCT-22|13|1|2|8|95
rac194.wpuziewicz.com_OUSPRD_110222090840|22-OCT-22|17|2|2|8|112
rac194.wpuziewicz.com_OUSPRD_110222090840|22-OCT-22|18|1|2|10|67
rac194.wpuziewicz.com_OUSPRD_110222090840|22-OCT-22|20|1|2|8|98
rac194.wpuziewicz.com_OUSPRD_110222090840|22-OCT-22|23|2|1|8|178
rac194.wpuziewicz.com_OUSPRD_110222090840|23-OCT-22|01|1|2|8|84
rac194.wpuziewicz.com_OUSPRD_110222090840|23-OCT-22|01|2|2|8|176
rac194.wpuziewicz.com_OUSPRD_110222090840|23-OCT-22|05|2|1|8|175
rac194.wpuziewicz.com_OUSPRD_110222090840|23-OCT-22|07|1|1|8|150
rac194.wpuziewicz.com_OUSPRD_110222090840|23-OCT-22|09|1|2|8|103
rac194.wpuziewicz.com_OUSPRD_110222090840|23-OCT-22|12|1|1|8|139
rac194.wpuziewicz.com_OUSPRD_110222090840|23-OCT-22|12|2|1|8|161
rac194.wpuziewicz.com_OUSPRD_110222090840|23-OCT-22|13|2|2|8|160
rac194.wpuziewicz.com_OUSPRD_110222090840|23-OCT-22|21|1|2|8|81
rac194.wpuziewicz.com_OUSPRD_110222090840|23-OCT-22|21|2|2|8|183
rac194.wpuziewicz.com_OUSPRD_110222090840|24-OCT-22|00|2|2|8|177
rac194.wpuziewicz.com_OUSPRD_110222090840|24-OCT-22|04|1|2|8|73
rac194.wpuziewicz.com_OUSPRD_110222090840|24-OCT-22|05|2|1|8|183
rac194.wpuziewicz.com_OUSPRD_110222090840|24-OCT-22|06|1|1|10|126
rac194.wpuziewicz.com_OUSPRD_110222090840|24-OCT-22|06|1|2|10|126
rac194.wpuziewicz.com_OUSPRD_110222090840|24-OCT-22|06|2|2|10|137
rac194.wpuziewicz.com_OUSPRD_110222090840|24-OCT-22|12|1|2|10|97
rac194.wpuziewicz.com_OUSPRD_110222090840|24-OCT-22|12|2|2|8|171
rac194.wpuziewicz.com_OUSPRD_110222090840|24-OCT-22|16|1|1|8|87
rac194.wpuziewicz.com_OUSPRD_110222090840|24-OCT-22|21|1|1|8|68
rac194.wpuziewicz.com_OUSPRD_110222090840|24-OCT-22|21|2|1|8|199
rac194.wpuziewicz.com_OUSPRD_110222090840|25-OCT-22|00|2|1|8|223
rac194.wpuziewicz.com_OUSPRD_110222090840|25-OCT-22|02|1|1|8|171
rac194.wpuziewicz.com_OUSPRD_110222090840|25-OCT-22|04|1|1|10|77
rac194.wpuziewicz.com_OUSPRD_110222090840|25-OCT-22|06|2|1|10|76
rac194.wpuziewicz.com_OUSPRD_110222090840|25-OCT-22|07|1|2|8|181
rac194.wpuziewicz.com_OUSPRD_110222090840|25-OCT-22|08|2|2|8|172
rac194.wpuziewicz.com_OUSPRD_110222090840|25-OCT-22|11|2|2|8|89
rac194.wpuziewicz.com_OUSPRD_110222090840|25-OCT-22|12|1|1|8|106
rac194.wpuziewicz.com_OUSPRD_110222090840|25-OCT-22|13|1|1|8|105
rac194.wpuziewicz.com_OUSPRD_110222090840|25-OCT-22|14|2|1|8|64
rac194.wpuziewicz.com_OUSPRD_110222090840|25-OCT-22|16|1|2|8|90
rac194.wpuziewicz.com_OUSPRD_110222090840|25-OCT-22|20|1|2|8|118
rac194.wpuziewicz.com_OUSPRD_110222090840|25-OCT-22|20|2|2|8|141
rac194.wpuziewicz.com_OUSPRD_110222090840|25-OCT-22|22|1|1|8|178
rac194.wpuziewicz.com_OUSPRD_110222090840|26-OCT-22|00|1|2|8|333
rac194.wpuziewicz.com_OUSPRD_110222090840|26-OCT-22|01|1|2|8|170
rac194.wpuziewicz.com_OUSPRD_110222090840|26-OCT-22|04|1|1|8|124
rac194.wpuziewicz.com_OUSPRD_110222090840|26-OCT-22|04|2|2|8|141
rac194.wpuziewicz.com_OUSPRD_110222090840|26-OCT-22|06|1|1|10|185
rac194.wpuziewicz.com_OUSPRD_110222090840|26-OCT-22|07|1|1|8|216
rac194.wpuziewicz.com_OUSPRD_110222090840|26-OCT-22|08|1|2|8|125
rac194.wpuziewicz.com_OUSPRD_110222090840|26-OCT-22|08|2|1|8|139
rac194.wpuziewicz.com_OUSPRD_110222090840|26-OCT-22|09|1|2|8|161
rac194.wpuziewicz.com_OUSPRD_110222090840|26-OCT-22|10|1|2|8|197
rac194.wpuziewicz.com_OUSPRD_110222090840|26-OCT-22|12|1|2|10|107
rac194.wpuziewicz.com_OUSPRD_110222090840|26-OCT-22|13|1|2|8|170
rac194.wpuziewicz.com_OUSPRD_110222090840|26-OCT-22|16|1|2|8|132
rac194.wpuziewicz.com_OUSPRD_110222090840|26-OCT-22|19|1|1|8|193
rac194.wpuziewicz.com_OUSPRD_110222090840|26-OCT-22|19|1|2|8|193
rac194.wpuziewicz.com_OUSPRD_110222090840|26-OCT-22|21|1|1|8|185
rac194.wpuziewicz.com_OUSPRD_110222090840|26-OCT-22|23|2|1|8|57
rac194.wpuziewicz.com_OUSPRD_110222090840|27-OCT-22|00|1|2|8|291
rac194.wpuziewicz.com_OUSPRD_110222090840|27-OCT-22|00|2|2|8|135
rac194.wpuziewicz.com_OUSPRD_110222090840|27-OCT-22|06|2|2|8|176
rac194.wpuziewicz.com_OUSPRD_110222090840|27-OCT-22|07|1|2|8|89
rac194.wpuziewicz.com_OUSPRD_110222090840|27-OCT-22|09|2|1|8|177
rac194.wpuziewicz.com_OUSPRD_110222090840|27-OCT-22|11|1|1|8|73
rac194.wpuziewicz.com_OUSPRD_110222090840|27-OCT-22|12|2|1|8|168
rac194.wpuziewicz.com_OUSPRD_110222090840|27-OCT-22|14|1|1|8|84
rac194.wpuziewicz.com_OUSPRD_110222090840|27-OCT-22|18|2|1|8|169
rac194.wpuziewicz.com_OUSPRD_110222090840|27-OCT-22|20|2|1|8|130
rac194.wpuziewicz.com_OUSPRD_110222090840|27-OCT-22|21|1|2|6|70
rac194.wpuziewicz.com_OUSPRD_110222090840|28-OCT-22|02|1|1|8|108
rac194.wpuziewicz.com_OUSPRD_110222090840|28-OCT-22|04|1|2|8|146
rac194.wpuziewicz.com_OUSPRD_110222090840|28-OCT-22|05|1|1|8|105
rac194.wpuziewicz.com_OUSPRD_110222090840|28-OCT-22|05|2|2|8|159
rac194.wpuziewicz.com_OUSPRD_110222090840|28-OCT-22|07|2|2|8|130
rac194.wpuziewicz.com_OUSPRD_110222090840|28-OCT-22|09|1|1|8|97
rac194.wpuziewicz.com_OUSPRD_110222090840|28-OCT-22|13|1|1|8|89
rac194.wpuziewicz.com_OUSPRD_110222090840|28-OCT-22|14|2|1|8|176
rac194.wpuziewicz.com_OUSPRD_110222090840|28-OCT-22|15|1|2|8|172
rac194.wpuziewicz.com_OUSPRD_110222090840|28-OCT-22|18|1|1|10|78
rac194.wpuziewicz.com_OUSPRD_110222090840|28-OCT-22|19|1|1|8|154
rac194.wpuziewicz.com_OUSPRD_110222090840|28-OCT-22|22|1|1|10|142
rac194.wpuziewicz.com_OUSPRD_110222090840|29-OCT-22|02|2|2|8|186
rac194.wpuziewicz.com_OUSPRD_110222090840|29-OCT-22|04|2|1|8|108
rac194.wpuziewicz.com_OUSPRD_110222090840|29-OCT-22|06|2|1|8|151
rac194.wpuziewicz.com_OUSPRD_110222090840|29-OCT-22|06|1|1|8|113
rac194.wpuziewicz.com_OUSPRD_110222090840|29-OCT-22|07|2|2|8|84
rac194.wpuziewicz.com_OUSPRD_110222090840|29-OCT-22|08|2|1|8|131
rac194.wpuziewicz.com_OUSPRD_110222090840|29-OCT-22|10|2|2|8|107
rac194.wpuziewicz.com_OUSPRD_110222090840|29-OCT-22|13|1|2|8|73
rac194.wpuziewicz.com_OUSPRD_110222090840|29-OCT-22|15|1|1|8|202
rac194.wpuziewicz.com_OUSPRD_110222090840|29-OCT-22|16|1|2|8|149
rac194.wpuziewicz.com_OUSPRD_110222090840|29-OCT-22|16|2|1|8|142
rac194.wpuziewicz.com_OUSPRD_110222090840|29-OCT-22|22|1|1|8|222
rac194.wpuziewicz.com_OUSPRD_110222090840|30-OCT-22|07|2|2|8|77
rac194.wpuziewicz.com_OUSPRD_110222090840|30-OCT-22|09|1|2|8|104
rac194.wpuziewicz.com_OUSPRD_110222090840|30-OCT-22|10|2|1|8|65
rac194.wpuziewicz.com_OUSPRD_110222090840|30-OCT-22|11|1|1|8|190
rac194.wpuziewicz.com_OUSPRD_110222090840|30-OCT-22|14|1|1|8|209
rac194.wpuziewicz.com_OUSPRD_110222090840|30-OCT-22|15|1|2|8|196
rac194.wpuziewicz.com_OUSPRD_110222090840|30-OCT-22|16|1|1|8|125
rac194.wpuziewicz.com_OUSPRD_110222090840|30-OCT-22|18|1|2|10|192
rac194.wpuziewicz.com_OUSPRD_110222090840|30-OCT-22|22|2|2|8|60
rac194.wpuziewicz.com_OUSPRD_110222090840|30-OCT-22|23|2|1|8|84
rac194.wpuziewicz.com_OUSPRD_110222090840|31-OCT-22|02|1|2|8|202
rac194.wpuziewicz.com_OUSPRD_110222090840|31-OCT-22|02|2|2|8|77
rac194.wpuziewicz.com_OUSPRD_110222090840|31-OCT-22|03|1|1|8|193
rac194.wpuziewicz.com_OUSPRD_110222090840|31-OCT-22|06|2|2|8|76
rac194.wpuziewicz.com_OUSPRD_110222090840|31-OCT-22|07|2|1|10|116
rac194.wpuziewicz.com_OUSPRD_110222090840|31-OCT-22|13|1|2|8|198
rac194.wpuziewicz.com_OUSPRD_110222090840|31-OCT-22|17|1|2|8|177
rac194.wpuziewicz.com_OUSPRD_110222090840|31-OCT-22|18|1|1|8|207
rac194.wpuziewicz.com_OUSPRD_110222090840|31-OCT-22|18|2|1|8|61
rac194.wpuziewicz.com_OUSPRD_110222090840|31-OCT-22|19|2|2|12|1380
rac194.wpuziewicz.com_OUSPRD_110222090840|31-OCT-22|19|1|2|8|191
rac194.wpuziewicz.com_OUSPRD_110222090840|01-NOV-22|01|2|2|8|46
rac194.wpuziewicz.com_OUSPRD_110222090840|01-NOV-22|01|1|1|8|224
rac194.wpuziewicz.com_OUSPRD_110222090840|01-NOV-22|04|2|1|10|170
rac194.wpuziewicz.com_OUSPRD_110222090840|01-NOV-22|05|2|1|6|42
rac194.wpuziewicz.com_OUSPRD_110222090840|01-NOV-22|07|1|1|8|155
rac194.wpuziewicz.com_OUSPRD_110222090840|01-NOV-22|11|2|2|8|122
rac194.wpuziewicz.com_OUSPRD_110222090840|01-NOV-22|12|1|2|8|129
rac194.wpuziewicz.com_OUSPRD_110222090840|01-NOV-22|13|1|2|8|196
rac194.wpuziewicz.com_OUSPRD_110222090840|01-NOV-22|14|1|2|8|214
rac194.wpuziewicz.com_OUSPRD_110222090840|01-NOV-22|15|1|1|10|176
rac194.wpuziewicz.com_OUSPRD_110222090840|01-NOV-22|16|2|1|8|103
rac194.wpuziewicz.com_OUSPRD_110222090840|01-NOV-22|17|2|1|6|58
rac194.wpuziewicz.com_OUSPRD_110222090840|01-NOV-22|20|2|2|8|103
rac194.wpuziewicz.com_OUSPRD_110222090840|01-NOV-22|21|1|1|8|191
rac194.wpuziewicz.com_OUSPRD_110222090840|02-NOV-22|02|2|2|8|84
rac194.wpuziewicz.com_OUSPRD_110222090840|02-NOV-22|04|1|1|10|253
rac194.wpuziewicz.com_OUSPRD_110222090840|02-NOV-22|08|2|1|8|69
rac194.wpuziewicz.com_OUSPRD_110222090840|02-NOV-22|08|1|2|8|239
rac194.wpuziewicz.com_OUSPRD_110222090840|22-OCT-22|03|1|1|6|128
rac194.wpuziewicz.com_OUSPRD_110222090840|22-OCT-22|04|1|1|10|184
rac194.wpuziewicz.com_OUSPRD_110222090840|22-OCT-22|07|1|1|8|209
rac194.wpuziewicz.com_OUSPRD_110222090840|22-OCT-22|08|2|2|8|59
rac194.wpuziewicz.com_OUSPRD_110222090840|22-OCT-22|12|2|2|10|183
rac194.wpuziewicz.com_OUSPRD_110222090840|22-OCT-22|15|1|1|8|105
rac194.wpuziewicz.com_OUSPRD_110222090840|22-OCT-22|15|1|2|8|105
rac194.wpuziewicz.com_OUSPRD_110222090840|22-OCT-22|17|2|1|8|112
rac194.wpuziewicz.com_OUSPRD_110222090840|22-OCT-22|18|2|2|8|191
rac194.wpuziewicz.com_OUSPRD_110222090840|22-OCT-22|19|2|1|10|185
rac194.wpuziewicz.com_OUSPRD_110222090840|22-OCT-22|21|1|2|8|87
rac194.wpuziewicz.com_OUSPRD_110222090840|22-OCT-22|21|2|1|8|175
rac194.wpuziewicz.com_OUSPRD_110222090840|22-OCT-22|23|1|2|8|79
rac194.wpuziewicz.com_OUSPRD_110222090840|23-OCT-22|00|1|1|8|117
rac194.wpuziewicz.com_OUSPRD_110222090840|23-OCT-22|00|2|2|8|152
rac194.wpuziewicz.com_OUSPRD_110222090840|23-OCT-22|02|2|1|8|186
rac194.wpuziewicz.com_OUSPRD_110222090840|23-OCT-22|03|1|2|8|124
rac194.wpuziewicz.com_OUSPRD_110222090840|23-OCT-22|03|2|1|8|164
rac194.wpuziewicz.com_OUSPRD_110222090840|23-OCT-22|06|1|2|8|80
rac194.wpuziewicz.com_OUSPRD_110222090840|23-OCT-22|07|2|1|8|146
rac194.wpuziewicz.com_OUSPRD_110222090840|23-OCT-22|08|2|2|8|161
rac194.wpuziewicz.com_OUSPRD_110222090840|23-OCT-22|09|1|1|8|103
rac194.wpuziewicz.com_OUSPRD_110222090840|23-OCT-22|11|1|2|8|160
rac194.wpuziewicz.com_OUSPRD_110222090840|23-OCT-22|14|1|2|8|92
rac194.wpuziewicz.com_OUSPRD_110222090840|23-OCT-22|17|1|1|8|107
rac194.wpuziewicz.com_OUSPRD_110222090840|23-OCT-22|17|2|2|8|153
rac194.wpuziewicz.com_OUSPRD_110222090840|23-OCT-22|19|2|1|10|99
rac194.wpuziewicz.com_OUSPRD_110222090840|23-OCT-22|20|1|2|8|101
rac194.wpuziewicz.com_OUSPRD_110222090840|23-OCT-22|20|2|1|8|184
rac194.wpuziewicz.com_OUSPRD_110222090840|23-OCT-22|20|2|2|8|184
rac194.wpuziewicz.com_OUSPRD_110222090840|24-OCT-22|03|2|1|8|92
rac194.wpuziewicz.com_OUSPRD_110222090840|24-OCT-22|04|2|1|8|191
rac194.wpuziewicz.com_OUSPRD_110222090840|24-OCT-22|09|1|1|8|85
rac194.wpuziewicz.com_OUSPRD_110222090840|24-OCT-22|12|1|1|10|97
rac194.wpuziewicz.com_OUSPRD_110222090840|24-OCT-22|12|2|1|8|171
rac194.wpuziewicz.com_OUSPRD_110222090840|24-OCT-22|14|1|1|8|184
rac194.wpuziewicz.com_OUSPRD_110222090840|24-OCT-22|15|1|2|8|196
rac194.wpuziewicz.com_OUSPRD_110222090840|24-OCT-22|16|1|2|8|87
rac194.wpuziewicz.com_OUSPRD_110222090840|24-OCT-22|19|1|1|10|201
rac194.wpuziewicz.com_OUSPRD_110222090840|24-OCT-22|20|2|1|8|159
rac194.wpuziewicz.com_OUSPRD_110222090840|24-OCT-22|20|2|2|8|159
rac194.wpuziewicz.com_OUSPRD_110222090840|24-OCT-22|21|2|2|8|199
rac194.wpuziewicz.com_OUSPRD_110222090840|25-OCT-22|00|2|2|8|223
rac194.wpuziewicz.com_OUSPRD_110222090840|25-OCT-22|03|2|1|8|55
rac194.wpuziewicz.com_OUSPRD_110222090840|25-OCT-22|04|2|1|8|187
rac194.wpuziewicz.com_OUSPRD_110222090840|25-OCT-22|05|2|1|8|165
rac194.wpuziewicz.com_OUSPRD_110222090840|25-OCT-22|05|1|1|8|103
rac194.wpuziewicz.com_OUSPRD_110222090840|25-OCT-22|06|1|1|8|173
rac194.wpuziewicz.com_OUSPRD_110222090840|25-OCT-22|10|1|2|8|172
rac194.wpuziewicz.com_OUSPRD_110222090840|25-OCT-22|11|2|1|8|89
rac194.wpuziewicz.com_OUSPRD_110222090840|25-OCT-22|12|1|2|8|106
rac194.wpuziewicz.com_OUSPRD_110222090840|25-OCT-22|12|2|1|8|158
rac194.wpuziewicz.com_OUSPRD_110222090840|25-OCT-22|13|2|2|8|173
rac194.wpuziewicz.com_OUSPRD_110222090840|25-OCT-22|18|1|1|10|207
rac194.wpuziewicz.com_OUSPRD_110222090840|25-OCT-22|22|2|1|12|1290
rac194.wpuziewicz.com_OUSPRD_110222090840|26-OCT-22|03|1|2|6|125
rac194.wpuziewicz.com_OUSPRD_110222090840|26-OCT-22|04|2|1|8|141
rac194.wpuziewicz.com_OUSPRD_110222090840|26-OCT-22|05|2|2|8|122
rac194.wpuziewicz.com_OUSPRD_110222090840|26-OCT-22|06|1|2|10|185
rac194.wpuziewicz.com_OUSPRD_110222090840|26-OCT-22|06|2|1|10|76
rac194.wpuziewicz.com_OUSPRD_110222090840|26-OCT-22|08|1|1|8|125
rac194.wpuziewicz.com_OUSPRD_110222090840|26-OCT-22|10|2|1|8|67
rac194.wpuziewicz.com_OUSPRD_110222090840|26-OCT-22|13|2|2|8|94
rac194.wpuziewicz.com_OUSPRD_110222090840|26-OCT-22|15|1|2|8|180
rac194.wpuziewicz.com_OUSPRD_110222090840|26-OCT-22|18|2|2|10|85
rac194.wpuziewicz.com_OUSPRD_110222090840|26-OCT-22|21|2|2|8|73
rac194.wpuziewicz.com_OUSPRD_110222090840|26-OCT-22|23|2|2|8|57
rac194.wpuziewicz.com_OUSPRD_110222090840|27-OCT-22|03|2|1|8|153
rac194.wpuziewicz.com_OUSPRD_110222090840|27-OCT-22|03|1|1|8|111
rac194.wpuziewicz.com_OUSPRD_110222090840|27-OCT-22|06|1|1|10|90
rac194.wpuziewicz.com_OUSPRD_110222090840|27-OCT-22|09|1|1|8|89
rac194.wpuziewicz.com_OUSPRD_110222090840|27-OCT-22|10|2|2|8|177
rac194.wpuziewicz.com_OUSPRD_110222090840|27-OCT-22|12|1|2|8|98
rac194.wpuziewicz.com_OUSPRD_110222090840|27-OCT-22|13|2|1|8|192
rac194.wpuziewicz.com_OUSPRD_110222090840|27-OCT-22|15|1|1|8|79
rac194.wpuziewicz.com_OUSPRD_110222090840|27-OCT-22|15|2|1|8|193
rac194.wpuziewicz.com_OUSPRD_110222090840|27-OCT-22|17|2|1|8|192
rac194.wpuziewicz.com_OUSPRD_110222090840|27-OCT-22|21|1|1|6|70
rac194.wpuziewicz.com_OUSPRD_110222090840|27-OCT-22|23|2|2|8|124
rac194.wpuziewicz.com_OUSPRD_110222090840|28-OCT-22|00|1|1|8|230
rac194.wpuziewicz.com_OUSPRD_110222090840|28-OCT-22|01|2|1|8|169
rac194.wpuziewicz.com_OUSPRD_110222090840|28-OCT-22|05|1|2|8|105
rac194.wpuziewicz.com_OUSPRD_110222090840|28-OCT-22|07|1|1|8|136
rac194.wpuziewicz.com_OUSPRD_110222090840|28-OCT-22|10|2|1|8|176
rac194.wpuziewicz.com_OUSPRD_110222090840|28-OCT-22|16|1|1|8|149
rac194.wpuziewicz.com_OUSPRD_110222090840|28-OCT-22|16|1|2|8|149
rac194.wpuziewicz.com_OUSPRD_110222090840|28-OCT-22|16|2|2|8|123
rac194.wpuziewicz.com_OUSPRD_110222090840|28-OCT-22|18|1|2|10|78
rac194.wpuziewicz.com_OUSPRD_110222090840|28-OCT-22|22|2|2|14|1436
rac194.wpuziewicz.com_OUSPRD_110222090840|29-OCT-22|00|2|1|8|351
rac194.wpuziewicz.com_OUSPRD_110222090840|29-OCT-22|00|1|1|8|147
rac194.wpuziewicz.com_OUSPRD_110222090840|29-OCT-22|01|2|2|8|184
rac194.wpuziewicz.com_OUSPRD_110222090840|29-OCT-22|03|2|1|8|67
rac194.wpuziewicz.com_OUSPRD_110222090840|29-OCT-22|04|1|1|8|160
rac194.wpuziewicz.com_OUSPRD_110222090840|29-OCT-22|05|1|2|8|90
rac194.wpuziewicz.com_OUSPRD_110222090840|29-OCT-22|07|1|1|8|180
rac194.wpuziewicz.com_OUSPRD_110222090840|29-OCT-22|13|2|1|8|192
rac194.wpuziewicz.com_OUSPRD_110222090840|29-OCT-22|14|1|2|8|116
rac194.wpuziewicz.com_OUSPRD_110222090840|29-OCT-22|17|1|2|8|73
rac194.wpuziewicz.com_OUSPRD_110222090840|29-OCT-22|19|2|1|12|1186
rac194.wpuziewicz.com_OUSPRD_110222090840|30-OCT-22|03|1|2|8|190
rac194.wpuziewicz.com_OUSPRD_110222090840|30-OCT-22|05|1|1|8|92
rac194.wpuziewicz.com_OUSPRD_110222090840|30-OCT-22|05|1|2|8|92
rac194.wpuziewicz.com_OUSPRD_110222090840|30-OCT-22|07|2|1|8|77
rac194.wpuziewicz.com_OUSPRD_110222090840|30-OCT-22|08|1|2|8|307
rac194.wpuziewicz.com_OUSPRD_110222090840|30-OCT-22|09|2|1|8|164
rac194.wpuziewicz.com_OUSPRD_110222090840|30-OCT-22|11|2|1|8|76
rac194.wpuziewicz.com_OUSPRD_110222090840|30-OCT-22|19|1|1|10|245
rac194.wpuziewicz.com_OUSPRD_110222090840|31-OCT-22|01|1|2|8|175
rac194.wpuziewicz.com_OUSPRD_110222090840|31-OCT-22|02|1|1|8|202
rac194.wpuziewicz.com_OUSPRD_110222090840|31-OCT-22|02|2|1|8|77
rac194.wpuziewicz.com_OUSPRD_110222090840|31-OCT-22|03|2|2|8|87
rac194.wpuziewicz.com_OUSPRD_110222090840|31-OCT-22|07|1|2|8|211
rac194.wpuziewicz.com_OUSPRD_110222090840|31-OCT-22|08|1|1|8|82
rac194.wpuziewicz.com_OUSPRD_110222090840|31-OCT-22|09|2|2|8|60
rac194.wpuziewicz.com_OUSPRD_110222090840|31-OCT-22|15|2|2|8|101
rac194.wpuziewicz.com_OUSPRD_110222090840|31-OCT-22|16|1|2|8|92
rac194.wpuziewicz.com_OUSPRD_110222090840|31-OCT-22|19|1|1|8|191
rac194.wpuziewicz.com_OUSPRD_110222090840|31-OCT-22|21|2|2|8|69
rac194.wpuziewicz.com_OUSPRD_110222090840|31-OCT-22|22|1|2|8|183
rac194.wpuziewicz.com_OUSPRD_110222090840|31-OCT-22|23|2|1|8|102
rac194.wpuziewicz.com_OUSPRD_110222090840|31-OCT-22|23|2|2|8|102
rac194.wpuziewicz.com_OUSPRD_110222090840|01-NOV-22|00|1|1|8|223
rac194.wpuziewicz.com_OUSPRD_110222090840|01-NOV-22|02|1|1|8|196
rac194.wpuziewicz.com_OUSPRD_110222090840|01-NOV-22|02|1|2|8|196
rac194.wpuziewicz.com_OUSPRD_110222090840|01-NOV-22|02|2|2|10|89
rac194.wpuziewicz.com_OUSPRD_110222090840|01-NOV-22|04|1|1|10|179
rac194.wpuziewicz.com_OUSPRD_110222090840|01-NOV-22|05|2|2|6|42
rac194.wpuziewicz.com_OUSPRD_110222090840|01-NOV-22|05|1|2|6|141
rac194.wpuziewicz.com_OUSPRD_110222090840|01-NOV-22|06|2|1|10|69
rac194.wpuziewicz.com_OUSPRD_110222090840|01-NOV-22|06|2|2|10|69
rac194.wpuziewicz.com_OUSPRD_110222090840|01-NOV-22|09|2|2|8|59
rac194.wpuziewicz.com_OUSPRD_110222090840|01-NOV-22|12|2|2|8|142
rac194.wpuziewicz.com_OUSPRD_110222090840|01-NOV-22|13|2|2|8|69
rac194.wpuziewicz.com_OUSPRD_110222090840|01-NOV-22|17|1|1|8|190
rac194.wpuziewicz.com_OUSPRD_110222090840|01-NOV-22|22|1|2|8|190
rac194.wpuziewicz.com_OUSPRD_110222090840|01-NOV-22|23|2|1|8|130
rac194.wpuziewicz.com_OUSPRD_110222090840|02-NOV-22|02|1|2|6|138
rac194.wpuziewicz.com_OUSPRD_110222090840|02-NOV-22|03|2|1|8|176
rac194.wpuziewicz.com_OUSPRD_110222090840|02-NOV-22|04|2|2|8|52
rac194.wpuziewicz.com_OUSPRD_110222090840|02-NOV-22|06|1|2|10|215
rac194.wpuziewicz.com_OUSPRD_110222090840|02-NOV-22|07|1|2|8|87
rac194.wpuziewicz.com_OUSPRD_110222090840|22-OCT-22|04|1|2|10|184
rac194.wpuziewicz.com_OUSPRD_110222090840|22-OCT-22|04|2|1|8|110
rac194.wpuziewicz.com_OUSPRD_110222090840|22-OCT-22|06|1|1|10|176
rac194.wpuziewicz.com_OUSPRD_110222090840|22-OCT-22|09|1|2|8|196
rac194.wpuziewicz.com_OUSPRD_110222090840|22-OCT-22|16|1|1|8|152
rac194.wpuziewicz.com_OUSPRD_110222090840|22-OCT-22|17|1|2|8|102
rac194.wpuziewicz.com_OUSPRD_110222090840|22-OCT-22|23|2|2|8|178
rac194.wpuziewicz.com_OUSPRD_110222090840|23-OCT-22|01|1|1|8|84
rac194.wpuziewicz.com_OUSPRD_110222090840|23-OCT-22|04|2|2|8|144
rac194.wpuziewicz.com_OUSPRD_110222090840|23-OCT-22|05|1|1|10|87
rac194.wpuziewicz.com_OUSPRD_110222090840|23-OCT-22|09|2|1|8|160
rac194.wpuziewicz.com_OUSPRD_110222090840|23-OCT-22|11|2|1|8|119
rac194.wpuziewicz.com_OUSPRD_110222090840|23-OCT-22|13|1|1|8|102
rac194.wpuziewicz.com_OUSPRD_110222090840|23-OCT-22|15|1|1|8|145
rac194.wpuziewicz.com_OUSPRD_110222090840|23-OCT-22|19|1|1|14|1391
rac194.wpuziewicz.com_OUSPRD_110222090840|23-OCT-22|22|2|1|8|150
rac194.wpuziewicz.com_OUSPRD_110222090840|24-OCT-22|00|1|2|8|120
rac194.wpuziewicz.com_OUSPRD_110222090840|24-OCT-22|01|1|1|8|103
rac194.wpuziewicz.com_OUSPRD_110222090840|24-OCT-22|02|2|2|6|85
rac194.wpuziewicz.com_OUSPRD_110222090840|24-OCT-22|08|1|2|8|88
rac194.wpuziewicz.com_OUSPRD_110222090840|24-OCT-22|08|2|2|8|162
rac194.wpuziewicz.com_OUSPRD_110222090840|24-OCT-22|13|1|2|8|74
rac194.wpuziewicz.com_OUSPRD_110222090840|24-OCT-22|15|1|1|8|196
rac194.wpuziewicz.com_OUSPRD_110222090840|24-OCT-22|18|2|1|8|62
rac194.wpuziewicz.com_OUSPRD_110222090840|24-OCT-22|23|1|1|8|177
rac194.wpuziewicz.com_OUSPRD_110222090840|25-OCT-22|00|1|2|10|227
rac194.wpuziewicz.com_OUSPRD_110222090840|25-OCT-22|01|1|2|6|61
rac194.wpuziewicz.com_OUSPRD_110222090840|25-OCT-22|02|1|2|8|171
rac194.wpuziewicz.com_OUSPRD_110222090840|25-OCT-22|03|1|1|8|221
rac194.wpuziewicz.com_OUSPRD_110222090840|25-OCT-22|17|2|1|8|174
rac194.wpuziewicz.com_OUSPRD_110222090840|25-OCT-22|17|2|2|8|174
rac194.wpuziewicz.com_OUSPRD_110222090840|26-OCT-22|01|2|2|10|125
rac194.wpuziewicz.com_OUSPRD_110222090840|26-OCT-22|02|1|1|10|252
rac194.wpuziewicz.com_OUSPRD_110222090840|26-OCT-22|18|2|1|10|85
rac194.wpuziewicz.com_OUSPRD_110222090840|26-OCT-22|21|2|1|8|73
rac194.wpuziewicz.com_OUSPRD_110222090840|26-OCT-22|22|1|2|10|210
rac194.wpuziewicz.com_OUSPRD_110222090840|26-OCT-22|23|1|1|8|160
rac194.wpuziewicz.com_OUSPRD_110222090840|27-OCT-22|01|2|2|8|76
rac194.wpuziewicz.com_OUSPRD_110222090840|27-OCT-22|02|1|2|8|106
rac194.wpuziewicz.com_OUSPRD_110222090840|27-OCT-22|02|2|1|8|175
rac194.wpuziewicz.com_OUSPRD_110222090840|27-OCT-22|03|1|2|8|111
rac194.wpuziewicz.com_OUSPRD_110222090840|27-OCT-22|08|1|1|8|106
rac194.wpuziewicz.com_OUSPRD_110222090840|27-OCT-22|08|2|2|8|159
rac194.wpuziewicz.com_OUSPRD_110222090840|27-OCT-22|10|1|1|8|88
rac194.wpuziewicz.com_OUSPRD_110222090840|27-OCT-22|11|1|2|8|73
rac194.wpuziewicz.com_OUSPRD_110222090840|27-OCT-22|13|1|2|8|70
rac194.wpuziewicz.com_OUSPRD_110222090840|27-OCT-22|16|2|1|8|141
rac194.wpuziewicz.com_OUSPRD_110222090840|27-OCT-22|16|2|2|8|141
rac194.wpuziewicz.com_OUSPRD_110222090840|27-OCT-22|23|2|1|8|124
rac194.wpuziewicz.com_OUSPRD_110222090840|28-OCT-22|03|2|2|8|167
rac194.wpuziewicz.com_OUSPRD_110222090840|28-OCT-22|04|2|2|8|106
rac194.wpuziewicz.com_OUSPRD_110222090840|28-OCT-22|06|2|1|8|193
rac194.wpuziewicz.com_OUSPRD_110222090840|28-OCT-22|08|1|1|10|181
rac194.wpuziewicz.com_OUSPRD_110222090840|28-OCT-22|09|2|1|8|169
rac194.wpuziewicz.com_OUSPRD_110222090840|28-OCT-22|11|1|1|8|116
rac194.wpuziewicz.com_OUSPRD_110222090840|28-OCT-22|11|1|2|8|116
rac194.wpuziewicz.com_OUSPRD_110222090840|28-OCT-22|12|1|2|8|162
rac194.wpuziewicz.com_OUSPRD_110222090840|28-OCT-22|12|2|1|8|105
rac194.wpuziewicz.com_OUSPRD_110222090840|28-OCT-22|13|2|2|8|176
rac194.wpuziewicz.com_OUSPRD_110222090840|28-OCT-22|15|1|1|8|172
rac194.wpuziewicz.com_OUSPRD_110222090840|28-OCT-22|17|2|1|8|178
rac194.wpuziewicz.com_OUSPRD_110222090840|28-OCT-22|20|1|1|8|150
rac194.wpuziewicz.com_OUSPRD_110222090840|28-OCT-22|23|2|2|8|58
rac194.wpuziewicz.com_OUSPRD_110222090840|29-OCT-22|00|1|2|8|147
rac194.wpuziewicz.com_OUSPRD_110222090840|29-OCT-22|01|1|1|8|83
rac194.wpuziewicz.com_OUSPRD_110222090840|29-OCT-22|01|2|1|8|184
rac194.wpuziewicz.com_OUSPRD_110222090840|29-OCT-22|03|2|2|8|67
rac194.wpuziewicz.com_OUSPRD_110222090840|29-OCT-22|05|2|2|8|176
rac194.wpuziewicz.com_OUSPRD_110222090840|29-OCT-22|05|2|1|8|176
rac194.wpuziewicz.com_OUSPRD_110222090840|29-OCT-22|09|1|2|10|111
rac194.wpuziewicz.com_OUSPRD_110222090840|29-OCT-22|11|1|1|6|134
rac194.wpuziewicz.com_OUSPRD_110222090840|29-OCT-22|12|1|2|10|154
rac194.wpuziewicz.com_OUSPRD_110222090840|29-OCT-22|20|2|1|8|170
rac194.wpuziewicz.com_OUSPRD_110222090840|29-OCT-22|20|1|1|8|101
rac194.wpuziewicz.com_OUSPRD_110222090840|29-OCT-22|23|2|2|8|49
rac194.wpuziewicz.com_OUSPRD_110222090840|29-OCT-22|23|1|1|8|143
rac194.wpuziewicz.com_OUSPRD_110222090840|29-OCT-22|23|1|2|8|143
rac194.wpuziewicz.com_OUSPRD_110222090840|30-OCT-22|00|1|2|8|202
rac194.wpuziewicz.com_OUSPRD_110222090840|30-OCT-22|00|1|1|8|202
rac194.wpuziewicz.com_OUSPRD_110222090840|30-OCT-22|03|2|1|8|76
rac194.wpuziewicz.com_OUSPRD_110222090840|30-OCT-22|04|1|2|8|133
rac194.wpuziewicz.com_OUSPRD_110222090840|30-OCT-22|05|2|2|8|181
rac194.wpuziewicz.com_OUSPRD_110222090840|30-OCT-22|05|2|1|8|181
rac194.wpuziewicz.com_OUSPRD_110222090840|30-OCT-22|06|1|2|8|202
rac194.wpuziewicz.com_OUSPRD_110222090840|30-OCT-22|06|2|1|8|55
rac194.wpuziewicz.com_OUSPRD_110222090840|30-OCT-22|09|1|1|8|104
rac194.wpuziewicz.com_OUSPRD_110222090840|30-OCT-22|12|2|1|8|177
rac194.wpuziewicz.com_OUSPRD_110222090840|30-OCT-22|14|1|2|8|209
rac194.wpuziewicz.com_OUSPRD_110222090840|30-OCT-22|14|2|1|8|61
rac194.wpuziewicz.com_OUSPRD_110222090840|30-OCT-22|15|2|1|8|77
rac194.wpuziewicz.com_OUSPRD_110222090840|30-OCT-22|18|2|2|10|76
rac194.wpuziewicz.com_OUSPRD_110222090840|30-OCT-22|23|2|2|8|84
rac194.wpuziewicz.com_OUSPRD_110222090840|31-OCT-22|00|2|1|8|179
rac194.wpuziewicz.com_OUSPRD_110222090840|31-OCT-22|03|1|2|8|193
rac194.wpuziewicz.com_OUSPRD_110222090840|31-OCT-22|04|2|2|8|175
rac194.wpuziewicz.com_OUSPRD_110222090840|31-OCT-22|05|2|2|8|102
rac194.wpuziewicz.com_OUSPRD_110222090840|31-OCT-22|07|2|2|10|116
rac194.wpuziewicz.com_OUSPRD_110222090840|31-OCT-22|08|2|1|6|129
rac194.wpuziewicz.com_OUSPRD_110222090840|31-OCT-22|09|1|1|8|209
rac194.wpuziewicz.com_OUSPRD_110222090840|31-OCT-22|11|2|1|8|87
rac194.wpuziewicz.com_OUSPRD_110222090840|31-OCT-22|11|1|2|8|196
rac194.wpuziewicz.com_OUSPRD_110222090840|31-OCT-22|13|2|1|8|45
rac194.wpuziewicz.com_OUSPRD_110222090840|31-OCT-22|17|2|1|8|43
rac194.wpuziewicz.com_OUSPRD_110222090840|01-NOV-22|00|2|1|8|307
rac194.wpuziewicz.com_OUSPRD_110222090840|01-NOV-22|03|1|1|8|153
rac194.wpuziewicz.com_OUSPRD_110222090840|01-NOV-22|03|2|2|6|104
rac194.wpuziewicz.com_OUSPRD_110222090840|01-NOV-22|03|2|1|6|104
rac194.wpuziewicz.com_OUSPRD_110222090840|01-NOV-22|07|2|2|8|146
rac194.wpuziewicz.com_OUSPRD_110222090840|01-NOV-22|11|1|2|8|144
rac194.wpuziewicz.com_OUSPRD_110222090840|01-NOV-22|11|2|1|8|122
rac194.wpuziewicz.com_OUSPRD_110222090840|01-NOV-22|16|1|1|6|104
rac194.wpuziewicz.com_OUSPRD_110222090840|01-NOV-22|19|2|2|14|1418
rac194.wpuziewicz.com_OUSPRD_110222090840|01-NOV-22|19|1|1|8|109
rac194.wpuziewicz.com_OUSPRD_110222090840|01-NOV-22|21|2|1|8|77
rac194.wpuziewicz.com_OUSPRD_110222090840|02-NOV-22|02|2|1|8|84
rac194.wpuziewicz.com_OUSPRD_110222090840|02-NOV-22|05|1|1|6|133
rac194.wpuziewicz.com_OUSPRD_110222090840|02-NOV-22|07|2|2|8|162
