 
PKEY|CON_ID|OWNER|SEGMENT_TYPE|GB
rac194.wpuziewicz.com_OUSPRD_110222090840|3|PM|TABLE|0
rac194.wpuziewicz.com_OUSPRD_110222090840|3|PERFSTAT|INDEX|1
rac194.wpuziewicz.com_OUSPRD_110222090840|3|PM|NESTED TABLE|0
rac194.wpuziewicz.com_OUSPRD_110222090840|4|SH|TABLE|0
rac194.wpuziewicz.com_OUSPRD_110222090840|3|OE|INDEX|0
rac194.wpuziewicz.com_OUSPRD_110222090840|3|OE|LOBSEGMENT|0
rac194.wpuziewicz.com_OUSPRD_110222090840|3|PM|LOBSEGMENT|0
rac194.wpuziewicz.com_OUSPRD_110222090840|3|SH|TABLE PARTITION|0
rac194.wpuziewicz.com_OUSPRD_110222090840|3|PERFSTAT|TABLE|1
rac194.wpuziewicz.com_OUSPRD_110222090840|3|IX|TABLE|0
rac194.wpuziewicz.com_OUSPRD_110222090840|3|SH|TABLE|0
rac194.wpuziewicz.com_OUSPRD_110222090840|3|WP|TABLE|0
rac194.wpuziewicz.com_OUSPRD_110222090840|3|IX|LOBSEGMENT|0
rac194.wpuziewicz.com_OUSPRD_110222090840|1|PERFSTAT|TABLE|0
rac194.wpuziewicz.com_OUSPRD_110222090840|3|OE|NESTED TABLE|0
rac194.wpuziewicz.com_OUSPRD_110222090840|3|OE|LOBINDEX|0
rac194.wpuziewicz.com_OUSPRD_110222090840|3|IX|INDEX|0
rac194.wpuziewicz.com_OUSPRD_110222090840|3|HR|TABLE|0
rac194.wpuziewicz.com_OUSPRD_110222090840|3|PM|LOBINDEX|0
rac194.wpuziewicz.com_OUSPRD_110222090840|3|SH|INDEX PARTITION|0
rac194.wpuziewicz.com_OUSPRD_110222090840|3|HR|INDEX|0
rac194.wpuziewicz.com_OUSPRD_110222090840|3|IX|LOBINDEX|0
rac194.wpuziewicz.com_OUSPRD_110222090840|1|PERFSTAT|INDEX|0
rac194.wpuziewicz.com_OUSPRD_110222090840|3|SH|LOBSEGMENT|0
rac194.wpuziewicz.com_OUSPRD_110222090840|4|SH|INDEX|0
rac194.wpuziewicz.com_OUSPRD_110222090840|3|SH|INDEX|0
rac194.wpuziewicz.com_OUSPRD_110222090840|3|PM|INDEX|0
rac194.wpuziewicz.com_OUSPRD_110222090840|3|OE|TABLE|0
rac194.wpuziewicz.com_OUSPRD_110222090840|3|SH|LOBINDEX|0
