 
PKEY|DESCRIPTION|HIGHWATER|LAST_VALUE|CON_ID
rac194.wpuziewicz.com_OUSPRD_110222090840|Maximum Average Active Sessions - estimated|30.7043102780536|5.446971110886864|1
rac194.wpuziewicz.com_OUSPRD_110222090840|Maximum Average Active Sessions - estimated|||4
rac194.wpuziewicz.com_OUSPRD_110222090840|Maximum Average Active Sessions - estimated|0|0|4
rac194.wpuziewicz.com_OUSPRD_110222090840|Maximum Average Active Sessions - estimated|||3
rac194.wpuziewicz.com_OUSPRD_110222090840|Maximum Average Active Sessions - estimated|0|0|3
rac194.wpuziewicz.com_OUSPRD_110222090840|Maximum Number of CPUs|||4
rac194.wpuziewicz.com_OUSPRD_110222090840|Maximum Number of CPUs|6|6|1
rac194.wpuziewicz.com_OUSPRD_110222090840|Maximum Number of CPUs|6|6|4
rac194.wpuziewicz.com_OUSPRD_110222090840|Maximum Number of CPUs|6|6|3
rac194.wpuziewicz.com_OUSPRD_110222090840|Maximum Number of CPUs|||3
rac194.wpuziewicz.com_OUSPRD_110222090840|Maximum Number of Concurrent Sessions seen in the database|48|31|1
rac194.wpuziewicz.com_OUSPRD_110222090840|Maximum Number of Concurrent Sessions seen in the database|48|28|4
rac194.wpuziewicz.com_OUSPRD_110222090840|Maximum Number of Concurrent Sessions seen in the database|48|28|3
rac194.wpuziewicz.com_OUSPRD_110222090840|Maximum Number of Concurrent Sessions seen in the database|||4
rac194.wpuziewicz.com_OUSPRD_110222090840|Maximum Number of Concurrent Sessions seen in the database|||3
rac194.wpuziewicz.com_OUSPRD_110222090840|Maximum Number of Datafiles|||4
rac194.wpuziewicz.com_OUSPRD_110222090840|Maximum Number of Datafiles|5|5|1
rac194.wpuziewicz.com_OUSPRD_110222090840|Maximum Number of Datafiles|5|5|4
rac194.wpuziewicz.com_OUSPRD_110222090840|Maximum Number of Datafiles|5|5|3
rac194.wpuziewicz.com_OUSPRD_110222090840|Maximum Number of Datafiles|||3
rac194.wpuziewicz.com_OUSPRD_110222090840|Maximum Number of Materialized Views (User)|||4
rac194.wpuziewicz.com_OUSPRD_110222090840|Maximum Number of Materialized Views (User)|0|0|1
rac194.wpuziewicz.com_OUSPRD_110222090840|Maximum Number of Materialized Views (User)|0|0|4
rac194.wpuziewicz.com_OUSPRD_110222090840|Maximum Number of Materialized Views (User)|||3
rac194.wpuziewicz.com_OUSPRD_110222090840|Maximum Number of Materialized Views (User)|0|0|3
rac194.wpuziewicz.com_OUSPRD_110222090840|Maximum Number of Partitions belonging to an User Index|||4
rac194.wpuziewicz.com_OUSPRD_110222090840|Maximum Number of Partitions belonging to an User Index|1048575|1048575|1
rac194.wpuziewicz.com_OUSPRD_110222090840|Maximum Number of Partitions belonging to an User Index|1048575|1048575|4
rac194.wpuziewicz.com_OUSPRD_110222090840|Maximum Number of Partitions belonging to an User Index|1048575|1048575|3
rac194.wpuziewicz.com_OUSPRD_110222090840|Maximum Number of Partitions belonging to an User Index|||3
rac194.wpuziewicz.com_OUSPRD_110222090840|Maximum Number of Partitions belonging to an User Table|1048575|1048575|1
rac194.wpuziewicz.com_OUSPRD_110222090840|Maximum Number of Partitions belonging to an User Table|1048575|1048575|4
rac194.wpuziewicz.com_OUSPRD_110222090840|Maximum Number of Partitions belonging to an User Table|||4
rac194.wpuziewicz.com_OUSPRD_110222090840|Maximum Number of Partitions belonging to an User Table|1048575|1048575|3
rac194.wpuziewicz.com_OUSPRD_110222090840|Maximum Number of Partitions belonging to an User Table|||3
rac194.wpuziewicz.com_OUSPRD_110222090840|Maximum Number of SQL NCHAR Columns|100|100|1
rac194.wpuziewicz.com_OUSPRD_110222090840|Maximum Number of SQL NCHAR Columns|||4
rac194.wpuziewicz.com_OUSPRD_110222090840|Maximum Number of SQL NCHAR Columns|100|100|4
rac194.wpuziewicz.com_OUSPRD_110222090840|Maximum Number of SQL NCHAR Columns|||3
rac194.wpuziewicz.com_OUSPRD_110222090840|Maximum Number of SQL NCHAR Columns|108|108|3
rac194.wpuziewicz.com_OUSPRD_110222090840|Maximum Number of Tablespaces|||4
rac194.wpuziewicz.com_OUSPRD_110222090840|Maximum Number of Tablespaces|6|6|1
rac194.wpuziewicz.com_OUSPRD_110222090840|Maximum Number of Tablespaces|6|6|4
rac194.wpuziewicz.com_OUSPRD_110222090840|Maximum Number of Tablespaces|6|6|3
rac194.wpuziewicz.com_OUSPRD_110222090840|Maximum Number of Tablespaces|||3
rac194.wpuziewicz.com_OUSPRD_110222090840|Maximum Query Length|3305|3289|1
rac194.wpuziewicz.com_OUSPRD_110222090840|Maximum Query Length|||4
rac194.wpuziewicz.com_OUSPRD_110222090840|Maximum Query Length|||3
rac194.wpuziewicz.com_OUSPRD_110222090840|Maximum Query Length|991|0|4
rac194.wpuziewicz.com_OUSPRD_110222090840|Maximum Query Length|0|0|3
rac194.wpuziewicz.com_OUSPRD_110222090840|Maximum Size of the Database (Bytes)|1283457024|1283457024|4
rac194.wpuziewicz.com_OUSPRD_110222090840|Maximum Size of the Database (Bytes)|15398338560|15398338560|1
rac194.wpuziewicz.com_OUSPRD_110222090840|Maximum Size of the Database (Bytes)|||4
rac194.wpuziewicz.com_OUSPRD_110222090840|Maximum Size of the Database (Bytes)|||3
rac194.wpuziewicz.com_OUSPRD_110222090840|Maximum Size of the Database (Bytes)|5919211520|5919211520|3
rac194.wpuziewicz.com_OUSPRD_110222090840|Number of User Indexes|1058|1058|4
rac194.wpuziewicz.com_OUSPRD_110222090840|Number of User Indexes|1113|1113|1
rac194.wpuziewicz.com_OUSPRD_110222090840|Number of User Indexes|||4
rac194.wpuziewicz.com_OUSPRD_110222090840|Number of User Indexes|1237|1237|3
rac194.wpuziewicz.com_OUSPRD_110222090840|Number of User Indexes|||3
rac194.wpuziewicz.com_OUSPRD_110222090840|Number of User Tables|521|521|4
rac194.wpuziewicz.com_OUSPRD_110222090840|Number of User Tables|586|586|1
rac194.wpuziewicz.com_OUSPRD_110222090840|Number of User Tables|||4
rac194.wpuziewicz.com_OUSPRD_110222090840|Number of User Tables|||3
rac194.wpuziewicz.com_OUSPRD_110222090840|Number of User Tables|672|672|3
rac194.wpuziewicz.com_OUSPRD_110222090840|Number of completed and successful failovers|0|0|1
rac194.wpuziewicz.com_OUSPRD_110222090840|Number of completed and successful failovers|0|0|4
rac194.wpuziewicz.com_OUSPRD_110222090840|Number of completed and successful failovers|||4
rac194.wpuziewicz.com_OUSPRD_110222090840|Number of completed and successful failovers|0|0|3
rac194.wpuziewicz.com_OUSPRD_110222090840|Number of completed and successful failovers|||3
rac194.wpuziewicz.com_OUSPRD_110222090840|Number of deployed primary shards in catalog|0|0|1
rac194.wpuziewicz.com_OUSPRD_110222090840|Number of deployed primary shards in catalog|||4
rac194.wpuziewicz.com_OUSPRD_110222090840|Number of deployed primary shards in catalog|0|0|4
rac194.wpuziewicz.com_OUSPRD_110222090840|Number of deployed primary shards in catalog|||3
rac194.wpuziewicz.com_OUSPRD_110222090840|Number of deployed primary shards in catalog|0|0|3
rac194.wpuziewicz.com_OUSPRD_110222090840|Number of deployed shards in catalog|0|0|4
rac194.wpuziewicz.com_OUSPRD_110222090840|Number of deployed shards in catalog|0|0|1
rac194.wpuziewicz.com_OUSPRD_110222090840|Number of deployed shards in catalog|||4
rac194.wpuziewicz.com_OUSPRD_110222090840|Number of deployed shards in catalog|||3
rac194.wpuziewicz.com_OUSPRD_110222090840|Number of deployed shards in catalog|0|0|3
rac194.wpuziewicz.com_OUSPRD_110222090840|Number of global services|0|0|1
rac194.wpuziewicz.com_OUSPRD_110222090840|Number of global services|0|0|4
rac194.wpuziewicz.com_OUSPRD_110222090840|Number of global services|0|0|3
rac194.wpuziewicz.com_OUSPRD_110222090840|Number of global services|||4
rac194.wpuziewicz.com_OUSPRD_110222090840|Number of global services|||3
rac194.wpuziewicz.com_OUSPRD_110222090840|Number of job runs per day|100|100|4
rac194.wpuziewicz.com_OUSPRD_110222090840|Number of job runs per day|291|105|1
rac194.wpuziewicz.com_OUSPRD_110222090840|Number of job runs per day|||4
rac194.wpuziewicz.com_OUSPRD_110222090840|Number of job runs per day|||3
rac194.wpuziewicz.com_OUSPRD_110222090840|Number of job runs per day|540|540|3
rac194.wpuziewicz.com_OUSPRD_110222090840|Number of physical disks|||4
rac194.wpuziewicz.com_OUSPRD_110222090840|Number of physical disks|||1
rac194.wpuziewicz.com_OUSPRD_110222090840|Number of physical disks|||4
rac194.wpuziewicz.com_OUSPRD_110222090840|Number of physical disks|||3
rac194.wpuziewicz.com_OUSPRD_110222090840|Number of physical disks|||3
rac194.wpuziewicz.com_OUSPRD_110222090840|Oracle Database instances|2|2|4
rac194.wpuziewicz.com_OUSPRD_110222090840|Oracle Database instances|2|2|1
rac194.wpuziewicz.com_OUSPRD_110222090840|Oracle Database instances|||4
rac194.wpuziewicz.com_OUSPRD_110222090840|Oracle Database instances|||3
rac194.wpuziewicz.com_OUSPRD_110222090840|Oracle Database instances|2|2|3
rac194.wpuziewicz.com_OUSPRD_110222090840|Size of Largest Segment (Bytes)|497025024|497025024|1
rac194.wpuziewicz.com_OUSPRD_110222090840|Size of Largest Segment (Bytes)|||3
rac194.wpuziewicz.com_OUSPRD_110222090840|Size of Largest Segment (Bytes)|941621248|442499072|3
rac194.wpuziewicz.com_OUSPRD_110222090840|Size of Largest Segment (Bytes)|||4
rac194.wpuziewicz.com_OUSPRD_110222090840|Size of Largest Segment (Bytes)|94371840|94371840|4
