 
PKEY|BACKUP_ST|CON_ID|INPUT_TYPE|ELAPSED_SECONDS|MBYTES_IN|MBYTES_OUT
rac194.wpuziewicz.com_OUSPRD_110222090840|24-OCT-22|1|ARCHIVELOG|27|858|858
rac194.wpuziewicz.com_OUSPRD_110222090840|25-OCT-22|1|ARCHIVELOG|132|4231|4231
rac194.wpuziewicz.com_OUSPRD_110222090840|26-OCT-22|1|ARCHIVELOG|125|4113|4113
rac194.wpuziewicz.com_OUSPRD_110222090840|27-OCT-22|1|ARCHIVELOG|113|4102|4103
rac194.wpuziewicz.com_OUSPRD_110222090840|28-OCT-22|1|ARCHIVELOG|129|4145|4145
rac194.wpuziewicz.com_OUSPRD_110222090840|29-OCT-22|1|ARCHIVELOG|115|4307|4307
rac194.wpuziewicz.com_OUSPRD_110222090840|30-OCT-22|1|ARCHIVELOG|129|4243|4244
rac194.wpuziewicz.com_OUSPRD_110222090840|31-OCT-22|1|ARCHIVELOG|117|4251|4252
rac194.wpuziewicz.com_OUSPRD_110222090840|01-NOV-22|1|ARCHIVELOG|137|4260|4260
rac194.wpuziewicz.com_OUSPRD_110222090840|02-NOV-22|1|ARCHIVELOG|64|2476|2476
