 
PKEY|CON_ID|INST_ID|LOG_ARCHIVE_CONFIG|DEST_ID|DEST_NAME|DESTINATION|STATUS|TARGET|SCHEDULE|REG|ALTERNATE|TRANSMIT_MOD|AFF|VALID_ROLE|VER
rac194.wpuziewicz.com_OUSPRD_110222090840|0|1|LOCAL_DESTINATION_CONFIG_NOT_APPLICABLE|1|LOG_ARCHIVE_DEST_1|USE_DB_RECOVERY_FILE_DEST|VALID|PRIMARY|ACTIVE|NO|NONE|SYNCHRONOUS|NO|ALL_ROLES|NO
rac194.wpuziewicz.com_OUSPRD_110222090840|0|1|dg_config=(ousprd,ousprddr);dg_config=(ousprd,ousprddr)|2|LOG_ARCHIVE_DEST_2|ousprddr|VALID|STANDBY|PENDING|YES|NONE|ASYNCHRONOUS|NO|ALL_ROLES|NO
rac194.wpuziewicz.com_OUSPRD_110222090840|0|2|LOCAL_DESTINATION_CONFIG_NOT_APPLICABLE|1|LOG_ARCHIVE_DEST_1|USE_DB_RECOVERY_FILE_DEST|VALID|PRIMARY|ACTIVE|NO|NONE|SYNCHRONOUS|NO|ALL_ROLES|NO
rac194.wpuziewicz.com_OUSPRD_110222090840|0|2|dg_config=(ousprd,ousprddr);dg_config=(ousprd,ousprddr)|2|LOG_ARCHIVE_DEST_2|ousprddr|VALID|STANDBY|PENDING|YES|NONE|ASYNCHRONOUS|NO|ALL_ROLES|NO
