 
PKEY|CON_ID|OWNER|OBJECT_TYPE|EDI|COUNT|IN_CON_ID|IN_OWNER|IN_OBJECT_TYPE|IN_EDITIONABLE
rac194.wpuziewicz.com_OUSPRD_110222090840|1|PERFSTAT|VIEW|N|1|0|0|0|0
rac194.wpuziewicz.com_OUSPRD_110222090840|1||VIEW||1|0|1|0|1
rac194.wpuziewicz.com_OUSPRD_110222090840|1|PERFSTAT|TABLE||73|0|0|0|0
rac194.wpuziewicz.com_OUSPRD_110222090840|1||TABLE||73|0|1|0|1
rac194.wpuziewicz.com_OUSPRD_110222090840|1|PUBLIC|SYNONYM|N|11610|0|0|0|0
rac194.wpuziewicz.com_OUSPRD_110222090840|1||SYNONYM||11610|0|1|0|1
rac194.wpuziewicz.com_OUSPRD_110222090840|1|PUBLIC|LOCKDOWN PROFILE||3|0|0|0|0
rac194.wpuziewicz.com_OUSPRD_110222090840|1||LOCKDOWN PROFILE||3|0|1|0|1
rac194.wpuziewicz.com_OUSPRD_110222090840|3|HR|VIEW|Y|1|0|0|0|0
rac194.wpuziewicz.com_OUSPRD_110222090840|3|IX|VIEW|Y|8|0|0|0|0
rac194.wpuziewicz.com_OUSPRD_110222090840|3|OE|VIEW|Y|13|0|0|0|0
rac194.wpuziewicz.com_OUSPRD_110222090840|3|SH|VIEW|Y|1|0|0|0|0
rac194.wpuziewicz.com_OUSPRD_110222090840|3|PERFSTAT|VIEW|N|1|0|0|0|0
rac194.wpuziewicz.com_OUSPRD_110222090840|3||VIEW||24|0|1|0|1
rac194.wpuziewicz.com_OUSPRD_110222090840|3|HR|INDEX||19|0|0|0|0
rac194.wpuziewicz.com_OUSPRD_110222090840|3|IX|INDEX||17|0|0|0|0
rac194.wpuziewicz.com_OUSPRD_110222090840|3|OE|INDEX||48|0|0|0|0
rac194.wpuziewicz.com_OUSPRD_110222090840|3|PM|INDEX||10|0|0|0|0
rac194.wpuziewicz.com_OUSPRD_110222090840|3|SH|INDEX||30|0|0|0|0
rac194.wpuziewicz.com_OUSPRD_110222090840|3|PERFSTAT|INDEX||73|0|0|0|0
rac194.wpuziewicz.com_OUSPRD_110222090840|3||INDEX||197|0|1|0|1
rac194.wpuziewicz.com_OUSPRD_110222090840|3|OE|SYNONYM|Y|6|0|0|0|0
rac194.wpuziewicz.com_OUSPRD_110222090840|3|PUBLIC|SYNONYM|N|11610|0|0|0|0
rac194.wpuziewicz.com_OUSPRD_110222090840|3||SYNONYM||11616|0|1|0|1
rac194.wpuziewicz.com_OUSPRD_110222090840|3|HR|TRIGGER|Y|2|0|0|0|0
rac194.wpuziewicz.com_OUSPRD_110222090840|3|OE|TRIGGER|Y|4|0|0|0|0
rac194.wpuziewicz.com_OUSPRD_110222090840|3||TRIGGER||6|0|1|0|1
rac194.wpuziewicz.com_OUSPRD_110222090840|3|IX|RULE SET||4|0|0|0|0
rac194.wpuziewicz.com_OUSPRD_110222090840|3||RULE SET||4|0|1|0|1
rac194.wpuziewicz.com_OUSPRD_110222090840|3|SH|INDEX PARTITION||196|0|0|0|0
rac194.wpuziewicz.com_OUSPRD_110222090840|3||INDEX PARTITION||196|0|1|0|1
rac194.wpuziewicz.com_OUSPRD_110222090840|3|SH|MATERIALIZED VIEW||2|0|0|0|0
rac194.wpuziewicz.com_OUSPRD_110222090840|3||MATERIALIZED VIEW||2|0|1|0|1
rac194.wpuziewicz.com_OUSPRD_110222090840|3|IX|EVALUATION CONTEXT||2|0|0|0|0
rac194.wpuziewicz.com_OUSPRD_110222090840|3||EVALUATION CONTEXT||2|0|1|0|1
rac194.wpuziewicz.com_OUSPRD_110222090840|4|SH|INDEX||18|0|0|0|0
rac194.wpuziewicz.com_OUSPRD_110222090840|4||INDEX||18|0|1|0|1
rac194.wpuziewicz.com_OUSPRD_110222090840|4|PUBLIC|SYNONYM|N|11520|0|0|0|0
rac194.wpuziewicz.com_OUSPRD_110222090840|4||SYNONYM||11520|0|1|0|1
rac194.wpuziewicz.com_OUSPRD_110222090840|1|PERFSTAT|INDEX||73|0|0|0|0
rac194.wpuziewicz.com_OUSPRD_110222090840|1||INDEX||73|0|1|0|1
rac194.wpuziewicz.com_OUSPRD_110222090840|1|PERFSTAT|PACKAGE BODY|N|1|0|0|0|0
rac194.wpuziewicz.com_OUSPRD_110222090840|1||PACKAGE BODY||1|0|1|0|1
rac194.wpuziewicz.com_OUSPRD_110222090840|3|PERFSTAT|JOB||2|0|0|0|0
rac194.wpuziewicz.com_OUSPRD_110222090840|3||JOB||2|0|1|0|1
rac194.wpuziewicz.com_OUSPRD_110222090840|3|IX|LOB||3|0|0|0|0
rac194.wpuziewicz.com_OUSPRD_110222090840|3|OE|LOB||15|0|0|0|0
rac194.wpuziewicz.com_OUSPRD_110222090840|3|PM|LOB||7|0|0|0|0
rac194.wpuziewicz.com_OUSPRD_110222090840|3|SH|LOB||1|0|0|0|0
rac194.wpuziewicz.com_OUSPRD_110222090840|3||LOB||26|0|1|0|1
rac194.wpuziewicz.com_OUSPRD_110222090840|3|IX|TYPE|Y|1|0|0|0|0
rac194.wpuziewicz.com_OUSPRD_110222090840|3|OE|TYPE|N|5|0|0|0|0
rac194.wpuziewicz.com_OUSPRD_110222090840|3|OE|TYPE|Y|32|0|0|0|0
rac194.wpuziewicz.com_OUSPRD_110222090840|3|PM|TYPE|Y|3|0|0|0|0
rac194.wpuziewicz.com_OUSPRD_110222090840|3||TYPE||41|0|1|0|1
rac194.wpuziewicz.com_OUSPRD_110222090840|3|HR|TABLE||7|0|0|0|0
rac194.wpuziewicz.com_OUSPRD_110222090840|3|IX|TABLE||17|0|0|0|0
rac194.wpuziewicz.com_OUSPRD_110222090840|3|OE|TABLE||14|0|0|0|0
rac194.wpuziewicz.com_OUSPRD_110222090840|3|PM|TABLE||2|0|0|0|0
rac194.wpuziewicz.com_OUSPRD_110222090840|3|SH|TABLE||16|0|0|0|0
rac194.wpuziewicz.com_OUSPRD_110222090840|3|WP|TABLE||32|0|0|0|0
rac194.wpuziewicz.com_OUSPRD_110222090840|3|EBS|TABLE||1|0|0|0|0
rac194.wpuziewicz.com_OUSPRD_110222090840|3|SBL|TABLE||1|0|0|0|0
rac194.wpuziewicz.com_OUSPRD_110222090840|3|PSFT|TABLE||1|0|0|0|0
rac194.wpuziewicz.com_OUSPRD_110222090840|3|PERFSTAT|TABLE||74|0|0|0|0
rac194.wpuziewicz.com_OUSPRD_110222090840|3||TABLE||165|0|1|0|1
rac194.wpuziewicz.com_OUSPRD_110222090840|3|PERFSTAT|SCHEDULE||2|0|0|0|0
rac194.wpuziewicz.com_OUSPRD_110222090840|3||SCHEDULE||2|0|1|0|1
rac194.wpuziewicz.com_OUSPRD_110222090840|3|SH|DIMENSION||5|0|0|0|0
rac194.wpuziewicz.com_OUSPRD_110222090840|3||DIMENSION||5|0|1|0|1
rac194.wpuziewicz.com_OUSPRD_110222090840|3|OE|TYPE BODY|Y|3|0|0|0|0
rac194.wpuziewicz.com_OUSPRD_110222090840|3||TYPE BODY||3|0|1|0|1
rac194.wpuziewicz.com_OUSPRD_110222090840|3|SH|TABLE PARTITION||56|0|0|0|0
rac194.wpuziewicz.com_OUSPRD_110222090840|3||TABLE PARTITION||56|0|1|0|1
rac194.wpuziewicz.com_OUSPRD_110222090840|4|SH|VIEW|Y|4|0|0|0|0
rac194.wpuziewicz.com_OUSPRD_110222090840|4||VIEW||4|0|1|0|1
rac194.wpuziewicz.com_OUSPRD_110222090840|1|PERFSTAT|PACKAGE|N|1|0|0|0|0
rac194.wpuziewicz.com_OUSPRD_110222090840|1||PACKAGE||1|0|1|0|1
rac194.wpuziewicz.com_OUSPRD_110222090840|1|PERFSTAT|SEQUENCE||1|0|0|0|0
rac194.wpuziewicz.com_OUSPRD_110222090840|1||SEQUENCE||1|0|1|0|1
rac194.wpuziewicz.com_OUSPRD_110222090840|3|IX|QUEUE||4|0|0|0|0
rac194.wpuziewicz.com_OUSPRD_110222090840|3||QUEUE||4|0|1|0|1
rac194.wpuziewicz.com_OUSPRD_110222090840|3|WP|PACKAGE|Y|1|0|0|0|0
rac194.wpuziewicz.com_OUSPRD_110222090840|3|PERFSTAT|PACKAGE|N|1|0|0|0|0
rac194.wpuziewicz.com_OUSPRD_110222090840|3||PACKAGE||2|0|1|0|1
rac194.wpuziewicz.com_OUSPRD_110222090840|3|PERFSTAT|PROGRAM||2|0|0|0|0
rac194.wpuziewicz.com_OUSPRD_110222090840|3||PROGRAM||2|0|1|0|1
rac194.wpuziewicz.com_OUSPRD_110222090840|3|OE|FUNCTION|Y|1|0|0|0|0
rac194.wpuziewicz.com_OUSPRD_110222090840|3|WP|FUNCTION|Y|1|0|0|0|0
rac194.wpuziewicz.com_OUSPRD_110222090840|3||FUNCTION||2|0|1|0|1
rac194.wpuziewicz.com_OUSPRD_110222090840|3|HR|SEQUENCE||3|0|0|0|0
rac194.wpuziewicz.com_OUSPRD_110222090840|3|IX|SEQUENCE||2|0|0|0|0
rac194.wpuziewicz.com_OUSPRD_110222090840|3|OE|SEQUENCE||1|0|0|0|0
rac194.wpuziewicz.com_OUSPRD_110222090840|3|PERFSTAT|SEQUENCE||1|0|0|0|0
rac194.wpuziewicz.com_OUSPRD_110222090840|3||SEQUENCE||7|0|1|0|1
rac194.wpuziewicz.com_OUSPRD_110222090840|3|HR|PROCEDURE|Y|2|0|0|0|0
rac194.wpuziewicz.com_OUSPRD_110222090840|3|PERFSTAT|PROCEDURE|N|1|0|0|0|0
rac194.wpuziewicz.com_OUSPRD_110222090840|3||PROCEDURE||3|0|1|0|1
rac194.wpuziewicz.com_OUSPRD_110222090840|3|WP|PACKAGE BODY|Y|1|0|0|0|0
rac194.wpuziewicz.com_OUSPRD_110222090840|3|PERFSTAT|PACKAGE BODY|N|1|0|0|0|0
rac194.wpuziewicz.com_OUSPRD_110222090840|3||PACKAGE BODY||2|0|1|0|1
rac194.wpuziewicz.com_OUSPRD_110222090840|3|WP|DATABASE LINK||1|0|0|0|0
rac194.wpuziewicz.com_OUSPRD_110222090840|3||DATABASE LINK||1|0|1|0|1
rac194.wpuziewicz.com_OUSPRD_110222090840|4|SH|TABLE||8|0|0|0|0
rac194.wpuziewicz.com_OUSPRD_110222090840|4||TABLE||8|0|1|0|1
