 
PKEY|CON_ID|OWNER|INDEX_TYPE|CNT
rac194.wpuziewicz.com_OUSPRD_110222090840|3|HR|IOT - TOP|1
rac194.wpuziewicz.com_OUSPRD_110222090840|4|SH|NORMAL|7
rac194.wpuziewicz.com_OUSPRD_110222090840|4|SH|BITMAP|11
rac194.wpuziewicz.com_OUSPRD_110222090840|3|IX|NORMAL|5
rac194.wpuziewicz.com_OUSPRD_110222090840|3|SH|LOB|1
rac194.wpuziewicz.com_OUSPRD_110222090840|3|PM|NORMAL|3
rac194.wpuziewicz.com_OUSPRD_110222090840|3|SH|DOMAIN|1
rac194.wpuziewicz.com_OUSPRD_110222090840|3|OE|NORMAL|32
rac194.wpuziewicz.com_OUSPRD_110222090840|3|OE|FUNCTION-BASED NORMAL|1
rac194.wpuziewicz.com_OUSPRD_110222090840|3|HR|NORMAL|18
rac194.wpuziewicz.com_OUSPRD_110222090840|3|IX|LOB|3
rac194.wpuziewicz.com_OUSPRD_110222090840|3|PM|LOB|7
rac194.wpuziewicz.com_OUSPRD_110222090840|3|SH|BITMAP|15
rac194.wpuziewicz.com_OUSPRD_110222090840|1|PERFSTAT|NORMAL|73
rac194.wpuziewicz.com_OUSPRD_110222090840|3|SH|NORMAL|12
rac194.wpuziewicz.com_OUSPRD_110222090840|3|OE|LOB|15
rac194.wpuziewicz.com_OUSPRD_110222090840|3|SH|IOT - TOP|1
rac194.wpuziewicz.com_OUSPRD_110222090840|3|IX|IOT - TOP|9
rac194.wpuziewicz.com_OUSPRD_110222090840|3|PERFSTAT|NORMAL|73
