 
PKEY|CON_ID|OWNER|DATA_TYPE|CNT|DATA_LENGTH|DATA_PRECISION|DATA_SCALE|AVG_COL_LEN|DISTINCT_TABLE_COUNT
rac194.wpuziewicz.com_OUSPRD_110222090840|3|PERFSTAT|VARCHAR2|2|10|||0|1
rac194.wpuziewicz.com_OUSPRD_110222090840|1|PERFSTAT|VARCHAR2|2|1|||0|2
rac194.wpuziewicz.com_OUSPRD_110222090840|1|PERFSTAT|VARCHAR2|1|80|||0|1
rac194.wpuziewicz.com_OUSPRD_110222090840|3|WP|CHAR|2|7|||8|1
rac194.wpuziewicz.com_OUSPRD_110222090840|4|SH|NUMBER|16|22||||4
rac194.wpuziewicz.com_OUSPRD_110222090840|4|SH|VARCHAR2|1|36|||10|1
rac194.wpuziewicz.com_OUSPRD_110222090840|3|PERFSTAT|VARCHAR2|2|128|||4|2
rac194.wpuziewicz.com_OUSPRD_110222090840|3|PM|NUMBER|1|22|6|0|5|1
rac194.wpuziewicz.com_OUSPRD_110222090840|3|SH|DATE|2|7|||1|2
rac194.wpuziewicz.com_OUSPRD_110222090840|1|PERFSTAT|VARCHAR2|6|4000|||0|2
rac194.wpuziewicz.com_OUSPRD_110222090840|3|PERFSTAT|VARCHAR2|1|9|||3|1
rac194.wpuziewicz.com_OUSPRD_110222090840|3|PERFSTAT|VARCHAR2|1|101|||17|1
rac194.wpuziewicz.com_OUSPRD_110222090840|1|PERFSTAT|VARCHAR2|2|18|||0|2
rac194.wpuziewicz.com_OUSPRD_110222090840|1|PERFSTAT|VARCHAR2|1|64|||17|1
rac194.wpuziewicz.com_OUSPRD_110222090840|3|WP|VARCHAR2|1|128|||22|1
rac194.wpuziewicz.com_OUSPRD_110222090840|3|HR|VARCHAR2|1|35||||1
rac194.wpuziewicz.com_OUSPRD_110222090840|4|SH|NUMBER|4|22|10|0|2|1
rac194.wpuziewicz.com_OUSPRD_110222090840|3|PERFSTAT|VARCHAR2|1|1024|||0|1
rac194.wpuziewicz.com_OUSPRD_110222090840|1|PERFSTAT|VARCHAR2|1|17|||11|1
rac194.wpuziewicz.com_OUSPRD_110222090840|3|SH|NUMBER|1|22|||6|1
rac194.wpuziewicz.com_OUSPRD_110222090840|3|SH|VARCHAR2|1|30|||17|1
rac194.wpuziewicz.com_OUSPRD_110222090840|3|PM|NUMBER|1|22|6|0|4|1
rac194.wpuziewicz.com_OUSPRD_110222090840|3|SH|VARCHAR2|1|10|||6|1
rac194.wpuziewicz.com_OUSPRD_110222090840|3|PERFSTAT|VARCHAR2|1|1|||0|1
rac194.wpuziewicz.com_OUSPRD_110222090840|3|IX|NUMBER|4|22|||2|3
rac194.wpuziewicz.com_OUSPRD_110222090840|3|PERFSTAT|NUMBER|55|22|||2|19
rac194.wpuziewicz.com_OUSPRD_110222090840|3|OE|VARCHAR2|2|8||||2
rac194.wpuziewicz.com_OUSPRD_110222090840|3|IX|VARCHAR2|2|16||||2
rac194.wpuziewicz.com_OUSPRD_110222090840|3|SH|VARCHAR2|1|50|||26|1
rac194.wpuziewicz.com_OUSPRD_110222090840|1|PERFSTAT|VARCHAR2|2|15|||0|2
rac194.wpuziewicz.com_OUSPRD_110222090840|1|PERFSTAT|VARCHAR2|1|12|||0|1
rac194.wpuziewicz.com_OUSPRD_110222090840|1|PERFSTAT|VARCHAR2|4|9|||0|3
rac194.wpuziewicz.com_OUSPRD_110222090840|3|OE|VARCHAR2|1|20|||11|1
rac194.wpuziewicz.com_OUSPRD_110222090840|3|OE|VARCHAR2|1|2000||||1
rac194.wpuziewicz.com_OUSPRD_110222090840|3|HR|VARCHAR2|1|20|||7|1
rac194.wpuziewicz.com_OUSPRD_110222090840|3|HR|DATE|3|7|||8|2
rac194.wpuziewicz.com_OUSPRD_110222090840|3|WP|VARCHAR2|1|5|||6|1
rac194.wpuziewicz.com_OUSPRD_110222090840|3|PERFSTAT|VARCHAR2|1|6|||6|1
rac194.wpuziewicz.com_OUSPRD_110222090840|4|SH|VARCHAR2|1|40|||0|1
rac194.wpuziewicz.com_OUSPRD_110222090840|3|PM|BLOB|1|4000|||133|1
rac194.wpuziewicz.com_OUSPRD_110222090840|1|PERFSTAT|VARCHAR2|1|50|||0|1
rac194.wpuziewicz.com_OUSPRD_110222090840|3|HR|VARCHAR2|2|10|||9|2
rac194.wpuziewicz.com_OUSPRD_110222090840|3|PERFSTAT|VARCHAR2|1|40|||18|1
rac194.wpuziewicz.com_OUSPRD_110222090840|3|HR|VARCHAR2|1|20|||15|1
rac194.wpuziewicz.com_OUSPRD_110222090840|1|PERFSTAT|VARCHAR2|1|11|||0|1
rac194.wpuziewicz.com_OUSPRD_110222090840|3|OE|NUMBER|2|22|12|0|4|2
rac194.wpuziewicz.com_OUSPRD_110222090840|3|SBL|VARCHAR2|1|100|||0|1
rac194.wpuziewicz.com_OUSPRD_110222090840|3|WP|VARCHAR2|2|128|||8|2
rac194.wpuziewicz.com_OUSPRD_110222090840|3|WP|VARCHAR2|3|128|||6|3
rac194.wpuziewicz.com_OUSPRD_110222090840|3|PERFSTAT|VARCHAR2|1|20|||11|1
rac194.wpuziewicz.com_OUSPRD_110222090840|3|SH|VARCHAR2|3|8|||8|2
rac194.wpuziewicz.com_OUSPRD_110222090840|3|OE|NVARCHAR2|1|4000||||1
rac194.wpuziewicz.com_OUSPRD_110222090840|3|HR|VARCHAR2|1|40|||9|1
rac194.wpuziewicz.com_OUSPRD_110222090840|3|WP|VARCHAR2|1|120|||5|1
rac194.wpuziewicz.com_OUSPRD_110222090840|4|SH|VARCHAR2|1|7|||8|1
rac194.wpuziewicz.com_OUSPRD_110222090840|3|PERFSTAT|VARCHAR2|1|300|||148|1
rac194.wpuziewicz.com_OUSPRD_110222090840|3|WP|VARCHAR2|1|128|||18|1
rac194.wpuziewicz.com_OUSPRD_110222090840|3|PERFSTAT|VARCHAR2|1|64|||14|1
rac194.wpuziewicz.com_OUSPRD_110222090840|3|SH|VARCHAR2|1|20|||2|1
rac194.wpuziewicz.com_OUSPRD_110222090840|3|OE|DATE|1|7|||8|1
rac194.wpuziewicz.com_OUSPRD_110222090840|3|WP|VARCHAR2|1|770|||26|1
rac194.wpuziewicz.com_OUSPRD_110222090840|3|OE|NUMBER|1|22|1|0|3|1
rac194.wpuziewicz.com_OUSPRD_110222090840|3|OE|NUMBER|2|22|8|0|4|2
rac194.wpuziewicz.com_OUSPRD_110222090840|3|PERFSTAT|VARCHAR2|2|64||||2
rac194.wpuziewicz.com_OUSPRD_110222090840|1|PERFSTAT|NUMBER|19|22|||3|4
rac194.wpuziewicz.com_OUSPRD_110222090840|3|SH|NUMBER|2|22|6|0|4|2
rac194.wpuziewicz.com_OUSPRD_110222090840|3|SH|NUMBER|3|22|1|0|3|1
rac194.wpuziewicz.com_OUSPRD_110222090840|3|IX|VARCHAR2|1|512|||2|1
rac194.wpuziewicz.com_OUSPRD_110222090840|3|HR|CHAR|1|2||||1
rac194.wpuziewicz.com_OUSPRD_110222090840|3|SH|CHAR|2|7|||8|1
rac194.wpuziewicz.com_OUSPRD_110222090840|3|IX|VARCHAR2|6|261|||0|2
rac194.wpuziewicz.com_OUSPRD_110222090840|3|WP|VARCHAR2|1|27|||7|1
rac194.wpuziewicz.com_OUSPRD_110222090840|3|OE|VARCHAR2|2|3|||3|2
rac194.wpuziewicz.com_OUSPRD_110222090840|1|PERFSTAT|VARCHAR2|2|3|||4|2
rac194.wpuziewicz.com_OUSPRD_110222090840|1|PERFSTAT|VARCHAR2|1|1000|||0|1
rac194.wpuziewicz.com_OUSPRD_110222090840|3|WP|VARCHAR2|1|12|||5|1
rac194.wpuziewicz.com_OUSPRD_110222090840|3|WP|VARCHAR2|1|17|||18|1
rac194.wpuziewicz.com_OUSPRD_110222090840|4|SH|NUMBER|1|22|||0|1
rac194.wpuziewicz.com_OUSPRD_110222090840|1|PERFSTAT|VARCHAR2|1|48|||0|1
rac194.wpuziewicz.com_OUSPRD_110222090840|3|PERFSTAT|NUMBER|141|22|||4|51
rac194.wpuziewicz.com_OUSPRD_110222090840|3|IX|VARCHAR2|8|512||||8
rac194.wpuziewicz.com_OUSPRD_110222090840|4|SH|VARCHAR2|1|30|||7|1
rac194.wpuziewicz.com_OUSPRD_110222090840|3|WP|VARCHAR2|1|14|||0|1
rac194.wpuziewicz.com_OUSPRD_110222090840|3|PERFSTAT|VARCHAR2|2|13|||8|2
rac194.wpuziewicz.com_OUSPRD_110222090840|3|WP|VARCHAR2|1|39|||4|1
rac194.wpuziewicz.com_OUSPRD_110222090840|3|IX|TIMESTAMP(9)|2|11||9||2
rac194.wpuziewicz.com_OUSPRD_110222090840|3|OE|NUMBER|2|22|2|0|3|2
rac194.wpuziewicz.com_OUSPRD_110222090840|3|SH|NUMBER|2|22|||0|2
rac194.wpuziewicz.com_OUSPRD_110222090840|3|OE|VARCHAR2|3|10||||2
rac194.wpuziewicz.com_OUSPRD_110222090840|4|SH|NUMBER|1|22|3|0|3|1
rac194.wpuziewicz.com_OUSPRD_110222090840|3|PERFSTAT|VARCHAR2|5|4000|||0|1
rac194.wpuziewicz.com_OUSPRD_110222090840|3|SH|VARCHAR2|1|21|||3|1
rac194.wpuziewicz.com_OUSPRD_110222090840|3|PM|TEXTDOC_TAB|1|16||||1
rac194.wpuziewicz.com_OUSPRD_110222090840|4|SH|VARCHAR2|1|13|||6|1
rac194.wpuziewicz.com_OUSPRD_110222090840|3|WP|CHAR|2|6|||7|1
rac194.wpuziewicz.com_OUSPRD_110222090840|4|SH|VARCHAR2|1|50|||26|1
rac194.wpuziewicz.com_OUSPRD_110222090840|4|SH|VARCHAR2|1|4|||5|1
rac194.wpuziewicz.com_OUSPRD_110222090840|3|PERFSTAT|VARCHAR2|1|16|||8|1
rac194.wpuziewicz.com_OUSPRD_110222090840|3|PERFSTAT|VARCHAR2|1|64|||21|1
rac194.wpuziewicz.com_OUSPRD_110222090840|3|OE|PHONE_LIST_TYP|1|147||||1
rac194.wpuziewicz.com_OUSPRD_110222090840|3|SH|VARCHAR2|1|40|||10|1
rac194.wpuziewicz.com_OUSPRD_110222090840|4|SH|VARCHAR2|1|30|||10|1
rac194.wpuziewicz.com_OUSPRD_110222090840|4|SH|VARCHAR2|1|25|||10|1
rac194.wpuziewicz.com_OUSPRD_110222090840|4|SH|VARCHAR2|1|3|||4|1
rac194.wpuziewicz.com_OUSPRD_110222090840|3|SH|NUMBER|19|22|||4|7
rac194.wpuziewicz.com_OUSPRD_110222090840|3|SH|VARCHAR2|2|20|||7|2
rac194.wpuziewicz.com_OUSPRD_110222090840|3|PERFSTAT|VARCHAR2|3|64|||17|3
rac194.wpuziewicz.com_OUSPRD_110222090840|3|WP|VARCHAR2|7|128|||3|7
rac194.wpuziewicz.com_OUSPRD_110222090840|1|PERFSTAT|VARCHAR2|1|18|||11|1
rac194.wpuziewicz.com_OUSPRD_110222090840|3|WP|VARCHAR2|1|40|||0|1
rac194.wpuziewicz.com_OUSPRD_110222090840|4|SH|NUMBER|1|22|6|0|3|1
rac194.wpuziewicz.com_OUSPRD_110222090840|3|PERFSTAT|VARCHAR2|1|31||||1
rac194.wpuziewicz.com_OUSPRD_110222090840|3|WP|NUMBER|1|22|||8|1
rac194.wpuziewicz.com_OUSPRD_110222090840|3|HR|VARCHAR2|1|30|||9|1
rac194.wpuziewicz.com_OUSPRD_110222090840|3|HR|VARCHAR2|2|30||||1
rac194.wpuziewicz.com_OUSPRD_110222090840|4|SH|DATE|7|7|||8|5
rac194.wpuziewicz.com_OUSPRD_110222090840|3|WP|CHAR|1|8|||9|1
rac194.wpuziewicz.com_OUSPRD_110222090840|3|HR|NUMBER|1|22|2|2||1
rac194.wpuziewicz.com_OUSPRD_110222090840|3|OE|NUMBER|3|22|9|2||3
rac194.wpuziewicz.com_OUSPRD_110222090840|3|PERFSTAT|VARCHAR2|1|50|||21|1
rac194.wpuziewicz.com_OUSPRD_110222090840|3|WP|NUMBER|1|22|||6|1
rac194.wpuziewicz.com_OUSPRD_110222090840|1|PERFSTAT|NUMBER|3|22|||7|3
rac194.wpuziewicz.com_OUSPRD_110222090840|3|HR|VARCHAR2|1|25|||11|1
rac194.wpuziewicz.com_OUSPRD_110222090840|3|PERFSTAT|VARCHAR2|1|4000|||9|1
rac194.wpuziewicz.com_OUSPRD_110222090840|3|SH|VARCHAR2|1|30|||13|1
rac194.wpuziewicz.com_OUSPRD_110222090840|3|OE|NVARCHAR2|1|100|||33|1
rac194.wpuziewicz.com_OUSPRD_110222090840|3|HR|NUMBER|2|22|||3|2
rac194.wpuziewicz.com_OUSPRD_110222090840|3|PERFSTAT|VARCHAR2|1|22|||14|1
rac194.wpuziewicz.com_OUSPRD_110222090840|3|PERFSTAT|NUMBER|29|22|||6|16
rac194.wpuziewicz.com_OUSPRD_110222090840|1|PERFSTAT|DATE|2|7|||8|2
rac194.wpuziewicz.com_OUSPRD_110222090840|3|HR|NUMBER|1|22|2|2|2|1
rac194.wpuziewicz.com_OUSPRD_110222090840|3|IX|NUMBER|32|22|||0|13
rac194.wpuziewicz.com_OUSPRD_110222090840|4|SH|NUMBER|1|22|4|0|4|1
rac194.wpuziewicz.com_OUSPRD_110222090840|3|WP|VARCHAR2|10|2|||0|10
rac194.wpuziewicz.com_OUSPRD_110222090840|3|PERFSTAT|VARCHAR2|1|14|||9|1
rac194.wpuziewicz.com_OUSPRD_110222090840|3|OE|ORDER_LIST_TYP|2|64||||2
rac194.wpuziewicz.com_OUSPRD_110222090840|1|PERFSTAT|VARCHAR2|3|31|||0|3
rac194.wpuziewicz.com_OUSPRD_110222090840|1|PERFSTAT|VARCHAR2|18|64|||0|15
rac194.wpuziewicz.com_OUSPRD_110222090840|3|PERFSTAT|DATE|6|7|||0|6
rac194.wpuziewicz.com_OUSPRD_110222090840|3|PERFSTAT|VARCHAR2|3|64|||19|3
rac194.wpuziewicz.com_OUSPRD_110222090840|3|WP|VARCHAR2|2|3|||3|1
rac194.wpuziewicz.com_OUSPRD_110222090840|3|WP|VARCHAR2|1|23|||8|1
rac194.wpuziewicz.com_OUSPRD_110222090840|3|OE|VARCHAR2|1|20|||7|1
rac194.wpuziewicz.com_OUSPRD_110222090840|3|IX|AQ$_SIG_PROP|4|1||||2
rac194.wpuziewicz.com_OUSPRD_110222090840|3|SH|VARCHAR2|2|50|||14|2
rac194.wpuziewicz.com_OUSPRD_110222090840|3|OE|VARCHAR2|1|50|||16|1
rac194.wpuziewicz.com_OUSPRD_110222090840|1|PERFSTAT|VARCHAR2|1|300|||148|1
rac194.wpuziewicz.com_OUSPRD_110222090840|3|PERFSTAT|VARCHAR2|1|9|||2|1
rac194.wpuziewicz.com_OUSPRD_110222090840|3|IX|TIMESTAMP(6) WITH TIME ZONE|1|13||6|7|1
rac194.wpuziewicz.com_OUSPRD_110222090840|1|PERFSTAT|VARCHAR2|1|261|||0|1
rac194.wpuziewicz.com_OUSPRD_110222090840|1|PERFSTAT|VARCHAR2|2|32|||0|2
rac194.wpuziewicz.com_OUSPRD_110222090840|3|HR|VARCHAR2|1|40|||21|1
rac194.wpuziewicz.com_OUSPRD_110222090840|3|PERFSTAT|VARCHAR2|1|30|||12|1
rac194.wpuziewicz.com_OUSPRD_110222090840|1|PERFSTAT|VARCHAR2|1|17|||0|1
rac194.wpuziewicz.com_OUSPRD_110222090840|3|PERFSTAT|VARCHAR2|4|20|||0|2
rac194.wpuziewicz.com_OUSPRD_110222090840|3|PERFSTAT|VARCHAR2|2|128|||23|2
rac194.wpuziewicz.com_OUSPRD_110222090840|1|PERFSTAT|VARCHAR2|3|3|||0|3
rac194.wpuziewicz.com_OUSPRD_110222090840|4|SH|VARCHAR2|1|30|||19|1
rac194.wpuziewicz.com_OUSPRD_110222090840|4|SH|VARCHAR2|2|3|||3|1
rac194.wpuziewicz.com_OUSPRD_110222090840|3|OE|VARCHAR2|1|40|||34|1
rac194.wpuziewicz.com_OUSPRD_110222090840|3|PERFSTAT|VARCHAR2|1|38|||27|1
rac194.wpuziewicz.com_OUSPRD_110222090840|1|PERFSTAT|VARCHAR2|1|1024|||0|1
rac194.wpuziewicz.com_OUSPRD_110222090840|3|PERFSTAT|VARCHAR2|1|30|||11|1
rac194.wpuziewicz.com_OUSPRD_110222090840|3|PERFSTAT|VARCHAR2|5|30|||0|4
rac194.wpuziewicz.com_OUSPRD_110222090840|3|PERFSTAT|VARCHAR2|1|2|||3|1
rac194.wpuziewicz.com_OUSPRD_110222090840|3|PERFSTAT|RAW|1|8|||0|1
rac194.wpuziewicz.com_OUSPRD_110222090840|1|PERFSTAT|VARCHAR2|1|31||||1
rac194.wpuziewicz.com_OUSPRD_110222090840|3|WP|CHAR|1|11|||12|1
rac194.wpuziewicz.com_OUSPRD_110222090840|3|OE|INTERVAL YEAR(2) TO MONTH|1|5|2|0|5|1
rac194.wpuziewicz.com_OUSPRD_110222090840|3|PERFSTAT|VARCHAR2|1|80|||18|1
rac194.wpuziewicz.com_OUSPRD_110222090840|3|WP|VARCHAR2|1|1|||2|1
rac194.wpuziewicz.com_OUSPRD_110222090840|3|SH|VARCHAR2|1|9|||9|1
rac194.wpuziewicz.com_OUSPRD_110222090840|3|SH|VARCHAR2|1|25|||14|1
rac194.wpuziewicz.com_OUSPRD_110222090840|3|WP|NUMBER|153|22|||0|14
rac194.wpuziewicz.com_OUSPRD_110222090840|3|PERFSTAT|VARCHAR2|1|31|||0|1
rac194.wpuziewicz.com_OUSPRD_110222090840|3|PERFSTAT|VARCHAR2|5|64|||0|3
rac194.wpuziewicz.com_OUSPRD_110222090840|1|PERFSTAT|VARCHAR2|7|20|||0|5
rac194.wpuziewicz.com_OUSPRD_110222090840|3|OE|VARCHAR2|4|30||||3
rac194.wpuziewicz.com_OUSPRD_110222090840|3|IX|VARCHAR2|1|128|||2|1
rac194.wpuziewicz.com_OUSPRD_110222090840|4|SH|NUMBER|8|22|10|2||4
rac194.wpuziewicz.com_OUSPRD_110222090840|3|OE|NUMBER|3|22|3|0|3|3
rac194.wpuziewicz.com_OUSPRD_110222090840|3|OE|VARCHAR2|1|50|||46|1
rac194.wpuziewicz.com_OUSPRD_110222090840|1|PERFSTAT|VARCHAR2|1|64|||26|1
rac194.wpuziewicz.com_OUSPRD_110222090840|3|IX|TIMESTAMP(6) WITH TIME ZONE|5|13||6|1|2
rac194.wpuziewicz.com_OUSPRD_110222090840|3|HR|NUMBER|2|22|4|0||1
rac194.wpuziewicz.com_OUSPRD_110222090840|3|HR|VARCHAR2|1|30|||12|1
rac194.wpuziewicz.com_OUSPRD_110222090840|1|PERFSTAT|RAW|3|8|||0|3
rac194.wpuziewicz.com_OUSPRD_110222090840|3|WP|VARCHAR2|1|128|||12|1
rac194.wpuziewicz.com_OUSPRD_110222090840|3|PERFSTAT|VARCHAR2|1|32|||17|1
rac194.wpuziewicz.com_OUSPRD_110222090840|3|PERFSTAT|VARCHAR2|1|64|||31|1
rac194.wpuziewicz.com_OUSPRD_110222090840|3|SH|NUMBER|4|22|10|2||1
rac194.wpuziewicz.com_OUSPRD_110222090840|3|IX|ANYDATA|4|4408||||3
rac194.wpuziewicz.com_OUSPRD_110222090840|3|IX|VARCHAR2|2|31||||2
rac194.wpuziewicz.com_OUSPRD_110222090840|3|SH|VARCHAR2|2|20|||8|2
rac194.wpuziewicz.com_OUSPRD_110222090840|3|PERFSTAT|VARCHAR2|2|5|||6|2
rac194.wpuziewicz.com_OUSPRD_110222090840|3|PERFSTAT|VARCHAR2|2|13|||0|2
rac194.wpuziewicz.com_OUSPRD_110222090840|3|OE|VARCHAR2|2|20|||8|1
rac194.wpuziewicz.com_OUSPRD_110222090840|4|SH|VARCHAR2|1|30|||17|1
rac194.wpuziewicz.com_OUSPRD_110222090840|3|WP|VARCHAR2|1|128|||15|1
rac194.wpuziewicz.com_OUSPRD_110222090840|3|HR|NUMBER|2|22|6|0||1
rac194.wpuziewicz.com_OUSPRD_110222090840|4|SH|VARCHAR2|1|50|||17|1
rac194.wpuziewicz.com_OUSPRD_110222090840|4|SH|NUMBER|8|22|||5|4
rac194.wpuziewicz.com_OUSPRD_110222090840|3|PERFSTAT|VARCHAR2|1|64|||10|1
rac194.wpuziewicz.com_OUSPRD_110222090840|3|IX|VARCHAR2|12|1024||||10
rac194.wpuziewicz.com_OUSPRD_110222090840|3|IX|VARCHAR2|6|128|||0|6
rac194.wpuziewicz.com_OUSPRD_110222090840|3|OE|NUMBER|2|22|6|0|3|2
rac194.wpuziewicz.com_OUSPRD_110222090840|3|SH|VARCHAR2|1|20|||6|1
rac194.wpuziewicz.com_OUSPRD_110222090840|3|OE|VARCHAR2|1|50|||10|1
rac194.wpuziewicz.com_OUSPRD_110222090840|3|PERFSTAT|VARCHAR2|1|15|||11|1
rac194.wpuziewicz.com_OUSPRD_110222090840|3|IX|RAW|2|1|||0|2
rac194.wpuziewicz.com_OUSPRD_110222090840|3|OE|CUST_ADDRESS_TYP|2|120||||2
rac194.wpuziewicz.com_OUSPRD_110222090840|1|PERFSTAT|NUMBER|1|22|||4|1
rac194.wpuziewicz.com_OUSPRD_110222090840|1|PERFSTAT|NUMBER|22|22||||2
rac194.wpuziewicz.com_OUSPRD_110222090840|3|OE|VARCHAR2|1|1000|||33|1
rac194.wpuziewicz.com_OUSPRD_110222090840|4|SH|VARCHAR2|3|2|||3|1
rac194.wpuziewicz.com_OUSPRD_110222090840|4|SH|VARCHAR2|1|13|||14|1
rac194.wpuziewicz.com_OUSPRD_110222090840|3|PERFSTAT|NUMBER|55|22|||5|19
rac194.wpuziewicz.com_OUSPRD_110222090840|3|PERFSTAT|VARCHAR2|2|13|||14|2
rac194.wpuziewicz.com_OUSPRD_110222090840|3|PERFSTAT|VARCHAR2|2|3|||4|2
rac194.wpuziewicz.com_OUSPRD_110222090840|3|IX|NUMBER|67|22||||10
rac194.wpuziewicz.com_OUSPRD_110222090840|4|SH|VARCHAR2|8|3||||4
rac194.wpuziewicz.com_OUSPRD_110222090840|1|PERFSTAT|NUMBER|1|22|||6|1
rac194.wpuziewicz.com_OUSPRD_110222090840|3|OE|DATE|1|7||||1
rac194.wpuziewicz.com_OUSPRD_110222090840|3|PERFSTAT|VARCHAR2|2|31|||32|2
rac194.wpuziewicz.com_OUSPRD_110222090840|3|IX|VARCHAR2|52|128||||10
rac194.wpuziewicz.com_OUSPRD_110222090840|3|PERFSTAT|VARCHAR2|2|20|||8|2
rac194.wpuziewicz.com_OUSPRD_110222090840|3|WP|VARCHAR2|1|64|||22|1
rac194.wpuziewicz.com_OUSPRD_110222090840|3|OE|NUMBER|2|22|1|0||2
rac194.wpuziewicz.com_OUSPRD_110222090840|3|WP|VARCHAR2|2|18|||6|2
rac194.wpuziewicz.com_OUSPRD_110222090840|3|WP|TIMESTAMP(3)|2|11||3|0|1
rac194.wpuziewicz.com_OUSPRD_110222090840|3|WP|VARCHAR2|1|13|||0|1
rac194.wpuziewicz.com_OUSPRD_110222090840|3|HR|VARCHAR2|1|10||||1
rac194.wpuziewicz.com_OUSPRD_110222090840|4|SH|VARCHAR2|1|40|||8|1
rac194.wpuziewicz.com_OUSPRD_110222090840|3|IX|VARCHAR2|8|30|||0|8
rac194.wpuziewicz.com_OUSPRD_110222090840|3|WP|VARCHAR2|1|4000|||51|1
rac194.wpuziewicz.com_OUSPRD_110222090840|3|PERFSTAT|VARCHAR2|2|3|||3|2
rac194.wpuziewicz.com_OUSPRD_110222090840|3|PSFT|VARCHAR2|1|100|||0|1
rac194.wpuziewicz.com_OUSPRD_110222090840|3|SH|NUMBER|12|22|||5|5
rac194.wpuziewicz.com_OUSPRD_110222090840|4|SH|NUMBER|1|22|||2|1
rac194.wpuziewicz.com_OUSPRD_110222090840|1|PERFSTAT|VARCHAR2|1|38|||0|1
rac194.wpuziewicz.com_OUSPRD_110222090840|3|PERFSTAT|VARCHAR2|1|35|||0|1
rac194.wpuziewicz.com_OUSPRD_110222090840|3|IX|VARCHAR2|2|5||||2
rac194.wpuziewicz.com_OUSPRD_110222090840|4|SH|NUMBER|3|22|6|0|4|3
rac194.wpuziewicz.com_OUSPRD_110222090840|4|SH|VARCHAR2|1|21|||8|1
rac194.wpuziewicz.com_OUSPRD_110222090840|3|WP|NUMBER|5|22|||4|3
rac194.wpuziewicz.com_OUSPRD_110222090840|1|PERFSTAT|VARCHAR2|2|513|||0|2
rac194.wpuziewicz.com_OUSPRD_110222090840|1|PERFSTAT|VARCHAR2|1|14|||0|1
rac194.wpuziewicz.com_OUSPRD_110222090840|3|PERFSTAT|VARCHAR2|1|513|||77|1
rac194.wpuziewicz.com_OUSPRD_110222090840|3|OE|INVENTORY_LIST_TYP|1|64||||1
rac194.wpuziewicz.com_OUSPRD_110222090840|3|OE|NUMBER|2|22|12|0||2
rac194.wpuziewicz.com_OUSPRD_110222090840|3|IX|NUMBER|3|22|||3|2
rac194.wpuziewicz.com_OUSPRD_110222090840|4|SH|NUMBER|4|22|10|0|3|1
rac194.wpuziewicz.com_OUSPRD_110222090840|3|PERFSTAT|VARCHAR2|1|1000|||0|1
rac194.wpuziewicz.com_OUSPRD_110222090840|3|SH|VARCHAR2|1|50|||17|1
rac194.wpuziewicz.com_OUSPRD_110222090840|3|SH|NUMBER|17|22|||3|9
rac194.wpuziewicz.com_OUSPRD_110222090840|3|WP|VARCHAR2|2|128|||4|2
rac194.wpuziewicz.com_OUSPRD_110222090840|3|SH|VARCHAR2|1|13|||14|1
rac194.wpuziewicz.com_OUSPRD_110222090840|4|SH|VARCHAR2|1|50|||14|1
rac194.wpuziewicz.com_OUSPRD_110222090840|3|PERFSTAT|VARCHAR2|3|64|||24|3
rac194.wpuziewicz.com_OUSPRD_110222090840|3|HR|NUMBER|5|22|6|0|4|3
rac194.wpuziewicz.com_OUSPRD_110222090840|4|SH|CHAR|1|1|||2|1
rac194.wpuziewicz.com_OUSPRD_110222090840|1|PERFSTAT|VARCHAR2|2|160|||0|2
rac194.wpuziewicz.com_OUSPRD_110222090840|3|WP|VARCHAR2|1|9|||7|1
rac194.wpuziewicz.com_OUSPRD_110222090840|4|SH|VARCHAR2|1|30|||13|1
rac194.wpuziewicz.com_OUSPRD_110222090840|3|SH|CHAR|1|2|||3|1
rac194.wpuziewicz.com_OUSPRD_110222090840|3|OE|INTERVAL YEAR(2) TO MONTH|2|5|2|0||2
rac194.wpuziewicz.com_OUSPRD_110222090840|3|SH|CHAR|1|1||||1
rac194.wpuziewicz.com_OUSPRD_110222090840|3|PERFSTAT|VARCHAR2|1|64|||22|1
rac194.wpuziewicz.com_OUSPRD_110222090840|3|IX|ORDER_EVENT_TYP|2|168||||2
rac194.wpuziewicz.com_OUSPRD_110222090840|3|SH|NUMBER|2|22|8|2|5|1
rac194.wpuziewicz.com_OUSPRD_110222090840|4|SH|VARCHAR2|1|2000|||17|1
rac194.wpuziewicz.com_OUSPRD_110222090840|3|IX|VARCHAR2|1|512|||5|1
rac194.wpuziewicz.com_OUSPRD_110222090840|3|OE|NUMBER|1|22|4|0|3|1
rac194.wpuziewicz.com_OUSPRD_110222090840|3|PERFSTAT|DATE|1|7|||2|1
rac194.wpuziewicz.com_OUSPRD_110222090840|3|IX|RAW|1|16|||17|1
rac194.wpuziewicz.com_OUSPRD_110222090840|3|IX|VARCHAR2|6|261||||4
rac194.wpuziewicz.com_OUSPRD_110222090840|3|SH|NUMBER|4|22|10|0||1
rac194.wpuziewicz.com_OUSPRD_110222090840|3|WP|VARCHAR2|3|16|||8|3
rac194.wpuziewicz.com_OUSPRD_110222090840|3|OE|NUMBER|1|22|6|0|5|1
rac194.wpuziewicz.com_OUSPRD_110222090840|4|SH|VARCHAR2|3|20|||8|3
rac194.wpuziewicz.com_OUSPRD_110222090840|3|PERFSTAT|VARCHAR2|1|18|||14|1
rac194.wpuziewicz.com_OUSPRD_110222090840|3|PERFSTAT|VARCHAR2|1|64|||27|1
rac194.wpuziewicz.com_OUSPRD_110222090840|3|SH|VARCHAR2|1|50|||28|1
rac194.wpuziewicz.com_OUSPRD_110222090840|3|SH|NUMBER|1|22|10|2|3|1
rac194.wpuziewicz.com_OUSPRD_110222090840|3|HR|NUMBER|1|22|6|0|3|1
rac194.wpuziewicz.com_OUSPRD_110222090840|3|IX|VARCHAR2|1|1024|||6|1
rac194.wpuziewicz.com_OUSPRD_110222090840|3|PERFSTAT|VARCHAR2|1|17|||11|1
rac194.wpuziewicz.com_OUSPRD_110222090840|3|PERFSTAT|VARCHAR2|1|18|||11|1
rac194.wpuziewicz.com_OUSPRD_110222090840|3|SH|NUMBER|1|22|38|0||1
rac194.wpuziewicz.com_OUSPRD_110222090840|3|SH|VARCHAR2|1|21|||8|1
rac194.wpuziewicz.com_OUSPRD_110222090840|1|PERFSTAT|VARCHAR2|1|10|||6|1
rac194.wpuziewicz.com_OUSPRD_110222090840|3|PERFSTAT|VARCHAR2|1|9|||6|1
rac194.wpuziewicz.com_OUSPRD_110222090840|1|PERFSTAT|VARCHAR2|2|64||||2
rac194.wpuziewicz.com_OUSPRD_110222090840|1|PERFSTAT|VARCHAR2|1|16|||8|1
rac194.wpuziewicz.com_OUSPRD_110222090840|3|WP|VARCHAR2|19|128|||23|19
rac194.wpuziewicz.com_OUSPRD_110222090840|3|SH|NUMBER|3|22|4|0|4|2
rac194.wpuziewicz.com_OUSPRD_110222090840|3|OE|CUST_ADDRESS_TYP|1|1||||1
rac194.wpuziewicz.com_OUSPRD_110222090840|3|SH|VARCHAR2|1|14|||15|1
rac194.wpuziewicz.com_OUSPRD_110222090840|3|OE|VARCHAR2|8|20||||5
rac194.wpuziewicz.com_OUSPRD_110222090840|3|SH|NUMBER|1|22|||7|1
rac194.wpuziewicz.com_OUSPRD_110222090840|3|SH|VARCHAR2|1|30|||10|1
rac194.wpuziewicz.com_OUSPRD_110222090840|3|PERFSTAT|VARCHAR2|1|15|||7|1
rac194.wpuziewicz.com_OUSPRD_110222090840|3|PERFSTAT|VARCHAR2|19|128|||0|6
rac194.wpuziewicz.com_OUSPRD_110222090840|3|WP|VARCHAR2|1|10|||7|1
rac194.wpuziewicz.com_OUSPRD_110222090840|3|OE|NUMBER|2|22|2|0|2|1
rac194.wpuziewicz.com_OUSPRD_110222090840|4|SH|NUMBER|1|22|10|2|4|1
rac194.wpuziewicz.com_OUSPRD_110222090840|3|SH|VARCHAR2|1|30|||21|1
rac194.wpuziewicz.com_OUSPRD_110222090840|4|SH|VARCHAR2|1|14|||5|1
rac194.wpuziewicz.com_OUSPRD_110222090840|3|PERFSTAT|VARCHAR2|1|48|||35|1
rac194.wpuziewicz.com_OUSPRD_110222090840|3|IX|CLOB|2|4000||||2
rac194.wpuziewicz.com_OUSPRD_110222090840|3|OE|XMLTYPE|2|2000||||2
rac194.wpuziewicz.com_OUSPRD_110222090840|3|HR|VARCHAR2|1|40||||1
rac194.wpuziewicz.com_OUSPRD_110222090840|3|IX|DATE|6|7||||2
rac194.wpuziewicz.com_OUSPRD_110222090840|3|PERFSTAT|VARCHAR2|1|10|||7|1
rac194.wpuziewicz.com_OUSPRD_110222090840|3|SH|VARCHAR2|1|40|||23|1
rac194.wpuziewicz.com_OUSPRD_110222090840|3|PERFSTAT|NUMBER|2|22|||11|1
rac194.wpuziewicz.com_OUSPRD_110222090840|3|OE|NUMBER|1|22|6|0|0|1
rac194.wpuziewicz.com_OUSPRD_110222090840|4|SH|VARCHAR2|2|20|||7|2
rac194.wpuziewicz.com_OUSPRD_110222090840|3|SH|VARCHAR2|1|40|||11|1
rac194.wpuziewicz.com_OUSPRD_110222090840|3|PERFSTAT|VARCHAR2|1|64|||26|1
rac194.wpuziewicz.com_OUSPRD_110222090840|1|PERFSTAT|NUMBER|1|22|||2|1
rac194.wpuziewicz.com_OUSPRD_110222090840|1|PERFSTAT|VARCHAR2|2|40|||0|2
rac194.wpuziewicz.com_OUSPRD_110222090840|3|PERFSTAT|DATE|12|7|||8|9
rac194.wpuziewicz.com_OUSPRD_110222090840|3|HR|NUMBER|2|22|4|0|4|2
rac194.wpuziewicz.com_OUSPRD_110222090840|1|PERFSTAT|VARCHAR2|24|128|||0|8
rac194.wpuziewicz.com_OUSPRD_110222090840|3|WP|VARCHAR2|1|80|||71|1
rac194.wpuziewicz.com_OUSPRD_110222090840|3|OE|VARCHAR2|1|20|||21|1
rac194.wpuziewicz.com_OUSPRD_110222090840|1|PERFSTAT|VARCHAR2|9|30|||0|8
rac194.wpuziewicz.com_OUSPRD_110222090840|3|SH|VARCHAR2|1|40|||0|1
rac194.wpuziewicz.com_OUSPRD_110222090840|3|PERFSTAT|VARCHAR2|1|9|||7|1
rac194.wpuziewicz.com_OUSPRD_110222090840|3|PM|CLOB|1|4000|||573|1
rac194.wpuziewicz.com_OUSPRD_110222090840|3|WP|VARCHAR2|1|256|||18|1
rac194.wpuziewicz.com_OUSPRD_110222090840|3|PERFSTAT|VARCHAR2|1|9|||9|1
rac194.wpuziewicz.com_OUSPRD_110222090840|3|WP|VARCHAR2|1|12|||13|1
rac194.wpuziewicz.com_OUSPRD_110222090840|3|PERFSTAT|VARCHAR2|1|1|||2|1
rac194.wpuziewicz.com_OUSPRD_110222090840|3|HR|VARCHAR2|1|35|||19|1
rac194.wpuziewicz.com_OUSPRD_110222090840|3|IX|TIMESTAMP(6) WITH TIME ZONE|2|13||6|0|2
rac194.wpuziewicz.com_OUSPRD_110222090840|3|OE|VARCHAR2|1|8|||7|1
rac194.wpuziewicz.com_OUSPRD_110222090840|3|SH|VARCHAR2|1|2000|||17|1
rac194.wpuziewicz.com_OUSPRD_110222090840|4|SH|NUMBER|2|22|6|0|5|1
rac194.wpuziewicz.com_OUSPRD_110222090840|4|SH|CHAR|1|2|||3|1
rac194.wpuziewicz.com_OUSPRD_110222090840|3|WP|VARCHAR2|13|64|||0|7
rac194.wpuziewicz.com_OUSPRD_110222090840|3|PERFSTAT|NUMBER|188|22|||3|53
rac194.wpuziewicz.com_OUSPRD_110222090840|1|PERFSTAT|NUMBER|691|22|||0|66
rac194.wpuziewicz.com_OUSPRD_110222090840|3|PERFSTAT|VARCHAR2|1|64|||62|1
rac194.wpuziewicz.com_OUSPRD_110222090840|3|OE|NUMBER|5|22|2|0||5
rac194.wpuziewicz.com_OUSPRD_110222090840|4|SH|NUMBER|12|22|6|0||4
rac194.wpuziewicz.com_OUSPRD_110222090840|4|SH|VARCHAR2|1|15|||16|1
rac194.wpuziewicz.com_OUSPRD_110222090840|1|PERFSTAT|VARCHAR2|6|13|||0|6
rac194.wpuziewicz.com_OUSPRD_110222090840|3|OE|VARCHAR2|1|2000|||123|1
rac194.wpuziewicz.com_OUSPRD_110222090840|4|SH|VARCHAR2|1|20|||10|1
rac194.wpuziewicz.com_OUSPRD_110222090840|3|PERFSTAT|NVARCHAR2|1|20|||0|1
rac194.wpuziewicz.com_OUSPRD_110222090840|3|SH|VARCHAR2|1|4000|||28|1
rac194.wpuziewicz.com_OUSPRD_110222090840|1|PERFSTAT|VARCHAR2|1|5|||0|1
rac194.wpuziewicz.com_OUSPRD_110222090840|3|PM|NCLOB|1|4000|||994|1
rac194.wpuziewicz.com_OUSPRD_110222090840|1|PERFSTAT|VARCHAR2|1|64|||32|1
rac194.wpuziewicz.com_OUSPRD_110222090840|3|HR|NUMBER|1|22|8|2|4|1
rac194.wpuziewicz.com_OUSPRD_110222090840|3|SH|DATE|1|7||||1
rac194.wpuziewicz.com_OUSPRD_110222090840|3|WP|VARCHAR2|1|256|||19|1
rac194.wpuziewicz.com_OUSPRD_110222090840|4|SH|VARCHAR2|1|40|||19|1
rac194.wpuziewicz.com_OUSPRD_110222090840|3|WP|VARCHAR2|1|17|||7|1
rac194.wpuziewicz.com_OUSPRD_110222090840|4|SH|VARCHAR2|1|10|||8|1
rac194.wpuziewicz.com_OUSPRD_110222090840|3|PERFSTAT|VARCHAR2|1|12|||6|1
rac194.wpuziewicz.com_OUSPRD_110222090840|3|PERFSTAT|VARCHAR2|1|513|||75|1
rac194.wpuziewicz.com_OUSPRD_110222090840|3|OE|ORDER_ITEM_LIST_TYP|1|64||||1
rac194.wpuziewicz.com_OUSPRD_110222090840|1|PERFSTAT|DATE|18|7|||0|15
rac194.wpuziewicz.com_OUSPRD_110222090840|3|IX|VARCHAR2|10|30||||6
rac194.wpuziewicz.com_OUSPRD_110222090840|3|OE|VARCHAR2|5|100||||1
rac194.wpuziewicz.com_OUSPRD_110222090840|3|WP|NUMBER|16|22|||2|5
rac194.wpuziewicz.com_OUSPRD_110222090840|3|PM|BFILE|1|530|||41|1
rac194.wpuziewicz.com_OUSPRD_110222090840|3|SH|VARCHAR2|1|30|||7|1
rac194.wpuziewicz.com_OUSPRD_110222090840|3|PERFSTAT|VARCHAR2|1|11|||11|1
rac194.wpuziewicz.com_OUSPRD_110222090840|3|PERFSTAT|NUMBER|1|22|||8|1
rac194.wpuziewicz.com_OUSPRD_110222090840|3|OE|NUMBER|1|22|9|2|3|1
rac194.wpuziewicz.com_OUSPRD_110222090840|3|PERFSTAT|VARCHAR2|2|160|||0|2
rac194.wpuziewicz.com_OUSPRD_110222090840|3|WP|VARCHAR2|1|128|||36|1
rac194.wpuziewicz.com_OUSPRD_110222090840|3|PERFSTAT|RAW|2|8|||9|2
rac194.wpuziewicz.com_OUSPRD_110222090840|3|PERFSTAT|VARCHAR2|1|32|||14|1
rac194.wpuziewicz.com_OUSPRD_110222090840|3|OE|VARCHAR2|1|35|||12|1
rac194.wpuziewicz.com_OUSPRD_110222090840|3|WP|VARCHAR2|1|18|||17|1
rac194.wpuziewicz.com_OUSPRD_110222090840|1|PERFSTAT|VARCHAR2|1|101|||17|1
rac194.wpuziewicz.com_OUSPRD_110222090840|3|IX|VARCHAR2|1|128|||11|1
rac194.wpuziewicz.com_OUSPRD_110222090840|3|IX|CHAR|2|10||||2
rac194.wpuziewicz.com_OUSPRD_110222090840|3|SH|NUMBER|1|22|3|0|3|1
rac194.wpuziewicz.com_OUSPRD_110222090840|3|SH|VARCHAR2|1|13|||6|1
rac194.wpuziewicz.com_OUSPRD_110222090840|3|SH|VARCHAR2|1|30|||25|1
rac194.wpuziewicz.com_OUSPRD_110222090840|4|SH|VARCHAR2|1|50|||25|1
rac194.wpuziewicz.com_OUSPRD_110222090840|3|WP|VARCHAR2|1|80|||21|1
rac194.wpuziewicz.com_OUSPRD_110222090840|3|WP|VARCHAR2|1|9|||8|1
rac194.wpuziewicz.com_OUSPRD_110222090840|3|OE|NUMBER|1|22|8|2|6|1
rac194.wpuziewicz.com_OUSPRD_110222090840|3|IX|VARCHAR2|1|1024|||0|1
rac194.wpuziewicz.com_OUSPRD_110222090840|3|IX|RAW|15|16|||0|10
rac194.wpuziewicz.com_OUSPRD_110222090840|3|SH|VARCHAR2|1|21|||7|1
rac194.wpuziewicz.com_OUSPRD_110222090840|3|OE|NUMBER|3|22|8|2|4|2
rac194.wpuziewicz.com_OUSPRD_110222090840|3|PERFSTAT|VARCHAR2|1|40|||0|1
rac194.wpuziewicz.com_OUSPRD_110222090840|1|PERFSTAT|VARCHAR2|3|10|||0|2
rac194.wpuziewicz.com_OUSPRD_110222090840|3|OE|VARCHAR2|4|3||||4
rac194.wpuziewicz.com_OUSPRD_110222090840|3|IX|TIMESTAMP(6)|4|11||6|0|4
rac194.wpuziewicz.com_OUSPRD_110222090840|3|WP|VARCHAR2|2|9|||6|2
rac194.wpuziewicz.com_OUSPRD_110222090840|3|PERFSTAT|VARCHAR2|1|3|||0|1
rac194.wpuziewicz.com_OUSPRD_110222090840|3|PERFSTAT|VARCHAR2|1|30|||5|1
rac194.wpuziewicz.com_OUSPRD_110222090840|3|HR|NUMBER|1|22|8|2||1
rac194.wpuziewicz.com_OUSPRD_110222090840|3|PERFSTAT|DATE|1|7|||1|1
rac194.wpuziewicz.com_OUSPRD_110222090840|3|OE|VARCHAR2|3|50||||2
rac194.wpuziewicz.com_OUSPRD_110222090840|4|SH|VARCHAR2|1|30|||2|1
rac194.wpuziewicz.com_OUSPRD_110222090840|3|SH|VARCHAR2|1|255||||1
rac194.wpuziewicz.com_OUSPRD_110222090840|4|SH|VARCHAR2|1|30|||25|1
rac194.wpuziewicz.com_OUSPRD_110222090840|4|SH|VARCHAR2|1|40|||10|1
rac194.wpuziewicz.com_OUSPRD_110222090840|3|PM|CLOB|1|4000|||743|1
rac194.wpuziewicz.com_OUSPRD_110222090840|1|PERFSTAT|VARCHAR2|1|35|||0|1
rac194.wpuziewicz.com_OUSPRD_110222090840|3|WP|VARCHAR2|13|128|||0|12
rac194.wpuziewicz.com_OUSPRD_110222090840|3|WP|NUMBER|46|22|||3|20
rac194.wpuziewicz.com_OUSPRD_110222090840|3|OE|NUMBER|18|22|6|0||12
rac194.wpuziewicz.com_OUSPRD_110222090840|3|IX|VARCHAR2|8|512|||0|8
rac194.wpuziewicz.com_OUSPRD_110222090840|3|SH|VARCHAR2|2|1|||2|2
rac194.wpuziewicz.com_OUSPRD_110222090840|3|OE|NUMBER|11|22||||3
rac194.wpuziewicz.com_OUSPRD_110222090840|3|SH|NUMBER|8|22|10|0|3|1
rac194.wpuziewicz.com_OUSPRD_110222090840|3|WP|VARCHAR2|1|12|||10|1
rac194.wpuziewicz.com_OUSPRD_110222090840|3|IX|ANYDATA|3|3752||||2
rac194.wpuziewicz.com_OUSPRD_110222090840|3|OE|NVARCHAR2|4|250||||4
rac194.wpuziewicz.com_OUSPRD_110222090840|4|SH|VARCHAR2|1|2000|||14|1
rac194.wpuziewicz.com_OUSPRD_110222090840|3|PERFSTAT|VARCHAR2|1|18|||0|1
rac194.wpuziewicz.com_OUSPRD_110222090840|3|OE|NUMBER|7|22|6|0|4|6
rac194.wpuziewicz.com_OUSPRD_110222090840|3|WP|VARCHAR2|1|12|||9|1
rac194.wpuziewicz.com_OUSPRD_110222090840|3|WP|VARCHAR2|2|3|||4|2
rac194.wpuziewicz.com_OUSPRD_110222090840|3|WP|VARCHAR2|1|128|||14|1
rac194.wpuziewicz.com_OUSPRD_110222090840|3|SH|BLOB|1|4000||||1
rac194.wpuziewicz.com_OUSPRD_110222090840|3|PERFSTAT|VARCHAR2|1|261|||0|1
rac194.wpuziewicz.com_OUSPRD_110222090840|3|OE|SDO_GEOMETRY|2|1||||2
rac194.wpuziewicz.com_OUSPRD_110222090840|1|PERFSTAT|VARCHAR2|1|2|||0|1
rac194.wpuziewicz.com_OUSPRD_110222090840|4|SH|VARCHAR2|1|11|||12|1
rac194.wpuziewicz.com_OUSPRD_110222090840|4|SH|NUMBER|2|22|8|2|5|1
rac194.wpuziewicz.com_OUSPRD_110222090840|1|PERFSTAT|VARCHAR2|1|22|||0|1
rac194.wpuziewicz.com_OUSPRD_110222090840|4|SH|VARCHAR2|1|21|||7|1
rac194.wpuziewicz.com_OUSPRD_110222090840|3|WP|VARCHAR2|2|14|||3|1
rac194.wpuziewicz.com_OUSPRD_110222090840|3|SH|NUMBER|1|22|10|2|4|1
rac194.wpuziewicz.com_OUSPRD_110222090840|1|PERFSTAT|VARCHAR2|1|9|||7|1
rac194.wpuziewicz.com_OUSPRD_110222090840|3|PERFSTAT|VARCHAR2|1|30|||7|1
rac194.wpuziewicz.com_OUSPRD_110222090840|4|SH|NUMBER|10|22|||3|6
rac194.wpuziewicz.com_OUSPRD_110222090840|3|SH|DATE|16|7|||8|8
rac194.wpuziewicz.com_OUSPRD_110222090840|3|HR|CHAR|2|2|||3|2
rac194.wpuziewicz.com_OUSPRD_110222090840|3|SH|VARCHAR2|1|2000|||14|1
rac194.wpuziewicz.com_OUSPRD_110222090840|3|OE|NUMBER|6|22|8|2||4
rac194.wpuziewicz.com_OUSPRD_110222090840|3|IX|ORDER_EVENT_TYP|1|1||||1
rac194.wpuziewicz.com_OUSPRD_110222090840|3|WP|CHAR|2|3|||4|1
rac194.wpuziewicz.com_OUSPRD_110222090840|3|EBS|VARCHAR2|1|100|||0|1
rac194.wpuziewicz.com_OUSPRD_110222090840|3|IX|NUMBER|1|22|||4|1
rac194.wpuziewicz.com_OUSPRD_110222090840|3|OE|VARCHAR2|1|30|||8|1
rac194.wpuziewicz.com_OUSPRD_110222090840|3|OE|VARCHAR2|5|40||||3
rac194.wpuziewicz.com_OUSPRD_110222090840|3|SH|ROWID|2|10||||2
rac194.wpuziewicz.com_OUSPRD_110222090840|3|WP|VARCHAR2|1|240|||6|1
rac194.wpuziewicz.com_OUSPRD_110222090840|3|OE|WAREHOUSE_TYP|1|112||||1
rac194.wpuziewicz.com_OUSPRD_110222090840|3|WP|VARCHAR2|1|256|||5|1
rac194.wpuziewicz.com_OUSPRD_110222090840|3|HR|VARCHAR2|1|20||||1
rac194.wpuziewicz.com_OUSPRD_110222090840|3|PERFSTAT|NUMBER|72|22|||7|52
rac194.wpuziewicz.com_OUSPRD_110222090840|3|IX|TIMESTAMP(6)|20|11||6||6
rac194.wpuziewicz.com_OUSPRD_110222090840|3|SH|NUMBER|5|22|2|0|3|1
rac194.wpuziewicz.com_OUSPRD_110222090840|4|SH|VARCHAR2|3|1|||2|3
rac194.wpuziewicz.com_OUSPRD_110222090840|3|IX|ROWID|3|10|||0|3
rac194.wpuziewicz.com_OUSPRD_110222090840|3|IX|RAW|14|16||||6
rac194.wpuziewicz.com_OUSPRD_110222090840|3|OE|VARCHAR2|1|20|||16|1
rac194.wpuziewicz.com_OUSPRD_110222090840|4|SH|VARCHAR2|1|6|||7|1
rac194.wpuziewicz.com_OUSPRD_110222090840|3|PERFSTAT|NUMBER|1|22|||9|1
rac194.wpuziewicz.com_OUSPRD_110222090840|3|OE|VARCHAR2|1|1|||2|1
rac194.wpuziewicz.com_OUSPRD_110222090840|3|OE|NVARCHAR2|1|4000|||245|1
rac194.wpuziewicz.com_OUSPRD_110222090840|3|IX|TIMESTAMP(6)|1|11||6|1|1
rac194.wpuziewicz.com_OUSPRD_110222090840|4|SH|DATE|4|7||||4
rac194.wpuziewicz.com_OUSPRD_110222090840|3|SH|VARCHAR2|1|4000|||108|1
rac194.wpuziewicz.com_OUSPRD_110222090840|3|WP|VARCHAR2|1|10|||11|1
rac194.wpuziewicz.com_OUSPRD_110222090840|3|SH|NUMBER|6|22|10|2|5|3
rac194.wpuziewicz.com_OUSPRD_110222090840|4|SH|VARCHAR2|1|4000|||28|1
rac194.wpuziewicz.com_OUSPRD_110222090840|3|HR|VARCHAR2|1|10|||8|1
rac194.wpuziewicz.com_OUSPRD_110222090840|3|PERFSTAT|NUMBER|172|22|||0|24
rac194.wpuziewicz.com_OUSPRD_110222090840|3|WP|VARCHAR2|1|12|||11|1
rac194.wpuziewicz.com_OUSPRD_110222090840|1|PERFSTAT|VARCHAR2|1|5|||6|1
rac194.wpuziewicz.com_OUSPRD_110222090840|4|SH|NUMBER|2|22|10|2|3|1
rac194.wpuziewicz.com_OUSPRD_110222090840|4|SH|NUMBER|7|22|||4|3
rac194.wpuziewicz.com_OUSPRD_110222090840|3|HR|VARCHAR2|3|25||||1
rac194.wpuziewicz.com_OUSPRD_110222090840|1|PERFSTAT|VARCHAR2|1|6|||0|1
rac194.wpuziewicz.com_OUSPRD_110222090840|3|SH|VARCHAR2|1|30|||2|1
rac194.wpuziewicz.com_OUSPRD_110222090840|4|SH|VARCHAR2|1|20|||2|1
rac194.wpuziewicz.com_OUSPRD_110222090840|4|SH|DATE|1|7|||1|1
rac194.wpuziewicz.com_OUSPRD_110222090840|3|SH|VARCHAR2|1|15|||16|1
rac194.wpuziewicz.com_OUSPRD_110222090840|3|OE|PHONE_LIST_TYP|2|168||||2
rac194.wpuziewicz.com_OUSPRD_110222090840|3|OE|CUSTOMER_TYP|1|76||||1
rac194.wpuziewicz.com_OUSPRD_110222090840|3|WP|VARCHAR2|1|8|||8|1
rac194.wpuziewicz.com_OUSPRD_110222090840|3|HR|NUMBER|3|22|4|0|3|3
rac194.wpuziewicz.com_OUSPRD_110222090840|3|OE|TIMESTAMP(6) WITH LOCAL TIME ZONE|1|11||6|11|1
rac194.wpuziewicz.com_OUSPRD_110222090840|3|PERFSTAT|NUMBER|22|22||||2
rac194.wpuziewicz.com_OUSPRD_110222090840|3|SH|VARCHAR2|1|20|||10|1
rac194.wpuziewicz.com_OUSPRD_110222090840|3|SH|VARCHAR2|1|40|||8|1
rac194.wpuziewicz.com_OUSPRD_110222090840|3|PERFSTAT|VARCHAR2|1|17|||0|1
rac194.wpuziewicz.com_OUSPRD_110222090840|3|HR|VARCHAR2|3|25|||8|2
rac194.wpuziewicz.com_OUSPRD_110222090840|3|PERFSTAT|VARCHAR2|1|10|||5|1
rac194.wpuziewicz.com_OUSPRD_110222090840|4|SH|VARCHAR2|1|40|||13|1
rac194.wpuziewicz.com_OUSPRD_110222090840|1|PERFSTAT|VARCHAR2|1|10|||5|1
rac194.wpuziewicz.com_OUSPRD_110222090840|3|OE|NUMBER|4|22|8|0||4
rac194.wpuziewicz.com_OUSPRD_110222090840|3|SH|VARCHAR2|2|9|||8|1
rac194.wpuziewicz.com_OUSPRD_110222090840|3|PM|BLOB|1|4000|||970|1
rac194.wpuziewicz.com_OUSPRD_110222090840|3|IX|ROWID|2|10||||2
rac194.wpuziewicz.com_OUSPRD_110222090840|3|PERFSTAT|VARCHAR2|1|128|||12|1
rac194.wpuziewicz.com_OUSPRD_110222090840|3|WP|VARCHAR2|1|30|||7|1
rac194.wpuziewicz.com_OUSPRD_110222090840|3|HR|VARCHAR2|1|12|||7|1
rac194.wpuziewicz.com_OUSPRD_110222090840|4|SH|VARCHAR2|1|21|||2|1
rac194.wpuziewicz.com_OUSPRD_110222090840|3|WP|VARCHAR2|2|17|||11|2
rac194.wpuziewicz.com_OUSPRD_110222090840|3|WP|VARCHAR2|1|101|||17|1
rac194.wpuziewicz.com_OUSPRD_110222090840|3|SH|NUMBER|1|22|6|0|3|1
rac194.wpuziewicz.com_OUSPRD_110222090840|3|SH|VARCHAR2|1|11|||12|1
rac194.wpuziewicz.com_OUSPRD_110222090840|3|PM|ADHEADER_TYP|1|1||||1
rac194.wpuziewicz.com_OUSPRD_110222090840|3|PERFSTAT|VARCHAR2|1|10|||6|1
rac194.wpuziewicz.com_OUSPRD_110222090840|3|WP|NUMBER|2|22|||7|2
rac194.wpuziewicz.com_OUSPRD_110222090840|4|SH|VARCHAR2|1|4000|||26|1
rac194.wpuziewicz.com_OUSPRD_110222090840|3|IX|ROWID|1|10|||1|1
rac194.wpuziewicz.com_OUSPRD_110222090840|3|OE|CHAR|2|2||||2
rac194.wpuziewicz.com_OUSPRD_110222090840|3|SH|NUMBER|6|22||||2
rac194.wpuziewicz.com_OUSPRD_110222090840|3|SH|CHAR|1|1|||2|1
rac194.wpuziewicz.com_OUSPRD_110222090840|3|WP|VARCHAR2|2|20|||20|1
rac194.wpuziewicz.com_OUSPRD_110222090840|1|PERFSTAT|VARCHAR2|1|64|||22|1
