 
PKEY|CON_ID|OWNER|TABLE_NAME|ANYDATA_COL_COUNT|BFILE_COL_COUNT|BINARY_DOUBLE_COL_COUNT|BINARY_FLOAT_COL_COUNT|BLOB_COL_COUNT|CFILE_COL_COUNT|CHAR_COL_COUNT|CLOB_COL_COUNT|DATE_COL_COUNT|FLOAT_COL_COUNT|INTERVAL DAY(x) TO SECOND(x)_COL_COUNT|INTERVAL YEAR(x) TO MONTH_COL_COUNT|JSON_COL_COUNT|LONG RAW_COL_COUNT|LONG_COL_COUNT|MLSLABEL_COL_COUNT|NCHAR VARYING_COL_COUNT|NCHAR_COL_COUNT|NCLOB_COL_COUNT|NUMBER_COL_COUNT|NVARCHAR2_COL_COUNT|RAW_COL_COUNT|ROWID_COL_COUNT|TIME(x) WITH TIME ZONE_COL_COUNT|TIME(x)_COL_COUNT|TIMESTAMP(x) WITH LOCAL TIME Z_COL_COUNT|TIMESTAMP(x) WITH TIME ZONE_COL_COUNT|TIMESTAMP(x)_COL_COUNT|UROWID_COL_COUNT|VARCHAR(x)_COL_COUNT|VARCHAR2_COL_COUNT|XMLTYPE_COL_COUNT|UNDEFINED_COL_COUNT|USER_DEFINED_COL_COUNT|BYTES
rac194.wpuziewicz.com_OUSPRD_110222090840|1|PERFSTAT|STATS$BUFFER_POOL_STATISTICS||||||||||||||||||||22|||||||||||1||||1048576
rac194.wpuziewicz.com_OUSPRD_110222090840|1|PERFSTAT|STATS$TIME_MODEL_STATNAME||||||||||||||||||||1|||||||||||1||||1048576
rac194.wpuziewicz.com_OUSPRD_110222090840|1|PERFSTAT|STATS$STATSPACK_PARAMETER|||||||||1|||||||||||19|||||||||||4||||131072
rac194.wpuziewicz.com_OUSPRD_110222090840|1|PERFSTAT|STATS$SNAPSHOT|||||||||2|||||||||||22|||||||||||3||||1048576
rac194.wpuziewicz.com_OUSPRD_110222090840|1|PERFSTAT|STATS$ROLLSTAT||||||||||||||||||||17|||||||||||||||1048576
rac194.wpuziewicz.com_OUSPRD_110222090840|1|PERFSTAT|STATS$PARAMETER||||||||||||||||||||3|||||||||||4||||1048576
rac194.wpuziewicz.com_OUSPRD_110222090840|1|PERFSTAT|STATS$LIBRARYCACHE||||||||||||||||||||14|||||||||||1||||1048576
rac194.wpuziewicz.com_OUSPRD_110222090840|1|PERFSTAT|STATS$IOSTAT_FUNCTION_DETAIL||||||||||||||||||||11|||||||||||2||||1048576
rac194.wpuziewicz.com_OUSPRD_110222090840|1|PERFSTAT|STATS$ROWCACHE_SUMMARY||||||||||||||||||||15|||||||||||1||||1048576
rac194.wpuziewicz.com_OUSPRD_110222090840|1|PERFSTAT|STATS$IOSTAT_FUNCTION||||||||||||||||||||14|||||||||||||||1048576
rac194.wpuziewicz.com_OUSPRD_110222090840|1|PERFSTAT|STATS$FILE_HISTOGRAM||||||||||||||||||||6|||||||||||||||1048576
rac194.wpuziewicz.com_OUSPRD_110222090840|1|PERFSTAT|STATS$DATABASE_INSTANCE|||||||||1|||||||||||3|||||||||||6||||1048576
rac194.wpuziewicz.com_OUSPRD_110222090840|1|PERFSTAT|STATS$FILESTATXS||||||||||||||||||||14|||||||||||2||||1048576
rac194.wpuziewicz.com_OUSPRD_110222090840|1|PERFSTAT|STATS$IDLE_EVENT|||||||||||||||||||||||||||||||1||||131072
rac194.wpuziewicz.com_OUSPRD_110222090840|1|PERFSTAT|STATS$IOSTAT_FUNCTION_NAME||||||||||||||||||||1|||||||||||1||||1048576
rac194.wpuziewicz.com_OUSPRD_110222090840|1|PERFSTAT|STATS$LEVEL_DESCRIPTION||||||||||||||||||||1|||||||||||1||||131072
rac194.wpuziewicz.com_OUSPRD_110222090840|1|PERFSTAT|STATS$OSSTATNAME||||||||||||||||||||1|||||||||||2||||1048576
rac194.wpuziewicz.com_OUSPRD_110222090840|1|PERFSTAT|STATS$TEMPSTATXS||||||||||||||||||||14|||||||||||2||||1048576
rac194.wpuziewicz.com_OUSPRD_110222090840|3|HR|DEPARTMENTS||||||||||||||||||||3|||||||||||1||||1048576
rac194.wpuziewicz.com_OUSPRD_110222090840|3|HR|REGIONS||||||||||||||||||||1|||||||||||1||||1048576
rac194.wpuziewicz.com_OUSPRD_110222090840|3|HR|JOB_HISTORY|||||||||2|||||||||||2|||||||||||1||||1048576
rac194.wpuziewicz.com_OUSPRD_110222090840|3|HR|JOBS||||||||||||||||||||2|||||||||||2||||1048576
rac194.wpuziewicz.com_OUSPRD_110222090840|3|HR|EMPLOYEES|||||||||1|||||||||||5|||||||||||5||||1048576
rac194.wpuziewicz.com_OUSPRD_110222090840|3|HR|LOCATIONS|||||||1|||||||||||||1|||||||||||4||||1048576
rac194.wpuziewicz.com_OUSPRD_110222090840|3|IX|ORDERS_QUEUETABLE|1|||||||||||||||||||11||2||||||4|||10|||1|1048576
rac194.wpuziewicz.com_OUSPRD_110222090840|3|IX|STREAMS_QUEUE_TABLE|2|||||||||||||||||||11||2||||||4|||10||||1048576
rac194.wpuziewicz.com_OUSPRD_110222090840|3|IX|AQ$_STREAMS_QUEUE_TABLE_L||||||||||||||||||||2||2|||||1||||3||||1048576
rac194.wpuziewicz.com_OUSPRD_110222090840|3|IX|AQ$_STREAMS_QUEUE_TABLE_S||||||||||||||||||||6|||||||3||||7||||1048576
rac194.wpuziewicz.com_OUSPRD_110222090840|3|IX|AQ$_ORDERS_QUEUETABLE_L||||||||||||||||||||2||2|||||1||||3||||1048576
rac194.wpuziewicz.com_OUSPRD_110222090840|3|IX|AQ$_ORDERS_QUEUETABLE_S||||||||||||||||||||5|||||||3||||7||||1048576
rac194.wpuziewicz.com_OUSPRD_110222090840|3|OE|ORDER_ITEMS||||||||||||||||||||5|||||||||||||||1048576
rac194.wpuziewicz.com_OUSPRD_110222090840|3|OE|ORDERS||||||||||||||||||||6||||||1|||||1||||1048576
rac194.wpuziewicz.com_OUSPRD_110222090840|3|OE|INVENTORIES||||||||||||||||||||3|||||||||||||||1048576
rac194.wpuziewicz.com_OUSPRD_110222090840|3|OE|PRODUCT_DESCRIPTIONS||||||||||||||||||||1|2||||||||||1||||3145728
rac194.wpuziewicz.com_OUSPRD_110222090840|3|OE|PRODUCT_INFORMATION||||||||||||1||||||||6|||||||||||4||||1048576
rac194.wpuziewicz.com_OUSPRD_110222090840|3|OE|CUSTOMERS|||||||||1|||||||||||3|||||||||||8|||3|1048576
rac194.wpuziewicz.com_OUSPRD_110222090840|3|OE|PURCHASEORDER||||||||||||||||||||||||||||||||1|||1048576
rac194.wpuziewicz.com_OUSPRD_110222090840|3|OE|PROMOTIONS||||||||||||||||||||1|||||||||||1||||1048576
rac194.wpuziewicz.com_OUSPRD_110222090840|3|OE|CATEGORIES_TAB||||||||||||||||||||2|||||||||||2||||1048576
rac194.wpuziewicz.com_OUSPRD_110222090840|3|OE|WAREHOUSES||||||||||||||||||||2|||||||||||1|1||1|1048576
rac194.wpuziewicz.com_OUSPRD_110222090840|3|PERFSTAT|STATS$CR_BLOCK_SERVER||||||||||||||||||||22|||||||||||||||1048576
rac194.wpuziewicz.com_OUSPRD_110222090840|3|PERFSTAT|STATS$UNDOSTAT|||||||||2|||||||||||20|||||||||||1||||1048576
rac194.wpuziewicz.com_OUSPRD_110222090840|3|PERFSTAT|STATS$TEMPSTATXS||||||||||||||||||||14|||||||||||2||||1048576
rac194.wpuziewicz.com_OUSPRD_110222090840|3|PERFSTAT|STATS$SYSTEM_EVENT||||||||||||||||||||10|||||||||||1||||19922944
rac194.wpuziewicz.com_OUSPRD_110222090840|3|PERFSTAT|STATS$STREAMS_APPLY_SUM|||||||||1|||||||||||14|||||||||||1||||1048576
rac194.wpuziewicz.com_OUSPRD_110222090840|3|PERFSTAT|STATS$SQL_SUMMARY|||||||||1|||||||||||36||1|||||||||6||||517996544
rac194.wpuziewicz.com_OUSPRD_110222090840|3|PERFSTAT|STATS$SQLTEXT||||||||||||||||||||4||1|||||||||3||||411041792
rac194.wpuziewicz.com_OUSPRD_110222090840|3|PERFSTAT|STATS$SGASTAT||||||||||||||||||||4|||||||||||2||||1048576
rac194.wpuziewicz.com_OUSPRD_110222090840|3|PERFSTAT|STATS$SGA|||||||||1|||||||||||4|||||||||||3||||1048576
rac194.wpuziewicz.com_OUSPRD_110222090840|3|PERFSTAT|STATS$PROPAGATION_SENDER|||||||||1|||||||||||8|||||||||||5||||1048576
rac194.wpuziewicz.com_OUSPRD_110222090840|3|PERFSTAT|STATS$PROCESS_ROLLUP||||||||||||||||||||13|||||||||||3||||4194304
rac194.wpuziewicz.com_OUSPRD_110222090840|3|PERFSTAT|STATS$OSSTATNAME||||||||||||||||||||1|||||||||||2||||1048576
rac194.wpuziewicz.com_OUSPRD_110222090840|3|PERFSTAT|STATS$OSSTAT||||||||||||||||||||5|||||||||||||||2097152
rac194.wpuziewicz.com_OUSPRD_110222090840|3|PERFSTAT|STATS$LATCH_MISSES_SUMMARY||||||||||||||||||||6|||||||||||2||||31457280
rac194.wpuziewicz.com_OUSPRD_110222090840|3|PERFSTAT|STATS$LATCH||||||||||||||||||||16|||||||||||1||||117440512
rac194.wpuziewicz.com_OUSPRD_110222090840|3|PERFSTAT|STATS$JAVA_POOL_ADVICE||||||||||||||||||||12|||||||||||||||1048576
rac194.wpuziewicz.com_OUSPRD_110222090840|3|PERFSTAT|STATS$IOSTAT_FUNCTION||||||||||||||||||||14|||||||||||||||2097152
rac194.wpuziewicz.com_OUSPRD_110222090840|3|PERFSTAT|STATS$CURRENT_BLOCK_SERVER||||||||||||||||||||18|||||||||||||||1048576
rac194.wpuziewicz.com_OUSPRD_110222090840|3|PERFSTAT|STATS$BUFFERED_SUBSCRIBERS|||||||||1|||||||||||7|||||||||||5||||1048576
rac194.wpuziewicz.com_OUSPRD_110222090840|3|PERFSTAT|STATS$BUFFERED_QUEUES|||||||||1|||||||||||6|||||||||||2||||1048576
rac194.wpuziewicz.com_OUSPRD_110222090840|3|PERFSTAT|STATS$WAITSTAT||||||||||||||||||||5|||||||||||1||||2097152
rac194.wpuziewicz.com_OUSPRD_110222090840|3|PERFSTAT|STATS$TIME_MODEL_STATNAME||||||||||||||||||||1|||||||||||1||||1048576
rac194.wpuziewicz.com_OUSPRD_110222090840|3|PERFSTAT|STATS$SYS_TIME_MODEL||||||||||||||||||||5|||||||||||||||1048576
rac194.wpuziewicz.com_OUSPRD_110222090840|3|PERFSTAT|STATS$STATSPACK_PARAMETER|||||||||1|||||||||||19|||||||||||4||||131072
rac194.wpuziewicz.com_OUSPRD_110222090840|3|PERFSTAT|STATS$SNAPSHOT|||||||||2|||||||||||22|||||||||||3||||1048576
rac194.wpuziewicz.com_OUSPRD_110222090840|3|PERFSTAT|STATS$SGA_TARGET_ADVICE||||||||||||||||||||8|||||||||||||||1048576
rac194.wpuziewicz.com_OUSPRD_110222090840|3|PERFSTAT|STATS$RULE_SET|||||||||1|||||||||||9|||||||||||2||||1048576
rac194.wpuziewicz.com_OUSPRD_110222090840|3|PERFSTAT|STATS$ROLLSTAT||||||||||||||||||||17|||||||||||||||2097152
rac194.wpuziewicz.com_OUSPRD_110222090840|3|PERFSTAT|STATS$RESOURCE_LIMIT||||||||||||||||||||5|||||||||||3||||1048576
rac194.wpuziewicz.com_OUSPRD_110222090840|3|PERFSTAT|STATS$PROPAGATION_RECEIVER|||||||||1|||||||||||6|||||||||||5||||1048576
rac194.wpuziewicz.com_OUSPRD_110222090840|3|PERFSTAT|STATS$PROCESS_MEMORY_ROLLUP||||||||||||||||||||12|||||||||||1||||6291456
rac194.wpuziewicz.com_OUSPRD_110222090840|3|PERFSTAT|STATS$MEMORY_TARGET_ADVICE||||||||||||||||||||8|||||||||||||||1048576
rac194.wpuziewicz.com_OUSPRD_110222090840|3|PERFSTAT|STATS$MEMORY_RESIZE_OPS|||||||||2|||||||||||7|||||||||||5||||1048576
rac194.wpuziewicz.com_OUSPRD_110222090840|3|PERFSTAT|STATS$MEMORY_DYNAMIC_COMPS|||||||||1|||||||||||9|||||||||||3||||3145728
rac194.wpuziewicz.com_OUSPRD_110222090840|3|PERFSTAT|STATS$LEVEL_DESCRIPTION||||||||||||||||||||1|||||||||||1||||131072
rac194.wpuziewicz.com_OUSPRD_110222090840|3|PERFSTAT|STATS$IOSTAT_FUNCTION_NAME||||||||||||||||||||1|||||||||||1||||1048576
rac194.wpuziewicz.com_OUSPRD_110222090840|3|PERFSTAT|STATS$INTERCONNECT_PINGS||||||||||||||||||||10|||||||||||||||1048576
rac194.wpuziewicz.com_OUSPRD_110222090840|3|PERFSTAT|STATS$INSTANCE_RECOVERY||||||||||||||||||||13|||||||||||||||1048576
rac194.wpuziewicz.com_OUSPRD_110222090840|3|PERFSTAT|STATS$FILE_HISTOGRAM||||||||||||||||||||6|||||||||||||||1048576
rac194.wpuziewicz.com_OUSPRD_110222090840|3|PERFSTAT|STATS$EVENT_HISTOGRAM||||||||||||||||||||6|||||||||||||||48234496
rac194.wpuziewicz.com_OUSPRD_110222090840|3|PERFSTAT|STATS$ENQUEUE_STATISTICS||||||||||||||||||||9|||||||||||2||||13631488
rac194.wpuziewicz.com_OUSPRD_110222090840|3|PERFSTAT|STATS$DYNAMIC_REMASTER_STATS||||||||||||||||||||16|||||||||||1||||1048576
rac194.wpuziewicz.com_OUSPRD_110222090840|3|PERFSTAT|STATS$BUFFER_POOL_STATISTICS||||||||||||||||||||22|||||||||||1||||1048576
rac194.wpuziewicz.com_OUSPRD_110222090840|3|PERFSTAT|STATS$DATABASE_INSTANCE|||||||||1|||||||||||3|||||||||||6||||1048576
rac194.wpuziewicz.com_OUSPRD_110222090840|3|PERFSTAT|STATS$DB_CACHE_ADVICE||||||||||||||||||||14|||||||||||2||||3145728
rac194.wpuziewicz.com_OUSPRD_110222090840|3|PERFSTAT|STATS$DLM_MISC||||||||||||||||||||5|||||||||||1||||11534336
rac194.wpuziewicz.com_OUSPRD_110222090840|3|PERFSTAT|STATS$FILESTATXS||||||||||||||||||||14|||||||||||2||||2097152
rac194.wpuziewicz.com_OUSPRD_110222090840|3|PERFSTAT|STATS$IDLE_EVENT|||||||||||||||||||||||||||||||1||||131072
rac194.wpuziewicz.com_OUSPRD_110222090840|3|PERFSTAT|STATS$INSTANCE_CACHE_TRANSFER||||||||||||||||||||10|||||||||||1||||1048576
rac194.wpuziewicz.com_OUSPRD_110222090840|3|PERFSTAT|STATS$IOSTAT_FUNCTION_DETAIL||||||||||||||||||||11|||||||||||2||||4194304
rac194.wpuziewicz.com_OUSPRD_110222090840|3|PERFSTAT|STATS$LIBRARYCACHE||||||||||||||||||||14|||||||||||1||||4194304
rac194.wpuziewicz.com_OUSPRD_110222090840|3|PERFSTAT|STATS$MUTEX_SLEEP||||||||||||||||||||5|||||||||||2||||5242880
rac194.wpuziewicz.com_OUSPRD_110222090840|3|PERFSTAT|STATS$PARAMETER||||||||||||||||||||3|||||||||||4||||49283072
rac194.wpuziewicz.com_OUSPRD_110222090840|3|PERFSTAT|STATS$PGASTAT||||||||||||||||||||4|||||||||||1||||2097152
rac194.wpuziewicz.com_OUSPRD_110222090840|3|PERFSTAT|STATS$PGA_TARGET_ADVICE||||||||||||||||||||10|||||||||||1||||2097152
rac194.wpuziewicz.com_OUSPRD_110222090840|3|PERFSTAT|STATS$ROWCACHE_SUMMARY||||||||||||||||||||15|||||||||||1||||7340032
rac194.wpuziewicz.com_OUSPRD_110222090840|3|PERFSTAT|STATS$SHARED_POOL_ADVICE||||||||||||||||||||12|||||||||||||||4194304
rac194.wpuziewicz.com_OUSPRD_110222090840|3|PERFSTAT|STATS$SQL_STATISTICS||||||||||||||||||||8|||||||||||||||1048576
rac194.wpuziewicz.com_OUSPRD_110222090840|3|PERFSTAT|STATS$SQL_WORKAREA_HISTOGRAM||||||||||||||||||||9|||||||||||||||1048576
rac194.wpuziewicz.com_OUSPRD_110222090840|3|PERFSTAT|STATS$STREAMS_CAPTURE|||||||||1|||||||||||11|||||||||||1||||1048576
rac194.wpuziewicz.com_OUSPRD_110222090840|3|PERFSTAT|STATS$STREAMS_POOL_ADVICE||||||||||||||||||||9|||||||||||||||2097152
rac194.wpuziewicz.com_OUSPRD_110222090840|3|PERFSTAT|STATS$SYSSTAT||||||||||||||||||||5|||||||||||1||||192937984
rac194.wpuziewicz.com_OUSPRD_110222090840|3|PERFSTAT|STATS$THREAD|||||||||1|||||||||||7|||||||||||1||||1048576
rac194.wpuziewicz.com_OUSPRD_110222090840|3|PM|PRINT_MEDIA||1|||2|||2|||||||||||1|2||||||||||||||2|1048576
rac194.wpuziewicz.com_OUSPRD_110222090840|3|SH|CHANNELS||||||||||||||||||||3|||||||||||3||||1048576
rac194.wpuziewicz.com_OUSPRD_110222090840|3|SH|COSTS|||||||||1|||||||||||5|||||||||||||||16777216
rac194.wpuziewicz.com_OUSPRD_110222090840|3|SH|DR$SUP_TEXT_IDX$I|||||1|||||||||||||||4|||||||||||1||||1048576
rac194.wpuziewicz.com_OUSPRD_110222090840|3|SH|PRODUCTS|||||||||2|||||||||||9|||||||||||11||||1048576
rac194.wpuziewicz.com_OUSPRD_110222090840|3|SH|CAL_MONTH_SALES_MV||||||||||||||||||||1|||||||||||1||||1048576
rac194.wpuziewicz.com_OUSPRD_110222090840|3|SH|SALES|||||||||1|||||||||||6|||||||||||||||16777216
rac194.wpuziewicz.com_OUSPRD_110222090840|3|SH|COUNTRIES|||||||1|||||||||||||4|||||||||||5||||1048576
rac194.wpuziewicz.com_OUSPRD_110222090840|3|SH|CUSTOMERS|||||||1||2|||||||||||8|||||||||||12||||13631488
rac194.wpuziewicz.com_OUSPRD_110222090840|3|SH|FWEEK_PSCAT_SALES_MV|||||||||1|||||||||||3|||||||||||1||||1048576
rac194.wpuziewicz.com_OUSPRD_110222090840|3|SH|PROMOTIONS|||||||||2|||||||||||5|||||||||||4||||1048576
rac194.wpuziewicz.com_OUSPRD_110222090840|3|SH|SUPPLEMENTARY_DEMOGRAPHICS||||||||||||||||||||10|||||||||||4||||4194304
rac194.wpuziewicz.com_OUSPRD_110222090840|3|SH|TIMES|||||||2||8|||||||||||23|||||||||||5||||1048576
rac194.wpuziewicz.com_OUSPRD_110222090840|3|WP|DATATYPES||||||||||||||||||||2|||||||||||3||||65536
rac194.wpuziewicz.com_OUSPRD_110222090840|3|WP|DBFEATURES||||||||||||||||||||4|||||||||||5||||65536
rac194.wpuziewicz.com_OUSPRD_110222090840|3|WP|DBLINKS||||||||||||||||||||2|||||||||||2||||65536
rac194.wpuziewicz.com_OUSPRD_110222090840|3|WP|DBSUMMARY||||||||||||||||||||10|||||||||||13||||65536
rac194.wpuziewicz.com_OUSPRD_110222090840|3|WP|SOURCECODE||||||||||||||||||||9|||||||||||3||||65536
rac194.wpuziewicz.com_OUSPRD_110222090840|3|WP|TABLESNOPK||||||||||||||||||||11|||||||||||2||||65536
rac194.wpuziewicz.com_OUSPRD_110222090840|3|WP|DBPARAMETERS||||||||||||||||||||2|||||||||||5||||131072
rac194.wpuziewicz.com_OUSPRD_110222090840|3|WP|COMPRESSBYTYPE||||||||||||||||||||8|||||||||||2||||65536
rac194.wpuziewicz.com_OUSPRD_110222090840|3|WP|USRSEGATT||||||||||||||||||||1|||||||||||5||||65536
rac194.wpuziewicz.com_OUSPRD_110222090840|3|WP|USEDSPACEDETAILS||||||||||||||||||||2|||||||||||3||||65536
rac194.wpuziewicz.com_OUSPRD_110222090840|3|WP|PDBSOPENMODE||||||||||||||||||||2|||||||||||3||||65536
rac194.wpuziewicz.com_OUSPRD_110222090840|3|WP|PDBSINFO||||||||||||||||||||2|||||||||||4||||65536
rac194.wpuziewicz.com_OUSPRD_110222090840|3|WP|IDXPERTABLE||||||||||||||||||||4|||||||||||1||||65536
rac194.wpuziewicz.com_OUSPRD_110222090840|3|WP|DATAGUARD||||||||||||||||||||3|||||||||||13||||65536
rac194.wpuziewicz.com_OUSPRD_110222090840|3|WP|DBHWMARKSTATISTICS||||||||||||||||||||2|||||||||||2||||65536
rac194.wpuziewicz.com_OUSPRD_110222090840|3|WP|OPKEYLOG|||||||6|||||||||||||2|||||||||||1||||65536
rac194.wpuziewicz.com_OUSPRD_110222090840|3|WP|INDEXESTYPES||||||||||||||||||||2|||||||||||3||||65536
rac194.wpuziewicz.com_OUSPRD_110222090840|3|WP|EXTTAB|||||||2|||||||||||||1|||||||||||5||||65536
rac194.wpuziewicz.com_OUSPRD_110222090840|3|WP|DBOBJECTS||||||||||||||||||||6|||||||||||4||||65536
rac194.wpuziewicz.com_OUSPRD_110222090840|3|WP|DBINSTANCES||||||||||||||||||||1|||||||||||7||||65536
rac194.wpuziewicz.com_OUSPRD_110222090840|4|SH|TIMES|||||||||1||||||||||||||||||||||9||||1048576
rac194.wpuziewicz.com_OUSPRD_110222090840|4|SH|CHANNELS||||||||||||||||||||3|||||||||||3||||1048576
rac194.wpuziewicz.com_OUSPRD_110222090840|4|SH|PROMOTIONS|||||||||2|||||||||||5|||||||||||4||||1048576
rac194.wpuziewicz.com_OUSPRD_110222090840|4|SH|COUNTRIES|||||||1|||||||||||||4|||||||||||5||||1048576
rac194.wpuziewicz.com_OUSPRD_110222090840|4|SH|SALES|||||||||1|||||||||||9|||||||||||2||||94371840
rac194.wpuziewicz.com_OUSPRD_110222090840|4|SH|PRODUCTS|||||||||2|||||||||||9|||||||||||11||||1048576
rac194.wpuziewicz.com_OUSPRD_110222090840|4|SH|CUSTOMERS|||||||1||2|||||||||||8|||||||||||12||||37748736
rac194.wpuziewicz.com_OUSPRD_110222090840|4|SH|SUPPLEMENTARY_DEMOGRAPHICS||||||||||||||||||||10|||||||||||4||||14680064
