 
PKEY|CON_ID|OWNER|SEGMENT_NAME|SEGMENT_TYPE|TABLESPACE_NAME
rac194.wpuziewicz.com_OUSPRD_110222090840|1|PERFSTAT|STATS$BUFFER_POOL_STATISTICS|TABLE|SYSAUX
rac194.wpuziewicz.com_OUSPRD_110222090840|1|PERFSTAT|STATS$BUFFER_POOL_STATS_PK|INDEX|SYSAUX
rac194.wpuziewicz.com_OUSPRD_110222090840|1|PERFSTAT|STATS$DATABASE_INSTANCE|TABLE|SYSAUX
rac194.wpuziewicz.com_OUSPRD_110222090840|1|PERFSTAT|STATS$DATABASE_INSTANCE_PK|INDEX|SYSAUX
rac194.wpuziewicz.com_OUSPRD_110222090840|1|PERFSTAT|STATS$FILESTATXS|TABLE|SYSAUX
rac194.wpuziewicz.com_OUSPRD_110222090840|1|PERFSTAT|STATS$FILESTATXS_PK|INDEX|SYSAUX
rac194.wpuziewicz.com_OUSPRD_110222090840|1|PERFSTAT|STATS$FILE_HISTOGRAM|TABLE|SYSAUX
rac194.wpuziewicz.com_OUSPRD_110222090840|1|PERFSTAT|STATS$FILE_HISTOGRAM_PK|INDEX|SYSAUX
rac194.wpuziewicz.com_OUSPRD_110222090840|1|PERFSTAT|STATS$IDLE_EVENT|TABLE|SYSAUX
rac194.wpuziewicz.com_OUSPRD_110222090840|1|PERFSTAT|STATS$IDLE_EVENT_PK|INDEX|SYSAUX
rac194.wpuziewicz.com_OUSPRD_110222090840|1|PERFSTAT|STATS$IOSTAT_FUNCTION|TABLE|SYSAUX
rac194.wpuziewicz.com_OUSPRD_110222090840|1|PERFSTAT|STATS$IOSTAT_FUNCTION_DETAIL|TABLE|SYSAUX
rac194.wpuziewicz.com_OUSPRD_110222090840|1|PERFSTAT|STATS$IOSTAT_FUNCTION_NAME|TABLE|SYSAUX
rac194.wpuziewicz.com_OUSPRD_110222090840|1|PERFSTAT|STATS$IOSTAT_FUNCTION_NAME_PK|INDEX|SYSAUX
rac194.wpuziewicz.com_OUSPRD_110222090840|1|PERFSTAT|STATS$IOSTAT_FUNCTION_PK|INDEX|SYSAUX
rac194.wpuziewicz.com_OUSPRD_110222090840|1|PERFSTAT|STATS$IOSTAT_FUNC_PK|INDEX|SYSAUX
rac194.wpuziewicz.com_OUSPRD_110222090840|1|PERFSTAT|STATS$LEVEL_DESCRIPTION|TABLE|SYSAUX
rac194.wpuziewicz.com_OUSPRD_110222090840|1|PERFSTAT|STATS$LEVEL_DESCRIPTION_PK|INDEX|SYSAUX
rac194.wpuziewicz.com_OUSPRD_110222090840|1|PERFSTAT|STATS$LIBRARYCACHE|TABLE|SYSAUX
rac194.wpuziewicz.com_OUSPRD_110222090840|1|PERFSTAT|STATS$LIBRARYCACHE_PK|INDEX|SYSAUX
rac194.wpuziewicz.com_OUSPRD_110222090840|1|PERFSTAT|STATS$OSSSTATNAME_PK|INDEX|SYSAUX
rac194.wpuziewicz.com_OUSPRD_110222090840|1|PERFSTAT|STATS$OSSTATNAME|TABLE|SYSAUX
rac194.wpuziewicz.com_OUSPRD_110222090840|1|PERFSTAT|STATS$PARAMETER|TABLE|SYSAUX
rac194.wpuziewicz.com_OUSPRD_110222090840|1|PERFSTAT|STATS$PARAMETER_PK|INDEX|SYSAUX
rac194.wpuziewicz.com_OUSPRD_110222090840|1|PERFSTAT|STATS$ROLLSTAT|TABLE|SYSAUX
rac194.wpuziewicz.com_OUSPRD_110222090840|1|PERFSTAT|STATS$ROLLSTAT_PK|INDEX|SYSAUX
rac194.wpuziewicz.com_OUSPRD_110222090840|1|PERFSTAT|STATS$ROWCACHE_SUMMARY|TABLE|SYSAUX
rac194.wpuziewicz.com_OUSPRD_110222090840|1|PERFSTAT|STATS$ROWCACHE_SUMMARY_PK|INDEX|SYSAUX
rac194.wpuziewicz.com_OUSPRD_110222090840|1|PERFSTAT|STATS$SNAPSHOT|TABLE|SYSAUX
rac194.wpuziewicz.com_OUSPRD_110222090840|1|PERFSTAT|STATS$SNAPSHOT_PK|INDEX|SYSAUX
rac194.wpuziewicz.com_OUSPRD_110222090840|1|PERFSTAT|STATS$STATSPACK_PARAMETER|TABLE|SYSAUX
rac194.wpuziewicz.com_OUSPRD_110222090840|1|PERFSTAT|STATS$STATSPACK_PARAMETER_PK|INDEX|SYSAUX
rac194.wpuziewicz.com_OUSPRD_110222090840|1|PERFSTAT|STATS$TEMPSTATXS|TABLE|SYSAUX
rac194.wpuziewicz.com_OUSPRD_110222090840|1|PERFSTAT|STATS$TEMPSTATXS_PK|INDEX|SYSAUX
rac194.wpuziewicz.com_OUSPRD_110222090840|1|PERFSTAT|STATS$TIME_MODEL_STATNAME|TABLE|SYSAUX
rac194.wpuziewicz.com_OUSPRD_110222090840|1|PERFSTAT|STATS$TIME_MODEL_STATNAME_PK|INDEX|SYSAUX
rac194.wpuziewicz.com_OUSPRD_110222090840|3|WP|COMPRESSBYTYPE|TABLE|SYSTEM
rac194.wpuziewicz.com_OUSPRD_110222090840|3|WP|DATAGUARD|TABLE|SYSTEM
rac194.wpuziewicz.com_OUSPRD_110222090840|3|WP|DATATYPES|TABLE|SYSTEM
rac194.wpuziewicz.com_OUSPRD_110222090840|3|WP|DBFEATURES|TABLE|SYSTEM
rac194.wpuziewicz.com_OUSPRD_110222090840|3|WP|DBHWMARKSTATISTICS|TABLE|SYSTEM
rac194.wpuziewicz.com_OUSPRD_110222090840|3|WP|DBINSTANCES|TABLE|SYSTEM
rac194.wpuziewicz.com_OUSPRD_110222090840|3|WP|DBLINKS|TABLE|SYSTEM
rac194.wpuziewicz.com_OUSPRD_110222090840|3|WP|DBOBJECTS|TABLE|SYSTEM
rac194.wpuziewicz.com_OUSPRD_110222090840|3|WP|DBPARAMETERS|TABLE|SYSTEM
rac194.wpuziewicz.com_OUSPRD_110222090840|3|WP|DBSUMMARY|TABLE|SYSTEM
rac194.wpuziewicz.com_OUSPRD_110222090840|3|WP|EXTTAB|TABLE|SYSTEM
rac194.wpuziewicz.com_OUSPRD_110222090840|3|WP|IDXPERTABLE|TABLE|SYSTEM
rac194.wpuziewicz.com_OUSPRD_110222090840|3|WP|INDEXESTYPES|TABLE|SYSTEM
rac194.wpuziewicz.com_OUSPRD_110222090840|3|WP|OPKEYLOG|TABLE|SYSTEM
rac194.wpuziewicz.com_OUSPRD_110222090840|3|WP|PDBSINFO|TABLE|SYSTEM
rac194.wpuziewicz.com_OUSPRD_110222090840|3|WP|PDBSOPENMODE|TABLE|SYSTEM
rac194.wpuziewicz.com_OUSPRD_110222090840|3|WP|SOURCECODE|TABLE|SYSTEM
rac194.wpuziewicz.com_OUSPRD_110222090840|3|WP|TABLESNOPK|TABLE|SYSTEM
rac194.wpuziewicz.com_OUSPRD_110222090840|3|WP|USEDSPACEDETAILS|TABLE|SYSTEM
rac194.wpuziewicz.com_OUSPRD_110222090840|3|WP|USRSEGATT|TABLE|SYSTEM
rac194.wpuziewicz.com_OUSPRD_110222090840|3|PERFSTAT|STATS$$PROCESS_ROLLUP_PK|INDEX|SYSAUX
rac194.wpuziewicz.com_OUSPRD_110222090840|3|PERFSTAT|STATS$BUFFERED_QUEUES|TABLE|SYSAUX
rac194.wpuziewicz.com_OUSPRD_110222090840|3|PERFSTAT|STATS$BUFFERED_QUEUES_PK|INDEX|SYSAUX
rac194.wpuziewicz.com_OUSPRD_110222090840|3|PERFSTAT|STATS$BUFFERED_SUBSCRIBERS|TABLE|SYSAUX
rac194.wpuziewicz.com_OUSPRD_110222090840|3|PERFSTAT|STATS$BUFFERED_SUBSCRIBERS_PK|INDEX|SYSAUX
rac194.wpuziewicz.com_OUSPRD_110222090840|3|PERFSTAT|STATS$BUFFER_POOL_STATISTICS|TABLE|SYSAUX
rac194.wpuziewicz.com_OUSPRD_110222090840|3|PERFSTAT|STATS$BUFFER_POOL_STATS_PK|INDEX|SYSAUX
rac194.wpuziewicz.com_OUSPRD_110222090840|3|PERFSTAT|STATS$CR_BLOCK_SERVER|TABLE|SYSAUX
rac194.wpuziewicz.com_OUSPRD_110222090840|3|PERFSTAT|STATS$CR_BLOCK_SERVER_PK|INDEX|SYSAUX
rac194.wpuziewicz.com_OUSPRD_110222090840|3|PERFSTAT|STATS$CURRENT_BLOCK_SERVER|TABLE|SYSAUX
rac194.wpuziewicz.com_OUSPRD_110222090840|3|PERFSTAT|STATS$CURRENT_BLOCK_SERVER_PK|INDEX|SYSAUX
rac194.wpuziewicz.com_OUSPRD_110222090840|3|PERFSTAT|STATS$DATABASE_INSTANCE|TABLE|SYSAUX
rac194.wpuziewicz.com_OUSPRD_110222090840|3|PERFSTAT|STATS$DATABASE_INSTANCE_PK|INDEX|SYSAUX
rac194.wpuziewicz.com_OUSPRD_110222090840|3|PERFSTAT|STATS$DB_CACHE_ADVICE|TABLE|SYSAUX
rac194.wpuziewicz.com_OUSPRD_110222090840|3|PERFSTAT|STATS$DB_CACHE_ADVICE_PK|INDEX|SYSAUX
rac194.wpuziewicz.com_OUSPRD_110222090840|3|PERFSTAT|STATS$DLM_MISC|TABLE|SYSAUX
rac194.wpuziewicz.com_OUSPRD_110222090840|3|PERFSTAT|STATS$DLM_MISC_PK|INDEX|SYSAUX
rac194.wpuziewicz.com_OUSPRD_110222090840|3|PERFSTAT|STATS$DYNAMIC_REMASTER_STATS|TABLE|SYSAUX
rac194.wpuziewicz.com_OUSPRD_110222090840|3|PERFSTAT|STATS$DYNAMIC_REM_STATS_PK|INDEX|SYSAUX
rac194.wpuziewicz.com_OUSPRD_110222090840|3|PERFSTAT|STATS$ENQUEUE_STATISTICS|TABLE|SYSAUX
rac194.wpuziewicz.com_OUSPRD_110222090840|3|PERFSTAT|STATS$ENQUEUE_STATISTICS_PK|INDEX|SYSAUX
rac194.wpuziewicz.com_OUSPRD_110222090840|3|PERFSTAT|STATS$EVENT_HISTOGRAM|TABLE|SYSAUX
rac194.wpuziewicz.com_OUSPRD_110222090840|3|PERFSTAT|STATS$EVENT_HISTOGRAM_PK|INDEX|SYSAUX
rac194.wpuziewicz.com_OUSPRD_110222090840|3|PERFSTAT|STATS$FILESTATXS|TABLE|SYSAUX
rac194.wpuziewicz.com_OUSPRD_110222090840|3|PERFSTAT|STATS$FILESTATXS_PK|INDEX|SYSAUX
rac194.wpuziewicz.com_OUSPRD_110222090840|3|PERFSTAT|STATS$FILE_HISTOGRAM|TABLE|SYSAUX
rac194.wpuziewicz.com_OUSPRD_110222090840|3|PERFSTAT|STATS$FILE_HISTOGRAM_PK|INDEX|SYSAUX
rac194.wpuziewicz.com_OUSPRD_110222090840|3|PERFSTAT|STATS$IDLE_EVENT|TABLE|SYSAUX
rac194.wpuziewicz.com_OUSPRD_110222090840|3|PERFSTAT|STATS$IDLE_EVENT_PK|INDEX|SYSAUX
rac194.wpuziewicz.com_OUSPRD_110222090840|3|PERFSTAT|STATS$INSTANCE_CACHE_TRANSFER|TABLE|SYSAUX
rac194.wpuziewicz.com_OUSPRD_110222090840|3|PERFSTAT|STATS$INSTANCE_RECOVERY|TABLE|SYSAUX
rac194.wpuziewicz.com_OUSPRD_110222090840|3|PERFSTAT|STATS$INSTANCE_RECOVERY_PK|INDEX|SYSAUX
rac194.wpuziewicz.com_OUSPRD_110222090840|3|PERFSTAT|STATS$INST_CACHE_TRANSFER_PK|INDEX|SYSAUX
rac194.wpuziewicz.com_OUSPRD_110222090840|3|PERFSTAT|STATS$INTERCONNECT_PINGS|TABLE|SYSAUX
rac194.wpuziewicz.com_OUSPRD_110222090840|3|PERFSTAT|STATS$INTERCONNECT_PINGS_PK|INDEX|SYSAUX
rac194.wpuziewicz.com_OUSPRD_110222090840|3|PERFSTAT|STATS$IOSTAT_FUNCTION|TABLE|SYSAUX
rac194.wpuziewicz.com_OUSPRD_110222090840|3|PERFSTAT|STATS$IOSTAT_FUNCTION_DETAIL|TABLE|SYSAUX
rac194.wpuziewicz.com_OUSPRD_110222090840|3|PERFSTAT|STATS$IOSTAT_FUNCTION_NAME|TABLE|SYSAUX
rac194.wpuziewicz.com_OUSPRD_110222090840|3|PERFSTAT|STATS$IOSTAT_FUNCTION_NAME_PK|INDEX|SYSAUX
rac194.wpuziewicz.com_OUSPRD_110222090840|3|PERFSTAT|STATS$IOSTAT_FUNCTION_PK|INDEX|SYSAUX
rac194.wpuziewicz.com_OUSPRD_110222090840|3|PERFSTAT|STATS$IOSTAT_FUNC_PK|INDEX|SYSAUX
rac194.wpuziewicz.com_OUSPRD_110222090840|3|PERFSTAT|STATS$JAVA_POOL_ADVICE|TABLE|SYSAUX
rac194.wpuziewicz.com_OUSPRD_110222090840|3|PERFSTAT|STATS$JAVA_POOL_ADVICE_PK|INDEX|SYSAUX
rac194.wpuziewicz.com_OUSPRD_110222090840|3|PERFSTAT|STATS$LATCH|TABLE|SYSAUX
rac194.wpuziewicz.com_OUSPRD_110222090840|3|PERFSTAT|STATS$LATCH_MISSES_SUMMARY|TABLE|SYSAUX
rac194.wpuziewicz.com_OUSPRD_110222090840|3|PERFSTAT|STATS$LATCH_MISSES_SUMMARY_PK|INDEX|SYSAUX
rac194.wpuziewicz.com_OUSPRD_110222090840|3|PERFSTAT|STATS$LATCH_PK|INDEX|SYSAUX
rac194.wpuziewicz.com_OUSPRD_110222090840|3|PERFSTAT|STATS$LEVEL_DESCRIPTION|TABLE|SYSAUX
rac194.wpuziewicz.com_OUSPRD_110222090840|3|PERFSTAT|STATS$LEVEL_DESCRIPTION_PK|INDEX|SYSAUX
rac194.wpuziewicz.com_OUSPRD_110222090840|3|PERFSTAT|STATS$LIBRARYCACHE|TABLE|SYSAUX
rac194.wpuziewicz.com_OUSPRD_110222090840|3|PERFSTAT|STATS$LIBRARYCACHE_PK|INDEX|SYSAUX
rac194.wpuziewicz.com_OUSPRD_110222090840|3|PERFSTAT|STATS$MEMORY_DYNAMIC_COMPS|TABLE|SYSAUX
rac194.wpuziewicz.com_OUSPRD_110222090840|3|PERFSTAT|STATS$MEMORY_DYNAMIC_COMPS_PK|INDEX|SYSAUX
rac194.wpuziewicz.com_OUSPRD_110222090840|3|PERFSTAT|STATS$MEMORY_RESIZE_OPS|TABLE|SYSAUX
rac194.wpuziewicz.com_OUSPRD_110222090840|3|PERFSTAT|STATS$MEMORY_RESIZE_OPS_PK|INDEX|SYSAUX
rac194.wpuziewicz.com_OUSPRD_110222090840|3|PERFSTAT|STATS$MEMORY_TARGET_ADVICE|TABLE|SYSAUX
rac194.wpuziewicz.com_OUSPRD_110222090840|3|PERFSTAT|STATS$MEMORY_TARGET_ADVICE_PK|INDEX|SYSAUX
rac194.wpuziewicz.com_OUSPRD_110222090840|3|PERFSTAT|STATS$MUTEX_SLEEP|TABLE|SYSAUX
rac194.wpuziewicz.com_OUSPRD_110222090840|3|PERFSTAT|STATS$MUTEX_SLEEP_PK|INDEX|SYSAUX
rac194.wpuziewicz.com_OUSPRD_110222090840|3|PERFSTAT|STATS$OSSSTATNAME_PK|INDEX|SYSAUX
rac194.wpuziewicz.com_OUSPRD_110222090840|3|PERFSTAT|STATS$OSSTAT|TABLE|SYSAUX
rac194.wpuziewicz.com_OUSPRD_110222090840|3|PERFSTAT|STATS$OSSTATNAME|TABLE|SYSAUX
rac194.wpuziewicz.com_OUSPRD_110222090840|3|PERFSTAT|STATS$OSSTAT_PK|INDEX|SYSAUX
rac194.wpuziewicz.com_OUSPRD_110222090840|3|PERFSTAT|STATS$UNDOSTAT|TABLE|SYSAUX
rac194.wpuziewicz.com_OUSPRD_110222090840|3|PERFSTAT|STATS$UNDOSTAT_PK|INDEX|SYSAUX
rac194.wpuziewicz.com_OUSPRD_110222090840|3|PERFSTAT|STATS$WAITSTAT|TABLE|SYSAUX
rac194.wpuziewicz.com_OUSPRD_110222090840|3|PERFSTAT|STATS$WAITSTAT_PK|INDEX|SYSAUX
rac194.wpuziewicz.com_OUSPRD_110222090840|3|PERFSTAT|STATS$PARAMETER|TABLE|SYSAUX
rac194.wpuziewicz.com_OUSPRD_110222090840|3|PERFSTAT|STATS$PARAMETER_PK|INDEX|SYSAUX
rac194.wpuziewicz.com_OUSPRD_110222090840|3|PERFSTAT|STATS$PGASTAT|TABLE|SYSAUX
rac194.wpuziewicz.com_OUSPRD_110222090840|3|PERFSTAT|STATS$PGA_TARGET_ADVICE|TABLE|SYSAUX
rac194.wpuziewicz.com_OUSPRD_110222090840|3|PERFSTAT|STATS$PGA_TARGET_ADVICE_PK|INDEX|SYSAUX
rac194.wpuziewicz.com_OUSPRD_110222090840|3|PERFSTAT|STATS$PROCESS_MEMORY_ROLLUP|TABLE|SYSAUX
rac194.wpuziewicz.com_OUSPRD_110222090840|3|PERFSTAT|STATS$PROCESS_MEMORY_ROLLUP_PK|INDEX|SYSAUX
rac194.wpuziewicz.com_OUSPRD_110222090840|3|PERFSTAT|STATS$PROCESS_ROLLUP|TABLE|SYSAUX
rac194.wpuziewicz.com_OUSPRD_110222090840|3|PERFSTAT|STATS$PROPAGATION_RECEIVER|TABLE|SYSAUX
rac194.wpuziewicz.com_OUSPRD_110222090840|3|PERFSTAT|STATS$PROPAGATION_RECEIVER_PK|INDEX|SYSAUX
rac194.wpuziewicz.com_OUSPRD_110222090840|3|PERFSTAT|STATS$PROPAGATION_SENDER|TABLE|SYSAUX
rac194.wpuziewicz.com_OUSPRD_110222090840|3|PERFSTAT|STATS$PROPAGATION_SENDER_PK|INDEX|SYSAUX
rac194.wpuziewicz.com_OUSPRD_110222090840|3|PERFSTAT|STATS$RESOURCE_LIMIT|TABLE|SYSAUX
rac194.wpuziewicz.com_OUSPRD_110222090840|3|PERFSTAT|STATS$RESOURCE_LIMIT_PK|INDEX|SYSAUX
rac194.wpuziewicz.com_OUSPRD_110222090840|3|PERFSTAT|STATS$ROLLSTAT|TABLE|SYSAUX
rac194.wpuziewicz.com_OUSPRD_110222090840|3|PERFSTAT|STATS$ROLLSTAT_PK|INDEX|SYSAUX
rac194.wpuziewicz.com_OUSPRD_110222090840|3|PERFSTAT|STATS$ROWCACHE_SUMMARY|TABLE|SYSAUX
rac194.wpuziewicz.com_OUSPRD_110222090840|3|PERFSTAT|STATS$ROWCACHE_SUMMARY_PK|INDEX|SYSAUX
rac194.wpuziewicz.com_OUSPRD_110222090840|3|PERFSTAT|STATS$RULE_SET|TABLE|SYSAUX
rac194.wpuziewicz.com_OUSPRD_110222090840|3|PERFSTAT|STATS$RULE_SET_PK|INDEX|SYSAUX
rac194.wpuziewicz.com_OUSPRD_110222090840|3|PERFSTAT|STATS$SGA|TABLE|SYSAUX
rac194.wpuziewicz.com_OUSPRD_110222090840|3|PERFSTAT|STATS$SGASTAT|TABLE|SYSAUX
rac194.wpuziewicz.com_OUSPRD_110222090840|3|PERFSTAT|STATS$SGASTAT_U|INDEX|SYSAUX
rac194.wpuziewicz.com_OUSPRD_110222090840|3|PERFSTAT|STATS$SGA_PK|INDEX|SYSAUX
rac194.wpuziewicz.com_OUSPRD_110222090840|3|PERFSTAT|STATS$SGA_TARGET_ADVICE|TABLE|SYSAUX
rac194.wpuziewicz.com_OUSPRD_110222090840|3|PERFSTAT|STATS$SGA_TARGET_ADVICE_PK|INDEX|SYSAUX
rac194.wpuziewicz.com_OUSPRD_110222090840|3|PERFSTAT|STATS$SHARED_POOL_ADVICE|TABLE|SYSAUX
rac194.wpuziewicz.com_OUSPRD_110222090840|3|PERFSTAT|STATS$SHARED_POOL_ADVICE_PK|INDEX|SYSAUX
rac194.wpuziewicz.com_OUSPRD_110222090840|3|PERFSTAT|STATS$SNAPSHOT|TABLE|SYSAUX
rac194.wpuziewicz.com_OUSPRD_110222090840|3|PERFSTAT|STATS$SNAPSHOT_PK|INDEX|SYSAUX
rac194.wpuziewicz.com_OUSPRD_110222090840|3|PERFSTAT|STATS$SQLTEXT|TABLE|SYSAUX
rac194.wpuziewicz.com_OUSPRD_110222090840|3|PERFSTAT|STATS$SQLTEXT_PK|INDEX|SYSAUX
rac194.wpuziewicz.com_OUSPRD_110222090840|3|PERFSTAT|STATS$SQL_PGASTAT_PK|INDEX|SYSAUX
rac194.wpuziewicz.com_OUSPRD_110222090840|3|PERFSTAT|STATS$SQL_STATISTICS|TABLE|SYSAUX
rac194.wpuziewicz.com_OUSPRD_110222090840|3|PERFSTAT|STATS$SQL_STATISTICS_PK|INDEX|SYSAUX
rac194.wpuziewicz.com_OUSPRD_110222090840|3|PERFSTAT|STATS$SQL_SUMMARY|TABLE|SYSAUX
rac194.wpuziewicz.com_OUSPRD_110222090840|3|PERFSTAT|STATS$SQL_SUMMARY_PK|INDEX|SYSAUX
rac194.wpuziewicz.com_OUSPRD_110222090840|3|PERFSTAT|STATS$SQL_WORKAREA_HISTOGRAM|TABLE|SYSAUX
rac194.wpuziewicz.com_OUSPRD_110222090840|3|PERFSTAT|STATS$SQL_WORKAREA_HIST_PK|INDEX|SYSAUX
rac194.wpuziewicz.com_OUSPRD_110222090840|3|PERFSTAT|STATS$STATSPACK_PARAMETER|TABLE|SYSAUX
rac194.wpuziewicz.com_OUSPRD_110222090840|3|PERFSTAT|STATS$STATSPACK_PARAMETER_PK|INDEX|SYSAUX
rac194.wpuziewicz.com_OUSPRD_110222090840|3|PERFSTAT|STATS$STREAMS_APPLY_SUM|TABLE|SYSAUX
rac194.wpuziewicz.com_OUSPRD_110222090840|3|PERFSTAT|STATS$STREAMS_APPLY_SUM_PK|INDEX|SYSAUX
rac194.wpuziewicz.com_OUSPRD_110222090840|3|PERFSTAT|STATS$STREAMS_CAPTURE|TABLE|SYSAUX
rac194.wpuziewicz.com_OUSPRD_110222090840|3|PERFSTAT|STATS$STREAMS_CAPTURE_PK|INDEX|SYSAUX
rac194.wpuziewicz.com_OUSPRD_110222090840|3|PERFSTAT|STATS$STREAMS_POOL_ADVICE|TABLE|SYSAUX
rac194.wpuziewicz.com_OUSPRD_110222090840|3|PERFSTAT|STATS$STREAMS_POOL_ADVICE_PK|INDEX|SYSAUX
rac194.wpuziewicz.com_OUSPRD_110222090840|3|PERFSTAT|STATS$SYSSTAT|TABLE|SYSAUX
rac194.wpuziewicz.com_OUSPRD_110222090840|3|PERFSTAT|STATS$SYSSTAT_PK|INDEX|SYSAUX
rac194.wpuziewicz.com_OUSPRD_110222090840|3|PERFSTAT|STATS$SYSTEM_EVENT|TABLE|SYSAUX
rac194.wpuziewicz.com_OUSPRD_110222090840|3|PERFSTAT|STATS$SYSTEM_EVENT_PK|INDEX|SYSAUX
rac194.wpuziewicz.com_OUSPRD_110222090840|3|PERFSTAT|STATS$SYS_TIME_MODEL|TABLE|SYSAUX
rac194.wpuziewicz.com_OUSPRD_110222090840|3|PERFSTAT|STATS$SYS_TIME_MODEL_PK|INDEX|SYSAUX
rac194.wpuziewicz.com_OUSPRD_110222090840|3|PERFSTAT|STATS$TEMPSTATXS|TABLE|SYSAUX
rac194.wpuziewicz.com_OUSPRD_110222090840|3|PERFSTAT|STATS$TEMPSTATXS_PK|INDEX|SYSAUX
rac194.wpuziewicz.com_OUSPRD_110222090840|3|PERFSTAT|STATS$THREAD|TABLE|SYSAUX
rac194.wpuziewicz.com_OUSPRD_110222090840|3|PERFSTAT|STATS$THREAD_PK|INDEX|SYSAUX
rac194.wpuziewicz.com_OUSPRD_110222090840|3|PERFSTAT|STATS$TIME_MODEL_STATNAME|TABLE|SYSAUX
rac194.wpuziewicz.com_OUSPRD_110222090840|3|PERFSTAT|STATS$TIME_MODEL_STATNAME_PK|INDEX|SYSAUX
