 
PKEY|INST_ID|CON_ID|NAME|VALUE|DEFAULT_VALUE|ISDEFAULT
rac194.wpuziewicz.com_OUSPRD_110222090840|1|1|shrd_dupl_table_refresh_rate|60|60|TRUE
rac194.wpuziewicz.com_OUSPRD_110222090840|1|1|multishard_query_data_consistency|strong|strong|TRUE
rac194.wpuziewicz.com_OUSPRD_110222090840|1|1|multishard_query_partial_results|not allowed|not allowed|TRUE
rac194.wpuziewicz.com_OUSPRD_110222090840|1|1|optimizer_adaptive_reporting_only|FALSE|FALSE|TRUE
rac194.wpuziewicz.com_OUSPRD_110222090840|1|1|optimizer_adaptive_plans|TRUE|TRUE|TRUE
rac194.wpuziewicz.com_OUSPRD_110222090840|1|1|optimizer_inmemory_aware|TRUE|TRUE|TRUE
rac194.wpuziewicz.com_OUSPRD_110222090840|1|1|cursor_invalidation|IMMEDIATE|IMMEDIATE|TRUE
rac194.wpuziewicz.com_OUSPRD_110222090840|1|1|approx_for_aggregation|FALSE|FALSE|TRUE
rac194.wpuziewicz.com_OUSPRD_110222090840|1|1|approx_for_count_distinct|FALSE|FALSE|TRUE
rac194.wpuziewicz.com_OUSPRD_110222090840|1|1|approx_for_percentile|none|none|TRUE
rac194.wpuziewicz.com_OUSPRD_110222090840|1|1|optimizer_adaptive_statistics|FALSE|FALSE|TRUE
rac194.wpuziewicz.com_OUSPRD_110222090840|1|1|optimizer_ignore_parallel_hints|FALSE|FALSE|TRUE
rac194.wpuziewicz.com_OUSPRD_110222090840|1|1|parallel_min_degree|1|1|TRUE
rac194.wpuziewicz.com_OUSPRD_110222090840|1|1|sec_protocol_error_trace_action|TRACE|TRACE|TRUE
rac194.wpuziewicz.com_OUSPRD_110222090840|1|1|sec_protocol_error_further_action|(DROP,3)|(DROP,3)|TRUE
rac194.wpuziewicz.com_OUSPRD_110222090840|1|1|sec_max_failed_login_attempts|3|3|TRUE
rac194.wpuziewicz.com_OUSPRD_110222090840|1|1|sec_return_server_release_banner|FALSE|FALSE|TRUE
rac194.wpuziewicz.com_OUSPRD_110222090840|1|1|enable_ddl_logging|FALSE|FALSE|TRUE
rac194.wpuziewicz.com_OUSPRD_110222090840|1|1|client_result_cache_size|0|0|TRUE
rac194.wpuziewicz.com_OUSPRD_110222090840|1|1|client_result_cache_lag|3000|3000|TRUE
rac194.wpuziewicz.com_OUSPRD_110222090840|1|1|outbound_dblink_protocols|ALL|ALL|TRUE
rac194.wpuziewicz.com_OUSPRD_110222090840|1|1|allow_global_dblinks|FALSE|FALSE|TRUE
rac194.wpuziewicz.com_OUSPRD_110222090840|1|1|client_statistics_level|TYPICAL|TYPICAL|TRUE
rac194.wpuziewicz.com_OUSPRD_110222090840|1|1|aq_tm_processes|1|1|TRUE
rac194.wpuziewicz.com_OUSPRD_110222090840|1|1|hs_autoregister|TRUE|TRUE|TRUE
rac194.wpuziewicz.com_OUSPRD_110222090840|1|1|xml_db_events|enable|enable|TRUE
rac194.wpuziewicz.com_OUSPRD_110222090840|1|1|dg_broker_start|TRUE|FALSE|FALSE
rac194.wpuziewicz.com_OUSPRD_110222090840|1|1|dg_broker_config_file1|+DATA/ousprd/dr1ousprd.dat||FALSE
rac194.wpuziewicz.com_OUSPRD_110222090840|1|1|dg_broker_config_file2|+FRA/ousprd/dr2ousprd.dat||FALSE
rac194.wpuziewicz.com_OUSPRD_110222090840|1|1|olap_page_pool_size|0|0|TRUE
rac194.wpuziewicz.com_OUSPRD_110222090840|1|1|asm_diskstring|||TRUE
rac194.wpuziewicz.com_OUSPRD_110222090840|1|1|asm_preferred_read_failure_groups|||TRUE
rac194.wpuziewicz.com_OUSPRD_110222090840|1|1|control_management_pack_access|DIAGNOSTIC+TUNING|DIAGNOSTIC+TUNING|TRUE
rac194.wpuziewicz.com_OUSPRD_110222090840|1|1|awr_pdb_autoflush_enabled|FALSE|FALSE|TRUE
rac194.wpuziewicz.com_OUSPRD_110222090840|1|1|awr_pdb_max_parallel_slaves|10|10|TRUE
rac194.wpuziewicz.com_OUSPRD_110222090840|1|1|awr_snapshot_time_offset|0|0|TRUE
rac194.wpuziewicz.com_OUSPRD_110222090840|1|1|sqltune_category|DEFAULT|DEFAULT|TRUE
rac194.wpuziewicz.com_OUSPRD_110222090840|1|1|autotask_max_active_pdbs|2|2|TRUE
rac194.wpuziewicz.com_OUSPRD_110222090840|1|1|enable_automatic_maintenance_pdb|TRUE|TRUE|TRUE
rac194.wpuziewicz.com_OUSPRD_110222090840|1|1|_umf_remote_target_dblink||NONE|FALSE
rac194.wpuziewicz.com_OUSPRD_110222090840|1|1|_umf_remote_enabled|TRUE|FALSE|FALSE
rac194.wpuziewicz.com_OUSPRD_110222090840|1|1|_dbmsumf$$nn|prim|NONE|FALSE
rac194.wpuziewicz.com_OUSPRD_110222090840|1|1|_dbmsumf$$p|1||FALSE
rac194.wpuziewicz.com_OUSPRD_110222090840|1|1|_dbmsumf$$1x|<UMF_SCHEMA>  <TOPOLOGY>    <TOPOLOGY_INST>      <TOPOLOG||FALSE
rac194.wpuziewicz.com_OUSPRD_110222090840|1|1|spatial_vector_acceleration|FALSE|FALSE|TRUE
rac194.wpuziewicz.com_OUSPRD_110222090840|1|1|diagnostic_dest|/u01/app/oracle|?#/log|FALSE
rac194.wpuziewicz.com_OUSPRD_110222090840|1|1|tracefile_identifier|||TRUE
rac194.wpuziewicz.com_OUSPRD_110222090840|1|1|max_dump_file_size|unlimited|unlimited|TRUE
rac194.wpuziewicz.com_OUSPRD_110222090840|1|1|trace_enabled|TRUE|TRUE|TRUE
rac194.wpuziewicz.com_OUSPRD_110222090840|1|1|cell_offloadgroup_name|||TRUE
rac194.wpuziewicz.com_OUSPRD_110222090840|1|1|enable_pluggable_database|TRUE|FALSE|FALSE
rac194.wpuziewicz.com_OUSPRD_110222090840|1|1|pdb_os_credential|||TRUE
rac194.wpuziewicz.com_OUSPRD_110222090840|1|1|pdb_file_name_convert|||TRUE
rac194.wpuziewicz.com_OUSPRD_110222090840|1|1|noncdb_compatible|FALSE|FALSE|TRUE
rac194.wpuziewicz.com_OUSPRD_110222090840|1|1|common_user_prefix|C##|NONE|TRUE
rac194.wpuziewicz.com_OUSPRD_110222090840|1|1|target_pdbs|9|1|TRUE
rac194.wpuziewicz.com_OUSPRD_110222090840|1|1|max_pdbs|254|4098|TRUE
rac194.wpuziewicz.com_OUSPRD_110222090840|1|1|cdb_cluster|FALSE|FALSE|TRUE
rac194.wpuziewicz.com_OUSPRD_110222090840|1|1|cdb_cluster_name||NONE|TRUE
rac194.wpuziewicz.com_OUSPRD_110222090840|1|1|standby_pdb_source_file_directory|||TRUE
rac194.wpuziewicz.com_OUSPRD_110222090840|1|1|standby_pdb_source_file_dblink|||TRUE
rac194.wpuziewicz.com_OUSPRD_110222090840|1|1|remote_recovery_file_dest||NONE|TRUE
rac194.wpuziewicz.com_OUSPRD_110222090840|1|1|disable_pdb_feature|0|0|TRUE
rac194.wpuziewicz.com_OUSPRD_110222090840|1|1|containers_parallel_degree|65535|65535|TRUE
rac194.wpuziewicz.com_OUSPRD_110222090840|1|1|default_sharing|metadata|metadata|TRUE
rac194.wpuziewicz.com_OUSPRD_110222090840|1|1|pdb_lockdown|||TRUE
rac194.wpuziewicz.com_OUSPRD_110222090840|1|1|pdb_template|||TRUE
rac194.wpuziewicz.com_OUSPRD_110222090840|1|1|background_dump_dest|/u01/app/oracle/product/19.3.0.0/dbhome_1/rdbms/log|$ORACLE_BASE/admin/@/bdump|TRUE
rac194.wpuziewicz.com_OUSPRD_110222090840|1|1|user_dump_dest|/u01/app/oracle/product/19.3.0.0/dbhome_1/rdbms/log|$ORACLE_BASE/admin/@/udump|TRUE
rac194.wpuziewicz.com_OUSPRD_110222090840|1|1|core_dump_dest|/u01/app/oracle/diag/rdbms/ousprd/ousprd1/cdump|$ORACLE_BASE/admin/@/cdump|TRUE
rac194.wpuziewicz.com_OUSPRD_110222090840|1|1|audit_file_dest|/u01/app/oracle/admin/ousprd/adump|$ORACLE_BASE/admin/@/adump|FALSE
rac194.wpuziewicz.com_OUSPRD_110222090840|1|1|audit_syslog_level|||TRUE
rac194.wpuziewicz.com_OUSPRD_110222090840|1|1|unified_audit_systemlog|||TRUE
rac194.wpuziewicz.com_OUSPRD_110222090840|1|1|unified_audit_common_systemlog|||TRUE
rac194.wpuziewicz.com_OUSPRD_110222090840|1|1|resource_manage_goldengate|FALSE|FALSE|TRUE
rac194.wpuziewicz.com_OUSPRD_110222090840|1|1|object_cache_optimal_size|10240000|10240000|TRUE
rac194.wpuziewicz.com_OUSPRD_110222090840|1|1|object_cache_max_size_percent|10|10|TRUE
rac194.wpuziewicz.com_OUSPRD_110222090840|1|1|lob_signature_enable|FALSE|FALSE|TRUE
rac194.wpuziewicz.com_OUSPRD_110222090840|1|1|session_max_open_files|300|10|FALSE
rac194.wpuziewicz.com_OUSPRD_110222090840|1|1|open_links|4|4|TRUE
rac194.wpuziewicz.com_OUSPRD_110222090840|1|1|open_links_per_instance|4|4|TRUE
rac194.wpuziewicz.com_OUSPRD_110222090840|1|1|commit_write|||TRUE
rac194.wpuziewicz.com_OUSPRD_110222090840|1|1|commit_wait|||TRUE
rac194.wpuziewicz.com_OUSPRD_110222090840|1|1|commit_logging|||TRUE
rac194.wpuziewicz.com_OUSPRD_110222090840|1|1|optimizer_features_enable|19.1.0|19.1.0|TRUE
rac194.wpuziewicz.com_OUSPRD_110222090840|1|1|fixed_date||NONE|TRUE
rac194.wpuziewicz.com_OUSPRD_110222090840|1|1|audit_trail|DB|none|FALSE
rac194.wpuziewicz.com_OUSPRD_110222090840|1|1|sort_area_size|65536|65536|TRUE
rac194.wpuziewicz.com_OUSPRD_110222090840|1|1|sort_area_retained_size|0|0|TRUE
rac194.wpuziewicz.com_OUSPRD_110222090840|1|1|cell_offload_processing|TRUE|TRUE|TRUE
rac194.wpuziewicz.com_OUSPRD_110222090840|1|1|cell_offload_decryption|TRUE|TRUE|TRUE
rac194.wpuziewicz.com_OUSPRD_110222090840|1|1|cell_offload_parameters||NONE|TRUE
rac194.wpuziewicz.com_OUSPRD_110222090840|1|1|cell_offload_compaction|ADAPTIVE|ADAPTIVE|TRUE
rac194.wpuziewicz.com_OUSPRD_110222090840|1|1|cell_offload_plan_display|AUTO|AUTO|TRUE
rac194.wpuziewicz.com_OUSPRD_110222090840|1|1|db_name|ousprd|NONE|FALSE
rac194.wpuziewicz.com_OUSPRD_110222090840|1|1|db_unique_name|ousprd|NONE|TRUE
rac194.wpuziewicz.com_OUSPRD_110222090840|1|1|open_cursors|300|50|FALSE
rac194.wpuziewicz.com_OUSPRD_110222090840|1|1|ifile|||TRUE
rac194.wpuziewicz.com_OUSPRD_110222090840|1|1|sql_trace|FALSE|FALSE|TRUE
rac194.wpuziewicz.com_OUSPRD_110222090840|1|1|os_authent_prefix|ops$|ops$|TRUE
rac194.wpuziewicz.com_OUSPRD_110222090840|1|1|optimizer_mode|ALL_ROWS|all_rows|TRUE
rac194.wpuziewicz.com_OUSPRD_110222090840|1|1|sql92_security|TRUE|TRUE|TRUE
rac194.wpuziewicz.com_OUSPRD_110222090840|1|1|blank_trimming|FALSE|FALSE|TRUE
rac194.wpuziewicz.com_OUSPRD_110222090840|1|1|star_transformation_enabled|FALSE|FALSE|TRUE
rac194.wpuziewicz.com_OUSPRD_110222090840|1|1|parallel_degree_policy|MANUAL|MANUAL|TRUE
rac194.wpuziewicz.com_OUSPRD_110222090840|1|1|parallel_adaptive_multi_user|FALSE|FALSE|TRUE
rac194.wpuziewicz.com_OUSPRD_110222090840|1|1|parallel_threads_per_cpu|1|1|TRUE
rac194.wpuziewicz.com_OUSPRD_110222090840|1|1|optimizer_index_cost_adj|100|100|TRUE
rac194.wpuziewicz.com_OUSPRD_110222090840|1|1|optimizer_index_caching|0|0|TRUE
rac194.wpuziewicz.com_OUSPRD_110222090840|1|1|query_rewrite_enabled|TRUE|true|TRUE
rac194.wpuziewicz.com_OUSPRD_110222090840|1|1|query_rewrite_integrity|enforced|enforced|TRUE
rac194.wpuziewicz.com_OUSPRD_110222090840|1|1|pga_aggregate_target|1678770176|0|FALSE
rac194.wpuziewicz.com_OUSPRD_110222090840|1|1|workarea_size_policy|AUTO|AUTO|TRUE
rac194.wpuziewicz.com_OUSPRD_110222090840|1|1|optimizer_dynamic_sampling|2|2|TRUE
rac194.wpuziewicz.com_OUSPRD_110222090840|1|1|statistics_level|TYPICAL|TYPICAL|TRUE
rac194.wpuziewicz.com_OUSPRD_110222090840|1|1|cursor_bind_capture_destination|memory+disk|memory+disk|TRUE
rac194.wpuziewicz.com_OUSPRD_110222090840|1|1|skip_unusable_indexes|TRUE|TRUE|TRUE
rac194.wpuziewicz.com_OUSPRD_110222090840|1|1|optimizer_ignore_hints|FALSE|FALSE|TRUE
rac194.wpuziewicz.com_OUSPRD_110222090840|1|1|optimizer_secure_view_merging|TRUE|TRUE|TRUE
rac194.wpuziewicz.com_OUSPRD_110222090840|1|1|ddl_lock_timeout|0|0|TRUE
rac194.wpuziewicz.com_OUSPRD_110222090840|1|1|deferred_segment_creation|TRUE|TRUE|TRUE
rac194.wpuziewicz.com_OUSPRD_110222090840|1|1|optimizer_use_pending_statistics|FALSE|FALSE|TRUE
rac194.wpuziewicz.com_OUSPRD_110222090840|1|1|optimizer_capture_sql_plan_baselines|FALSE|FALSE|TRUE
rac194.wpuziewicz.com_OUSPRD_110222090840|1|1|optimizer_use_sql_plan_baselines|TRUE|TRUE|TRUE
rac194.wpuziewicz.com_OUSPRD_110222090840|1|1|parallel_min_time_threshold|AUTO|AUTO|TRUE
rac194.wpuziewicz.com_OUSPRD_110222090840|1|1|parallel_degree_limit|CPU|CPU|TRUE
rac194.wpuziewicz.com_OUSPRD_110222090840|1|1|parallel_force_local|FALSE|FALSE|TRUE
rac194.wpuziewicz.com_OUSPRD_110222090840|1|1|optimizer_use_invisible_indexes|FALSE|FALSE|TRUE
rac194.wpuziewicz.com_OUSPRD_110222090840|1|1|dst_upgrade_insert_conv|TRUE|TRUE|TRUE
rac194.wpuziewicz.com_OUSPRD_110222090840|1|1|parallel_servers_target|80|0|TRUE
rac194.wpuziewicz.com_OUSPRD_110222090840|1|1|max_string_size|STANDARD|STANDARD|TRUE
rac194.wpuziewicz.com_OUSPRD_110222090840|1|1|os_roles|FALSE|FALSE|TRUE
rac194.wpuziewicz.com_OUSPRD_110222090840|1|1|rdbms_server_dn||NONE|TRUE
rac194.wpuziewicz.com_OUSPRD_110222090840|1|1|remote_os_authent|FALSE|FALSE|TRUE
rac194.wpuziewicz.com_OUSPRD_110222090840|1|1|remote_os_roles|FALSE|FALSE|TRUE
rac194.wpuziewicz.com_OUSPRD_110222090840|1|1|sec_case_sensitive_logon|TRUE|TRUE|TRUE
rac194.wpuziewicz.com_OUSPRD_110222090840|1|1|remote_login_passwordfile|EXCLUSIVE|exclusive|FALSE
rac194.wpuziewicz.com_OUSPRD_110222090840|1|1|license_max_users|0|0|TRUE
rac194.wpuziewicz.com_OUSPRD_110222090840|1|1|audit_sys_operations|TRUE|TRUE|TRUE
rac194.wpuziewicz.com_OUSPRD_110222090840|1|1|DBFIPS_140|FALSE|FALSE|TRUE
rac194.wpuziewicz.com_OUSPRD_110222090840|1|1|one_step_plugin_for_pdb_with_tde|FALSE|FALSE|TRUE
rac194.wpuziewicz.com_OUSPRD_110222090840|1|1|external_keystore_credential_location||NONE|TRUE
rac194.wpuziewicz.com_OUSPRD_110222090840|1|1|unified_audit_sga_queue_size|1048576|1048576|TRUE
rac194.wpuziewicz.com_OUSPRD_110222090840|1|1|wallet_root||NONE|TRUE
rac194.wpuziewicz.com_OUSPRD_110222090840|1|1|tde_configuration||NONE|TRUE
rac194.wpuziewicz.com_OUSPRD_110222090840|1|1|db_domain|wpuziewicz.com||FALSE
rac194.wpuziewicz.com_OUSPRD_110222090840|1|1|global_names|FALSE|FALSE|TRUE
rac194.wpuziewicz.com_OUSPRD_110222090840|1|1|distributed_lock_timeout|60|60|TRUE
rac194.wpuziewicz.com_OUSPRD_110222090840|1|1|commit_point_strength|1|1|TRUE
rac194.wpuziewicz.com_OUSPRD_110222090840|1|1|global_txn_processes|1|1|TRUE
rac194.wpuziewicz.com_OUSPRD_110222090840|1|1|instance_name|ousprd1||TRUE
rac194.wpuziewicz.com_OUSPRD_110222090840|1|1|dispatchers|(PROTOCOL=TCP) (SERVICE=ousprdXDB)||FALSE
rac194.wpuziewicz.com_OUSPRD_110222090840|1|1|shared_servers|1|4294967294|TRUE
rac194.wpuziewicz.com_OUSPRD_110222090840|1|1|max_shared_servers|||TRUE
rac194.wpuziewicz.com_OUSPRD_110222090840|1|1|max_dispatchers|||TRUE
rac194.wpuziewicz.com_OUSPRD_110222090840|1|1|circuits|||TRUE
rac194.wpuziewicz.com_OUSPRD_110222090840|1|1|shared_server_sessions|||TRUE
rac194.wpuziewicz.com_OUSPRD_110222090840|1|1|use_dedicated_broker|FALSE|TRUE|TRUE
rac194.wpuziewicz.com_OUSPRD_110222090840|1|1|connection_brokers|((TYPE=DEDICATED)(BROKERS=1)), ((TYPE=EMON)(BROKERS=1))||TRUE
rac194.wpuziewicz.com_OUSPRD_110222090840|1|1|local_listener|(ADDRESS=(PROTOCOL=TCP)(HOST=192.168.50.134)(PORT=1521))||FALSE
rac194.wpuziewicz.com_OUSPRD_110222090840|1|1|forward_listener|||TRUE
rac194.wpuziewicz.com_OUSPRD_110222090840|1|1|remote_listener|rac19-4-scan:1521||TRUE
rac194.wpuziewicz.com_OUSPRD_110222090840|1|1|listener_networks|||TRUE
rac194.wpuziewicz.com_OUSPRD_110222090840|1|1|cursor_space_for_time|FALSE|FALSE|TRUE
rac194.wpuziewicz.com_OUSPRD_110222090840|1|1|session_cached_cursors|50|50|TRUE
rac194.wpuziewicz.com_OUSPRD_110222090840|1|1|remote_dependencies_mode|TIMESTAMP|timestamp|TRUE
rac194.wpuziewicz.com_OUSPRD_110222090840|1|1|smtp_out_server|||TRUE
rac194.wpuziewicz.com_OUSPRD_110222090840|1|1|plsql_v2_compatibility|FALSE|FALSE|TRUE
rac194.wpuziewicz.com_OUSPRD_110222090840|1|1|plsql_warnings|DISABLE:ALL|NONE|TRUE
rac194.wpuziewicz.com_OUSPRD_110222090840|1|1|plsql_code_type|INTERPRETED|INTERPRETED|TRUE
rac194.wpuziewicz.com_OUSPRD_110222090840|1|1|plsql_debug|FALSE|FALSE|TRUE
rac194.wpuziewicz.com_OUSPRD_110222090840|1|1|plsql_optimize_level|2|2|TRUE
rac194.wpuziewicz.com_OUSPRD_110222090840|1|1|plsql_ccflags||NONE|TRUE
rac194.wpuziewicz.com_OUSPRD_110222090840|1|1|plscope_settings|IDENTIFIERS:NONE|IDENTIFIERS:NONE|TRUE
rac194.wpuziewicz.com_OUSPRD_110222090840|1|1|permit_92_wrap_format|TRUE|TRUE|TRUE
rac194.wpuziewicz.com_OUSPRD_110222090840|1|1|java_jit_enabled|TRUE|TRUE|TRUE
rac194.wpuziewicz.com_OUSPRD_110222090840|1|1|java_restrict|none|none|TRUE
rac194.wpuziewicz.com_OUSPRD_110222090840|1|1|job_queue_processes|80|4000|TRUE
rac194.wpuziewicz.com_OUSPRD_110222090840|1|1|scheduler_follow_pdbtz|FALSE|FALSE|TRUE
rac194.wpuziewicz.com_OUSPRD_110222090840|1|1|parallel_min_percent|0|0|TRUE
rac194.wpuziewicz.com_OUSPRD_110222090840|1|1|create_bitmap_area_size|8388608|8388608|TRUE
rac194.wpuziewicz.com_OUSPRD_110222090840|1|1|bitmap_merge_area_size|1048576|1048576|TRUE
rac194.wpuziewicz.com_OUSPRD_110222090840|1|1|cursor_sharing|EXACT|EXACT|TRUE
rac194.wpuziewicz.com_OUSPRD_110222090840|1|1|result_cache_mode|MANUAL|MANUAL|TRUE
rac194.wpuziewicz.com_OUSPRD_110222090840|1|1|parallel_min_servers|8|0|TRUE
rac194.wpuziewicz.com_OUSPRD_110222090840|1|1|parallel_max_servers|80||TRUE
rac194.wpuziewicz.com_OUSPRD_110222090840|1|1|parallel_instance_group||NONE|TRUE
rac194.wpuziewicz.com_OUSPRD_110222090840|1|1|parallel_execution_message_size|16384||TRUE
rac194.wpuziewicz.com_OUSPRD_110222090840|1|1|hash_area_size|131072|0|TRUE
rac194.wpuziewicz.com_OUSPRD_110222090840|1|1|private_temp_table_prefix|ORA$PTT_|ORA$PTT_|TRUE
rac194.wpuziewicz.com_OUSPRD_110222090840|1|1|result_cache_max_size|25165824|1|TRUE
rac194.wpuziewicz.com_OUSPRD_110222090840|1|1|result_cache_max_result|5|5|TRUE
rac194.wpuziewicz.com_OUSPRD_110222090840|1|1|result_cache_remote_expiration|0|0|TRUE
rac194.wpuziewicz.com_OUSPRD_110222090840|1|1|shadow_core_dump|partial|partial|TRUE
rac194.wpuziewicz.com_OUSPRD_110222090840|1|1|background_core_dump|partial|partial|TRUE
rac194.wpuziewicz.com_OUSPRD_110222090840|1|1|db_files|200|200|TRUE
rac194.wpuziewicz.com_OUSPRD_110222090840|1|1|db_file_multiblock_read_count|128|0|TRUE
rac194.wpuziewicz.com_OUSPRD_110222090840|1|1|read_only_open_delayed|FALSE|FALSE|TRUE
rac194.wpuziewicz.com_OUSPRD_110222090840|1|1|cluster_database|TRUE|FALSE|FALSE
rac194.wpuziewicz.com_OUSPRD_110222090840|1|1|cluster_database_instances|2||TRUE
rac194.wpuziewicz.com_OUSPRD_110222090840|1|1|db_create_file_dest|+DATA|NONE|FALSE
rac194.wpuziewicz.com_OUSPRD_110222090840|1|1|db_create_online_log_dest_1||NONE|TRUE
rac194.wpuziewicz.com_OUSPRD_110222090840|1|1|db_create_online_log_dest_2||NONE|TRUE
rac194.wpuziewicz.com_OUSPRD_110222090840|1|1|db_create_online_log_dest_3||NONE|TRUE
rac194.wpuziewicz.com_OUSPRD_110222090840|1|1|db_create_online_log_dest_4||NONE|TRUE
rac194.wpuziewicz.com_OUSPRD_110222090840|1|1|db_create_online_log_dest_5||NONE|TRUE
rac194.wpuziewicz.com_OUSPRD_110222090840|1|1|db_recovery_file_dest|+FRA|NONE|FALSE
rac194.wpuziewicz.com_OUSPRD_110222090840|1|1|db_recovery_file_dest_size|2199023255552|0|FALSE
rac194.wpuziewicz.com_OUSPRD_110222090840|1|1|standby_file_management|MANUAL|MANUAL|TRUE
rac194.wpuziewicz.com_OUSPRD_110222090840|1|1|db_unrecoverable_scn_tracking|TRUE|TRUE|TRUE
rac194.wpuziewicz.com_OUSPRD_110222090840|1|1|thread|1|0|FALSE
rac194.wpuziewicz.com_OUSPRD_110222090840|1|1|enabled_PDBs_on_standby|*|*|TRUE
rac194.wpuziewicz.com_OUSPRD_110222090840|1|1|fast_start_io_target|0|0|TRUE
rac194.wpuziewicz.com_OUSPRD_110222090840|1|1|fast_start_mttr_target|0|0|TRUE
rac194.wpuziewicz.com_OUSPRD_110222090840|1|1|log_checkpoints_to_alert|FALSE|FALSE|TRUE
rac194.wpuziewicz.com_OUSPRD_110222090840|1|1|db_lost_write_protect|NONE|NONE|TRUE
rac194.wpuziewicz.com_OUSPRD_110222090840|1|1|recovery_parallelism|0|0|TRUE
rac194.wpuziewicz.com_OUSPRD_110222090840|1|1|enable_goldengate_replication|FALSE|FALSE|TRUE
rac194.wpuziewicz.com_OUSPRD_110222090840|1|1|inmemory_adg_enabled|TRUE|TRUE|TRUE
rac194.wpuziewicz.com_OUSPRD_110222090840|1|1|db_flashback_retention_target|1440|1440|TRUE
rac194.wpuziewicz.com_OUSPRD_110222090840|1|1|data_transfer_cache_size|0|0|TRUE
rac194.wpuziewicz.com_OUSPRD_110222090840|1|1|enable_imc_with_mira|FALSE|FALSE|TRUE
rac194.wpuziewicz.com_OUSPRD_110222090840|1|1|adg_account_info_tracking|LOCAL|LOCAL|TRUE
rac194.wpuziewicz.com_OUSPRD_110222090840|1|1|adg_redirect_dml|FALSE|FALSE|TRUE
rac194.wpuziewicz.com_OUSPRD_110222090840|1|1|dml_locks|5384||TRUE
rac194.wpuziewicz.com_OUSPRD_110222090840|1|1|replication_dependency_tracking|TRUE|TRUE|TRUE
rac194.wpuziewicz.com_OUSPRD_110222090840|1|1|transactions|1346||TRUE
rac194.wpuziewicz.com_OUSPRD_110222090840|1|1|transactions_per_rollback_segment|5|5|TRUE
rac194.wpuziewicz.com_OUSPRD_110222090840|1|1|temp_undo_enabled|FALSE|FALSE|TRUE
rac194.wpuziewicz.com_OUSPRD_110222090840|1|1|rollback_segments|||TRUE
rac194.wpuziewicz.com_OUSPRD_110222090840|1|1|undo_management|AUTO|AUTO|TRUE
rac194.wpuziewicz.com_OUSPRD_110222090840|1|1|undo_tablespace|UNDOTBS1|NONE|FALSE
rac194.wpuziewicz.com_OUSPRD_110222090840|1|1|undo_retention|900|900|TRUE
rac194.wpuziewicz.com_OUSPRD_110222090840|1|1|fast_start_parallel_rollback|LOW|LOW|TRUE
rac194.wpuziewicz.com_OUSPRD_110222090840|1|1|resumable_timeout|0|0|TRUE
rac194.wpuziewicz.com_OUSPRD_110222090840|1|1|instance_number|1|0|FALSE
rac194.wpuziewicz.com_OUSPRD_110222090840|1|1|heat_map|OFF|OFF|TRUE
rac194.wpuziewicz.com_OUSPRD_110222090840|1|1|inmemory_size|0|0|TRUE
rac194.wpuziewicz.com_OUSPRD_110222090840|1|1|inmemory_xmem_size|0|0|TRUE
rac194.wpuziewicz.com_OUSPRD_110222090840|1|1|inmemory_prefer_xmem_memcompress||NONE|TRUE
rac194.wpuziewicz.com_OUSPRD_110222090840|1|1|inmemory_prefer_xmem_priority||NONE|TRUE
rac194.wpuziewicz.com_OUSPRD_110222090840|1|1|allow_rowid_column_type|FALSE|FALSE|TRUE
rac194.wpuziewicz.com_OUSPRD_110222090840|1|1|db_block_checking|FALSE|FALSE|TRUE
rac194.wpuziewicz.com_OUSPRD_110222090840|1|1|recyclebin|on|on|TRUE
rac194.wpuziewicz.com_OUSPRD_110222090840|1|1|db_index_compression_inheritance|NONE|NONE|TRUE
rac194.wpuziewicz.com_OUSPRD_110222090840|1|1|db_securefile|PREFERRED|PERMITTED|TRUE
rac194.wpuziewicz.com_OUSPRD_110222090840|1|1|inmemory_clause_default||NONE|TRUE
rac194.wpuziewicz.com_OUSPRD_110222090840|1|1|inmemory_force|DEFAULT|DEFAULT|TRUE
rac194.wpuziewicz.com_OUSPRD_110222090840|1|1|inmemory_query|ENABLE|ENABLE|TRUE
rac194.wpuziewicz.com_OUSPRD_110222090840|1|1|inmemory_expressions_usage|ENABLE|ENABLE|TRUE
rac194.wpuziewicz.com_OUSPRD_110222090840|1|1|inmemory_virtual_columns|MANUAL|MANUAL|TRUE
rac194.wpuziewicz.com_OUSPRD_110222090840|1|1|inmemory_max_populate_servers|0|65535|TRUE
rac194.wpuziewicz.com_OUSPRD_110222090840|1|1|inmemory_trickle_repopulate_servers_percent|1|1|TRUE
rac194.wpuziewicz.com_OUSPRD_110222090840|1|1|inmemory_optimized_arithmetic|DISABLE|DISABLE|TRUE
rac194.wpuziewicz.com_OUSPRD_110222090840|1|1|inmemory_automatic_level|OFF|OFF|TRUE
rac194.wpuziewicz.com_OUSPRD_110222090840|1|1|create_stored_outlines|||TRUE
rac194.wpuziewicz.com_OUSPRD_110222090840|1|1|serial_reuse|disable|disable|TRUE
rac194.wpuziewicz.com_OUSPRD_110222090840|1|1|ldap_directory_access|NONE|NONE|TRUE
rac194.wpuziewicz.com_OUSPRD_110222090840|1|1|ldap_directory_sysauth|no|no|TRUE
rac194.wpuziewicz.com_OUSPRD_110222090840|1|1|log_archive_dest_17||NONE|TRUE
rac194.wpuziewicz.com_OUSPRD_110222090840|1|1|log_archive_dest_18||NONE|TRUE
rac194.wpuziewicz.com_OUSPRD_110222090840|1|1|log_archive_dest_19||NONE|TRUE
rac194.wpuziewicz.com_OUSPRD_110222090840|1|1|log_archive_dest_20||NONE|TRUE
rac194.wpuziewicz.com_OUSPRD_110222090840|1|1|log_archive_dest_21||NONE|TRUE
rac194.wpuziewicz.com_OUSPRD_110222090840|1|1|log_archive_dest_22||NONE|TRUE
rac194.wpuziewicz.com_OUSPRD_110222090840|1|1|log_archive_dest_23||NONE|TRUE
rac194.wpuziewicz.com_OUSPRD_110222090840|1|1|log_archive_dest_24||NONE|TRUE
rac194.wpuziewicz.com_OUSPRD_110222090840|1|1|log_archive_dest_25||NONE|TRUE
rac194.wpuziewicz.com_OUSPRD_110222090840|1|1|log_archive_dest_26||NONE|TRUE
rac194.wpuziewicz.com_OUSPRD_110222090840|1|1|log_archive_dest_27||NONE|TRUE
rac194.wpuziewicz.com_OUSPRD_110222090840|1|1|log_archive_dest_28||NONE|TRUE
rac194.wpuziewicz.com_OUSPRD_110222090840|1|1|log_archive_dest_29||NONE|TRUE
rac194.wpuziewicz.com_OUSPRD_110222090840|1|1|log_archive_dest_30||NONE|TRUE
rac194.wpuziewicz.com_OUSPRD_110222090840|1|1|log_archive_dest_31||NONE|TRUE
rac194.wpuziewicz.com_OUSPRD_110222090840|1|1|log_archive_dest_state_1|enable|enable|TRUE
rac194.wpuziewicz.com_OUSPRD_110222090840|1|1|log_archive_dest_state_2|ENABLE|enable|FALSE
rac194.wpuziewicz.com_OUSPRD_110222090840|1|1|log_archive_dest_state_3|enable|enable|TRUE
rac194.wpuziewicz.com_OUSPRD_110222090840|1|1|log_archive_dest_state_4|enable|enable|TRUE
rac194.wpuziewicz.com_OUSPRD_110222090840|1|1|log_archive_dest_state_5|enable|enable|TRUE
rac194.wpuziewicz.com_OUSPRD_110222090840|1|1|log_archive_dest_state_6|enable|enable|TRUE
rac194.wpuziewicz.com_OUSPRD_110222090840|1|1|log_archive_dest_state_7|enable|enable|TRUE
rac194.wpuziewicz.com_OUSPRD_110222090840|1|1|log_archive_dest_state_8|enable|enable|TRUE
rac194.wpuziewicz.com_OUSPRD_110222090840|1|1|log_archive_dest_state_9|enable|enable|TRUE
rac194.wpuziewicz.com_OUSPRD_110222090840|1|1|log_archive_dest_state_10|enable|enable|TRUE
rac194.wpuziewicz.com_OUSPRD_110222090840|1|1|log_archive_dest_state_11|enable|enable|TRUE
rac194.wpuziewicz.com_OUSPRD_110222090840|1|1|log_archive_dest_state_12|enable|enable|TRUE
rac194.wpuziewicz.com_OUSPRD_110222090840|1|1|log_archive_dest_state_13|enable|enable|TRUE
rac194.wpuziewicz.com_OUSPRD_110222090840|1|1|log_archive_dest_state_14|enable|enable|TRUE
rac194.wpuziewicz.com_OUSPRD_110222090840|1|1|log_archive_dest_state_15|enable|enable|TRUE
rac194.wpuziewicz.com_OUSPRD_110222090840|1|1|log_archive_dest_state_16|enable|enable|TRUE
rac194.wpuziewicz.com_OUSPRD_110222090840|1|1|log_archive_dest_state_17|enable|enable|TRUE
rac194.wpuziewicz.com_OUSPRD_110222090840|1|1|log_archive_dest_state_18|enable|enable|TRUE
rac194.wpuziewicz.com_OUSPRD_110222090840|1|1|log_archive_dest_state_19|enable|enable|TRUE
rac194.wpuziewicz.com_OUSPRD_110222090840|1|1|log_archive_dest_state_20|enable|enable|TRUE
rac194.wpuziewicz.com_OUSPRD_110222090840|1|1|log_archive_dest_state_21|enable|enable|TRUE
rac194.wpuziewicz.com_OUSPRD_110222090840|1|1|log_archive_dest_state_22|enable|enable|TRUE
rac194.wpuziewicz.com_OUSPRD_110222090840|1|1|log_archive_dest_state_23|enable|enable|TRUE
rac194.wpuziewicz.com_OUSPRD_110222090840|1|1|log_archive_dest_state_24|enable|enable|TRUE
rac194.wpuziewicz.com_OUSPRD_110222090840|1|1|log_archive_dest_state_25|enable|enable|TRUE
rac194.wpuziewicz.com_OUSPRD_110222090840|1|1|log_archive_dest_state_26|enable|enable|TRUE
rac194.wpuziewicz.com_OUSPRD_110222090840|1|1|log_archive_dest_state_27|enable|enable|TRUE
rac194.wpuziewicz.com_OUSPRD_110222090840|1|1|log_archive_dest_state_28|enable|enable|TRUE
rac194.wpuziewicz.com_OUSPRD_110222090840|1|1|log_archive_dest_state_29|enable|enable|TRUE
rac194.wpuziewicz.com_OUSPRD_110222090840|1|1|log_archive_dest_state_30|enable|enable|TRUE
rac194.wpuziewicz.com_OUSPRD_110222090840|1|1|log_archive_dest_state_31|enable|enable|TRUE
rac194.wpuziewicz.com_OUSPRD_110222090840|1|1|log_archive_start|FALSE|FALSE|TRUE
rac194.wpuziewicz.com_OUSPRD_110222090840|1|1|log_archive_dest||NONE|TRUE
rac194.wpuziewicz.com_OUSPRD_110222090840|1|1|log_archive_duplex_dest||NONE|TRUE
rac194.wpuziewicz.com_OUSPRD_110222090840|1|1|log_archive_min_succeed_dest|1|1|TRUE
rac194.wpuziewicz.com_OUSPRD_110222090840|1|1|fal_client|OUSPRD|NONE|FALSE
rac194.wpuziewicz.com_OUSPRD_110222090840|1|1|fal_server||NONE|FALSE
rac194.wpuziewicz.com_OUSPRD_110222090840|1|1|log_archive_trace|0|0|TRUE
rac194.wpuziewicz.com_OUSPRD_110222090840|1|1|data_guard_sync_latency|0|0|TRUE
rac194.wpuziewicz.com_OUSPRD_110222090840|1|1|log_archive_config|dg_config=(ousprd,ousprddr)|NONE|FALSE
rac194.wpuziewicz.com_OUSPRD_110222090840|1|1|log_archive_format|%t_%s_%r.dbf|%t_%s_%r.dbf|TRUE
rac194.wpuziewicz.com_OUSPRD_110222090840|1|1|data_guard_max_io_time|240|240|TRUE
rac194.wpuziewicz.com_OUSPRD_110222090840|1|1|data_guard_max_longio_time|240|240|TRUE
rac194.wpuziewicz.com_OUSPRD_110222090840|1|1|redo_transport_user||NONE|TRUE
rac194.wpuziewicz.com_OUSPRD_110222090840|1|1|log_archive_max_processes|4|4|TRUE
rac194.wpuziewicz.com_OUSPRD_110222090840|1|1|log_buffer|7299072|0|TRUE
rac194.wpuziewicz.com_OUSPRD_110222090840|1|1|log_checkpoint_interval|0|0|TRUE
rac194.wpuziewicz.com_OUSPRD_110222090840|1|1|log_checkpoint_timeout|600|1800|TRUE
rac194.wpuziewicz.com_OUSPRD_110222090840|1|1|archive_lag_target|900|0|FALSE
rac194.wpuziewicz.com_OUSPRD_110222090840|1|1|resource_manager_cpu_allocation|4|0|TRUE
rac194.wpuziewicz.com_OUSPRD_110222090840|1|1|resource_manager_plan|||TRUE
rac194.wpuziewicz.com_OUSPRD_110222090840|1|1|db_performance_profile|||TRUE
rac194.wpuziewicz.com_OUSPRD_110222090840|1|1|max_iops|0|0|TRUE
rac194.wpuziewicz.com_OUSPRD_110222090840|1|1|max_mbps|0|0|TRUE
rac194.wpuziewicz.com_OUSPRD_110222090840|1|1|max_idle_time|0|0|TRUE
rac194.wpuziewicz.com_OUSPRD_110222090840|1|1|max_idle_blocker_time|0|0|TRUE
rac194.wpuziewicz.com_OUSPRD_110222090840|1|1|cluster_interconnects||NONE|TRUE
rac194.wpuziewicz.com_OUSPRD_110222090840|1|1|file_mapping|FALSE|FALSE|TRUE
rac194.wpuziewicz.com_OUSPRD_110222090840|1|1|max_datapump_jobs_per_pdb|100|100|TRUE
rac194.wpuziewicz.com_OUSPRD_110222090840|1|1|max_datapump_parallel_per_job|50|50|TRUE
rac194.wpuziewicz.com_OUSPRD_110222090840|1|1|service_names|ousprd.wpuziewicz.com||TRUE
rac194.wpuziewicz.com_OUSPRD_110222090840|1|1|threaded_execution|FALSE|FALSE|TRUE
rac194.wpuziewicz.com_OUSPRD_110222090840|1|1|clonedb_dir|||TRUE
rac194.wpuziewicz.com_OUSPRD_110222090840|1|1|enable_dnfs_dispatcher|FALSE|FALSE|TRUE
rac194.wpuziewicz.com_OUSPRD_110222090840|1|1|gcs_server_processes|2|0|TRUE
rac194.wpuziewicz.com_OUSPRD_110222090840|1|1|active_instance_count|||TRUE
rac194.wpuziewicz.com_OUSPRD_110222090840|1|1|instance_mode|READ-WRITE|read-write|TRUE
rac194.wpuziewicz.com_OUSPRD_110222090840|1|1|_ipddb_enable|TRUE|FALSE|TRUE
rac194.wpuziewicz.com_OUSPRD_110222090840|1|1|sga_target|5033164800|0|FALSE
rac194.wpuziewicz.com_OUSPRD_110222090840|1|1|memory_target|0|0|TRUE
rac194.wpuziewicz.com_OUSPRD_110222090840|1|1|memory_max_target|0|0|TRUE
rac194.wpuziewicz.com_OUSPRD_110222090840|1|1|control_files|+DATA/OUSPRD/CONTROLFILE/current.296.1104916079, +FRA/OUSPRD|?=/dbs/cntrl@.dbf|FALSE
rac194.wpuziewicz.com_OUSPRD_110222090840|1|1|db_file_name_convert|||TRUE
rac194.wpuziewicz.com_OUSPRD_110222090840|1|1|log_file_name_convert|||TRUE
rac194.wpuziewicz.com_OUSPRD_110222090840|1|1|control_file_record_keep_time|7|7|TRUE
rac194.wpuziewicz.com_OUSPRD_110222090840|1|1|db_block_buffers|0|0|TRUE
rac194.wpuziewicz.com_OUSPRD_110222090840|1|1|db_block_checksum|TYPICAL|TYPICAL|TRUE
rac194.wpuziewicz.com_OUSPRD_110222090840|1|1|db_ultra_safe|OFF|OFF|TRUE
rac194.wpuziewicz.com_OUSPRD_110222090840|1|1|db_block_size|8192|8192|FALSE
rac194.wpuziewicz.com_OUSPRD_110222090840|1|1|db_cache_size|0|0|TRUE
rac194.wpuziewicz.com_OUSPRD_110222090840|1|1|db_2k_cache_size|0|0|TRUE
rac194.wpuziewicz.com_OUSPRD_110222090840|1|1|db_4k_cache_size|0|0|TRUE
rac194.wpuziewicz.com_OUSPRD_110222090840|1|1|db_8k_cache_size|0|0|TRUE
rac194.wpuziewicz.com_OUSPRD_110222090840|1|1|db_16k_cache_size|0|0|TRUE
rac194.wpuziewicz.com_OUSPRD_110222090840|1|1|db_32k_cache_size|0|0|TRUE
rac194.wpuziewicz.com_OUSPRD_110222090840|1|1|db_keep_cache_size|0|0|TRUE
rac194.wpuziewicz.com_OUSPRD_110222090840|1|1|db_recycle_cache_size|0|0|TRUE
rac194.wpuziewicz.com_OUSPRD_110222090840|1|1|memoptimize_pool_size|0|0|TRUE
rac194.wpuziewicz.com_OUSPRD_110222090840|1|1|db_big_table_cache_percent_target|0|0|TRUE
rac194.wpuziewicz.com_OUSPRD_110222090840|1|1|encrypt_new_tablespaces|CLOUD_ONLY|CLOUD_ONLY|TRUE
rac194.wpuziewicz.com_OUSPRD_110222090840|1|1|db_writer_processes|1|0|TRUE
rac194.wpuziewicz.com_OUSPRD_110222090840|1|1|buffer_pool_keep||NONE|TRUE
rac194.wpuziewicz.com_OUSPRD_110222090840|1|1|buffer_pool_recycle||NONE|TRUE
rac194.wpuziewicz.com_OUSPRD_110222090840|1|1|db_flash_cache_file||NONE|TRUE
rac194.wpuziewicz.com_OUSPRD_110222090840|1|1|db_flash_cache_size|0|0|TRUE
rac194.wpuziewicz.com_OUSPRD_110222090840|1|1|db_cache_advice|ON|OFF|TRUE
rac194.wpuziewicz.com_OUSPRD_110222090840|1|1|compatible|19.0.0||FALSE
rac194.wpuziewicz.com_OUSPRD_110222090840|1|1|log_archive_dest_1||NONE|TRUE
rac194.wpuziewicz.com_OUSPRD_110222090840|1|1|log_archive_dest_2|service="ousprddr", ASYNC NOAFFIRM delay=0 optional compress|NONE|FALSE
rac194.wpuziewicz.com_OUSPRD_110222090840|1|1|log_archive_dest_3||NONE|TRUE
rac194.wpuziewicz.com_OUSPRD_110222090840|1|1|log_archive_dest_4||NONE|TRUE
rac194.wpuziewicz.com_OUSPRD_110222090840|1|1|log_archive_dest_5||NONE|TRUE
rac194.wpuziewicz.com_OUSPRD_110222090840|1|1|log_archive_dest_6||NONE|TRUE
rac194.wpuziewicz.com_OUSPRD_110222090840|1|1|log_archive_dest_7||NONE|TRUE
rac194.wpuziewicz.com_OUSPRD_110222090840|1|1|log_archive_dest_8||NONE|TRUE
rac194.wpuziewicz.com_OUSPRD_110222090840|1|1|log_archive_dest_9||NONE|TRUE
rac194.wpuziewicz.com_OUSPRD_110222090840|1|1|log_archive_dest_10||NONE|TRUE
rac194.wpuziewicz.com_OUSPRD_110222090840|1|1|log_archive_dest_11||NONE|TRUE
rac194.wpuziewicz.com_OUSPRD_110222090840|1|1|log_archive_dest_12||NONE|TRUE
rac194.wpuziewicz.com_OUSPRD_110222090840|1|1|log_archive_dest_13||NONE|TRUE
rac194.wpuziewicz.com_OUSPRD_110222090840|1|1|log_archive_dest_14||NONE|TRUE
rac194.wpuziewicz.com_OUSPRD_110222090840|1|1|log_archive_dest_15||NONE|TRUE
rac194.wpuziewicz.com_OUSPRD_110222090840|1|1|log_archive_dest_16||NONE|TRUE
rac194.wpuziewicz.com_OUSPRD_110222090840|1|1|lock_name_space|||TRUE
rac194.wpuziewicz.com_OUSPRD_110222090840|1|1|processes|800|0|FALSE
rac194.wpuziewicz.com_OUSPRD_110222090840|1|1|sessions|1224||TRUE
rac194.wpuziewicz.com_OUSPRD_110222090840|1|1|timed_statistics|TRUE|FALSE|TRUE
rac194.wpuziewicz.com_OUSPRD_110222090840|1|1|timed_os_statistics|0|0|TRUE
rac194.wpuziewicz.com_OUSPRD_110222090840|1|1|resource_limit|TRUE|TRUE|TRUE
rac194.wpuziewicz.com_OUSPRD_110222090840|1|1|license_max_sessions|0|0|TRUE
rac194.wpuziewicz.com_OUSPRD_110222090840|1|1|license_sessions_warning|0|0|TRUE
rac194.wpuziewicz.com_OUSPRD_110222090840|1|1|long_module_action|TRUE|TRUE|TRUE
rac194.wpuziewicz.com_OUSPRD_110222090840|1|1|standby_db_preserve_states|NONE|NONE|TRUE
rac194.wpuziewicz.com_OUSPRD_110222090840|1|1|instance_abort_delay_time|0|0|TRUE
rac194.wpuziewicz.com_OUSPRD_110222090840|1|1|cpu_count|4|0|TRUE
rac194.wpuziewicz.com_OUSPRD_110222090840|1|1|cpu_min_count|4||TRUE
rac194.wpuziewicz.com_OUSPRD_110222090840|1|1|instance_groups|||TRUE
rac194.wpuziewicz.com_OUSPRD_110222090840|1|1|event||NONE|TRUE
rac194.wpuziewicz.com_OUSPRD_110222090840|1|1|sga_max_size|5033164800|0|TRUE
rac194.wpuziewicz.com_OUSPRD_110222090840|1|1|use_large_pages|TRUE|TRUE|TRUE
rac194.wpuziewicz.com_OUSPRD_110222090840|1|1|pre_page_sga|TRUE|TRUE|TRUE
rac194.wpuziewicz.com_OUSPRD_110222090840|1|1|shared_memory_address|0|0|TRUE
rac194.wpuziewicz.com_OUSPRD_110222090840|1|1|hi_shared_memory_address|0|0|TRUE
rac194.wpuziewicz.com_OUSPRD_110222090840|1|1|lock_sga|FALSE|FALSE|TRUE
rac194.wpuziewicz.com_OUSPRD_110222090840|1|1|processor_group_name|||TRUE
rac194.wpuziewicz.com_OUSPRD_110222090840|1|1|allow_group_access_to_sga|FALSE|FALSE|TRUE
rac194.wpuziewicz.com_OUSPRD_110222090840|1|1|sga_min_size|0|0|TRUE
rac194.wpuziewicz.com_OUSPRD_110222090840|1|1|shared_pool_size|0|134217728|TRUE
rac194.wpuziewicz.com_OUSPRD_110222090840|1|1|large_pool_size|0|134217728|TRUE
rac194.wpuziewicz.com_OUSPRD_110222090840|1|1|java_pool_size|0|25165824|TRUE
rac194.wpuziewicz.com_OUSPRD_110222090840|1|1|streams_pool_size|0|0|TRUE
rac194.wpuziewicz.com_OUSPRD_110222090840|1|1|shared_pool_reserved_size|150156083|0|TRUE
rac194.wpuziewicz.com_OUSPRD_110222090840|1|1|java_soft_sessionspace_limit|0|0|TRUE
rac194.wpuziewicz.com_OUSPRD_110222090840|1|1|java_max_sessionspace_size|0|0|TRUE
rac194.wpuziewicz.com_OUSPRD_110222090840|1|1|pga_aggregate_limit|4194304000|0|TRUE
rac194.wpuziewicz.com_OUSPRD_110222090840|1|1|spfile|+DATA/OUSPRD/PARAMETERFILE/spfile.307.1104916763|NONE|TRUE
rac194.wpuziewicz.com_OUSPRD_110222090840|1|1|instance_type|RDBMS|RDBMS|TRUE
rac194.wpuziewicz.com_OUSPRD_110222090840|1|1|uniform_log_timestamp_format|TRUE|TRUE|TRUE
rac194.wpuziewicz.com_OUSPRD_110222090840|1|1|nls_language|AMERICAN|AMERICAN|FALSE
rac194.wpuziewicz.com_OUSPRD_110222090840|1|1|nls_territory|AMERICA|AMERICA|FALSE
rac194.wpuziewicz.com_OUSPRD_110222090840|1|1|nls_sort||NONE|TRUE
rac194.wpuziewicz.com_OUSPRD_110222090840|1|1|nls_date_language||NONE|TRUE
rac194.wpuziewicz.com_OUSPRD_110222090840|1|1|nls_date_format||NONE|TRUE
rac194.wpuziewicz.com_OUSPRD_110222090840|1|1|nls_currency||NONE|TRUE
rac194.wpuziewicz.com_OUSPRD_110222090840|1|1|nls_numeric_characters||NONE|TRUE
rac194.wpuziewicz.com_OUSPRD_110222090840|1|1|nls_iso_currency||NONE|TRUE
rac194.wpuziewicz.com_OUSPRD_110222090840|1|1|nls_calendar||NONE|TRUE
rac194.wpuziewicz.com_OUSPRD_110222090840|1|1|nls_time_format||NONE|TRUE
rac194.wpuziewicz.com_OUSPRD_110222090840|1|1|nls_timestamp_format||NONE|TRUE
rac194.wpuziewicz.com_OUSPRD_110222090840|1|1|nls_time_tz_format||NONE|TRUE
rac194.wpuziewicz.com_OUSPRD_110222090840|1|1|nls_timestamp_tz_format||NONE|TRUE
rac194.wpuziewicz.com_OUSPRD_110222090840|1|1|nls_dual_currency||NONE|TRUE
rac194.wpuziewicz.com_OUSPRD_110222090840|1|1|nls_comp|BINARY|BINARY|TRUE
rac194.wpuziewicz.com_OUSPRD_110222090840|1|1|nls_length_semantics|BYTE|BYTE|TRUE
rac194.wpuziewicz.com_OUSPRD_110222090840|1|1|nls_nchar_conv_excp|FALSE|FALSE|TRUE
rac194.wpuziewicz.com_OUSPRD_110222090840|1|1|disk_asynch_io|TRUE|TRUE|TRUE
rac194.wpuziewicz.com_OUSPRD_110222090840|1|1|tape_asynch_io|TRUE|TRUE|TRUE
rac194.wpuziewicz.com_OUSPRD_110222090840|1|1|dbwr_io_slaves|0||TRUE
rac194.wpuziewicz.com_OUSPRD_110222090840|1|1|backup_tape_io_slaves|FALSE|FALSE|TRUE
rac194.wpuziewicz.com_OUSPRD_110222090840|1|1|fileio_network_adapters|||TRUE
rac194.wpuziewicz.com_OUSPRD_110222090840|1|1|filesystemio_options|none|asynch|TRUE
rac194.wpuziewicz.com_OUSPRD_110222090840|1|1|dnfs_batch_size|4096|4096|TRUE
rac194.wpuziewicz.com_OUSPRD_110222090840|1|1|clonedb|FALSE|FALSE|TRUE
rac194.wpuziewicz.com_OUSPRD_110222090840|1|1|instant_restore|FALSE|FALSE|TRUE
rac194.wpuziewicz.com_OUSPRD_110222090840|1|1|http_proxy|||TRUE
rac194.wpuziewicz.com_OUSPRD_110222090840|1|1|ssl_wallet|||TRUE
rac194.wpuziewicz.com_OUSPRD_110222090840|1|1|ofs_threads|4|4|TRUE
rac194.wpuziewicz.com_OUSPRD_110222090840|2|1|lock_name_space|||TRUE
rac194.wpuziewicz.com_OUSPRD_110222090840|2|1|processes|800|0|FALSE
rac194.wpuziewicz.com_OUSPRD_110222090840|2|1|sessions|1222||TRUE
rac194.wpuziewicz.com_OUSPRD_110222090840|2|1|timed_statistics|TRUE|FALSE|TRUE
rac194.wpuziewicz.com_OUSPRD_110222090840|2|1|timed_os_statistics|0|0|TRUE
rac194.wpuziewicz.com_OUSPRD_110222090840|2|1|resource_limit|TRUE|TRUE|TRUE
rac194.wpuziewicz.com_OUSPRD_110222090840|2|1|license_max_sessions|0|0|TRUE
rac194.wpuziewicz.com_OUSPRD_110222090840|2|1|license_sessions_warning|0|0|TRUE
rac194.wpuziewicz.com_OUSPRD_110222090840|2|1|long_module_action|TRUE|TRUE|TRUE
rac194.wpuziewicz.com_OUSPRD_110222090840|2|1|standby_db_preserve_states|NONE|NONE|TRUE
rac194.wpuziewicz.com_OUSPRD_110222090840|2|1|instance_abort_delay_time|0|0|TRUE
rac194.wpuziewicz.com_OUSPRD_110222090840|2|1|cpu_count|2|0|TRUE
rac194.wpuziewicz.com_OUSPRD_110222090840|2|1|cpu_min_count|2||TRUE
rac194.wpuziewicz.com_OUSPRD_110222090840|2|1|instance_groups|||TRUE
rac194.wpuziewicz.com_OUSPRD_110222090840|2|1|event||NONE|TRUE
rac194.wpuziewicz.com_OUSPRD_110222090840|2|1|sga_max_size|5033164800|0|TRUE
rac194.wpuziewicz.com_OUSPRD_110222090840|2|1|use_large_pages|TRUE|TRUE|TRUE
rac194.wpuziewicz.com_OUSPRD_110222090840|2|1|pre_page_sga|TRUE|TRUE|TRUE
rac194.wpuziewicz.com_OUSPRD_110222090840|2|1|shared_memory_address|0|0|TRUE
rac194.wpuziewicz.com_OUSPRD_110222090840|2|1|hi_shared_memory_address|0|0|TRUE
rac194.wpuziewicz.com_OUSPRD_110222090840|2|1|lock_sga|FALSE|FALSE|TRUE
rac194.wpuziewicz.com_OUSPRD_110222090840|2|1|processor_group_name|||TRUE
rac194.wpuziewicz.com_OUSPRD_110222090840|2|1|allow_group_access_to_sga|FALSE|FALSE|TRUE
rac194.wpuziewicz.com_OUSPRD_110222090840|2|1|sga_min_size|0|0|TRUE
rac194.wpuziewicz.com_OUSPRD_110222090840|2|1|shared_pool_size|0|134217728|TRUE
rac194.wpuziewicz.com_OUSPRD_110222090840|2|1|large_pool_size|0|134217728|TRUE
rac194.wpuziewicz.com_OUSPRD_110222090840|2|1|java_pool_size|0|25165824|TRUE
rac194.wpuziewicz.com_OUSPRD_110222090840|2|1|streams_pool_size|0|0|TRUE
rac194.wpuziewicz.com_OUSPRD_110222090840|2|1|shared_pool_reserved_size|150156083|0|TRUE
rac194.wpuziewicz.com_OUSPRD_110222090840|2|1|java_soft_sessionspace_limit|0|0|TRUE
rac194.wpuziewicz.com_OUSPRD_110222090840|2|1|java_max_sessionspace_size|0|0|TRUE
rac194.wpuziewicz.com_OUSPRD_110222090840|2|1|pga_aggregate_limit|4194304000|0|TRUE
rac194.wpuziewicz.com_OUSPRD_110222090840|2|1|spfile|+DATA/OUSPRD/PARAMETERFILE/spfile.307.1104916763|NONE|TRUE
rac194.wpuziewicz.com_OUSPRD_110222090840|2|1|instance_type|RDBMS|RDBMS|TRUE
rac194.wpuziewicz.com_OUSPRD_110222090840|2|1|uniform_log_timestamp_format|TRUE|TRUE|TRUE
rac194.wpuziewicz.com_OUSPRD_110222090840|2|1|nls_language|AMERICAN|AMERICAN|FALSE
rac194.wpuziewicz.com_OUSPRD_110222090840|2|1|nls_territory|AMERICA|AMERICA|FALSE
rac194.wpuziewicz.com_OUSPRD_110222090840|2|1|nls_sort||NONE|TRUE
rac194.wpuziewicz.com_OUSPRD_110222090840|2|1|nls_date_language||NONE|TRUE
rac194.wpuziewicz.com_OUSPRD_110222090840|2|1|nls_date_format||NONE|TRUE
rac194.wpuziewicz.com_OUSPRD_110222090840|2|1|nls_currency||NONE|TRUE
rac194.wpuziewicz.com_OUSPRD_110222090840|2|1|nls_numeric_characters||NONE|TRUE
rac194.wpuziewicz.com_OUSPRD_110222090840|2|1|nls_iso_currency||NONE|TRUE
rac194.wpuziewicz.com_OUSPRD_110222090840|2|1|nls_calendar||NONE|TRUE
rac194.wpuziewicz.com_OUSPRD_110222090840|2|1|nls_time_format||NONE|TRUE
rac194.wpuziewicz.com_OUSPRD_110222090840|2|1|nls_timestamp_format||NONE|TRUE
rac194.wpuziewicz.com_OUSPRD_110222090840|2|1|nls_time_tz_format||NONE|TRUE
rac194.wpuziewicz.com_OUSPRD_110222090840|2|1|nls_timestamp_tz_format||NONE|TRUE
rac194.wpuziewicz.com_OUSPRD_110222090840|2|1|nls_dual_currency||NONE|TRUE
rac194.wpuziewicz.com_OUSPRD_110222090840|2|1|nls_comp|BINARY|BINARY|TRUE
rac194.wpuziewicz.com_OUSPRD_110222090840|2|1|nls_length_semantics|BYTE|BYTE|TRUE
rac194.wpuziewicz.com_OUSPRD_110222090840|2|1|nls_nchar_conv_excp|FALSE|FALSE|TRUE
rac194.wpuziewicz.com_OUSPRD_110222090840|2|1|disk_asynch_io|TRUE|TRUE|TRUE
rac194.wpuziewicz.com_OUSPRD_110222090840|2|1|tape_asynch_io|TRUE|TRUE|TRUE
rac194.wpuziewicz.com_OUSPRD_110222090840|2|1|dbwr_io_slaves|0||TRUE
rac194.wpuziewicz.com_OUSPRD_110222090840|2|1|backup_tape_io_slaves|FALSE|FALSE|TRUE
rac194.wpuziewicz.com_OUSPRD_110222090840|2|1|fileio_network_adapters|||TRUE
rac194.wpuziewicz.com_OUSPRD_110222090840|2|1|filesystemio_options|none|asynch|TRUE
rac194.wpuziewicz.com_OUSPRD_110222090840|2|1|dnfs_batch_size|4096|4096|TRUE
rac194.wpuziewicz.com_OUSPRD_110222090840|2|1|clonedb|FALSE|FALSE|TRUE
rac194.wpuziewicz.com_OUSPRD_110222090840|2|1|instant_restore|FALSE|FALSE|TRUE
rac194.wpuziewicz.com_OUSPRD_110222090840|2|1|http_proxy|||TRUE
rac194.wpuziewicz.com_OUSPRD_110222090840|2|1|ssl_wallet|||TRUE
rac194.wpuziewicz.com_OUSPRD_110222090840|2|1|ofs_threads|4|4|TRUE
rac194.wpuziewicz.com_OUSPRD_110222090840|2|1|resource_manager_cpu_allocation|2|0|TRUE
rac194.wpuziewicz.com_OUSPRD_110222090840|2|1|resource_manager_plan|||TRUE
rac194.wpuziewicz.com_OUSPRD_110222090840|2|1|db_performance_profile|||TRUE
rac194.wpuziewicz.com_OUSPRD_110222090840|2|1|max_iops|0|0|TRUE
rac194.wpuziewicz.com_OUSPRD_110222090840|2|1|max_mbps|0|0|TRUE
rac194.wpuziewicz.com_OUSPRD_110222090840|2|1|max_idle_time|0|0|TRUE
rac194.wpuziewicz.com_OUSPRD_110222090840|2|1|max_idle_blocker_time|0|0|TRUE
rac194.wpuziewicz.com_OUSPRD_110222090840|2|1|cluster_interconnects||NONE|TRUE
rac194.wpuziewicz.com_OUSPRD_110222090840|2|1|file_mapping|FALSE|FALSE|TRUE
rac194.wpuziewicz.com_OUSPRD_110222090840|2|1|max_datapump_jobs_per_pdb|100|100|TRUE
rac194.wpuziewicz.com_OUSPRD_110222090840|2|1|max_datapump_parallel_per_job|50|50|TRUE
rac194.wpuziewicz.com_OUSPRD_110222090840|2|1|service_names|ousprd.wpuziewicz.com||TRUE
rac194.wpuziewicz.com_OUSPRD_110222090840|2|1|threaded_execution|FALSE|FALSE|TRUE
rac194.wpuziewicz.com_OUSPRD_110222090840|2|1|clonedb_dir|||TRUE
rac194.wpuziewicz.com_OUSPRD_110222090840|2|1|enable_dnfs_dispatcher|FALSE|FALSE|TRUE
rac194.wpuziewicz.com_OUSPRD_110222090840|2|1|gcs_server_processes|1|0|TRUE
rac194.wpuziewicz.com_OUSPRD_110222090840|2|1|active_instance_count|||TRUE
rac194.wpuziewicz.com_OUSPRD_110222090840|2|1|instance_mode|READ-WRITE|read-write|TRUE
rac194.wpuziewicz.com_OUSPRD_110222090840|2|1|_ipddb_enable|TRUE|FALSE|TRUE
rac194.wpuziewicz.com_OUSPRD_110222090840|2|1|sga_target|5033164800|0|FALSE
rac194.wpuziewicz.com_OUSPRD_110222090840|2|1|memory_target|0|0|TRUE
rac194.wpuziewicz.com_OUSPRD_110222090840|2|1|memory_max_target|0|0|TRUE
rac194.wpuziewicz.com_OUSPRD_110222090840|2|1|control_files|+DATA/OUSPRD/CONTROLFILE/current.296.1104916079, +FRA/OUSPRD|?=/dbs/cntrl@.dbf|FALSE
rac194.wpuziewicz.com_OUSPRD_110222090840|2|1|db_file_name_convert|||TRUE
rac194.wpuziewicz.com_OUSPRD_110222090840|2|1|log_file_name_convert|||TRUE
rac194.wpuziewicz.com_OUSPRD_110222090840|2|1|control_file_record_keep_time|7|7|TRUE
rac194.wpuziewicz.com_OUSPRD_110222090840|2|1|db_block_buffers|0|0|TRUE
rac194.wpuziewicz.com_OUSPRD_110222090840|2|1|db_block_checksum|TYPICAL|TYPICAL|TRUE
rac194.wpuziewicz.com_OUSPRD_110222090840|2|1|db_ultra_safe|OFF|OFF|TRUE
rac194.wpuziewicz.com_OUSPRD_110222090840|2|1|db_block_size|8192|8192|FALSE
rac194.wpuziewicz.com_OUSPRD_110222090840|2|1|db_cache_size|0|0|TRUE
rac194.wpuziewicz.com_OUSPRD_110222090840|2|1|db_2k_cache_size|0|0|TRUE
rac194.wpuziewicz.com_OUSPRD_110222090840|2|1|db_4k_cache_size|0|0|TRUE
rac194.wpuziewicz.com_OUSPRD_110222090840|2|1|db_8k_cache_size|0|0|TRUE
rac194.wpuziewicz.com_OUSPRD_110222090840|2|1|db_16k_cache_size|0|0|TRUE
rac194.wpuziewicz.com_OUSPRD_110222090840|2|1|db_32k_cache_size|0|0|TRUE
rac194.wpuziewicz.com_OUSPRD_110222090840|2|1|db_keep_cache_size|0|0|TRUE
rac194.wpuziewicz.com_OUSPRD_110222090840|2|1|db_recycle_cache_size|0|0|TRUE
rac194.wpuziewicz.com_OUSPRD_110222090840|2|1|memoptimize_pool_size|0|0|TRUE
rac194.wpuziewicz.com_OUSPRD_110222090840|2|1|db_big_table_cache_percent_target|0|0|TRUE
rac194.wpuziewicz.com_OUSPRD_110222090840|2|1|encrypt_new_tablespaces|CLOUD_ONLY|CLOUD_ONLY|TRUE
rac194.wpuziewicz.com_OUSPRD_110222090840|2|1|db_writer_processes|1|0|TRUE
rac194.wpuziewicz.com_OUSPRD_110222090840|2|1|buffer_pool_keep||NONE|TRUE
rac194.wpuziewicz.com_OUSPRD_110222090840|2|1|buffer_pool_recycle||NONE|TRUE
rac194.wpuziewicz.com_OUSPRD_110222090840|2|1|db_flash_cache_file||NONE|TRUE
rac194.wpuziewicz.com_OUSPRD_110222090840|2|1|db_flash_cache_size|0|0|TRUE
rac194.wpuziewicz.com_OUSPRD_110222090840|2|1|db_cache_advice|ON|OFF|TRUE
rac194.wpuziewicz.com_OUSPRD_110222090840|2|1|compatible|19.0.0||FALSE
rac194.wpuziewicz.com_OUSPRD_110222090840|2|1|log_archive_dest_1||NONE|TRUE
rac194.wpuziewicz.com_OUSPRD_110222090840|2|1|log_archive_dest_2|service="ousprddr", ASYNC NOAFFIRM delay=0 optional compress|NONE|FALSE
rac194.wpuziewicz.com_OUSPRD_110222090840|2|1|log_archive_dest_3||NONE|TRUE
rac194.wpuziewicz.com_OUSPRD_110222090840|2|1|log_archive_dest_4||NONE|TRUE
rac194.wpuziewicz.com_OUSPRD_110222090840|2|1|log_archive_dest_5||NONE|TRUE
rac194.wpuziewicz.com_OUSPRD_110222090840|2|1|log_archive_dest_6||NONE|TRUE
rac194.wpuziewicz.com_OUSPRD_110222090840|2|1|log_archive_dest_7||NONE|TRUE
rac194.wpuziewicz.com_OUSPRD_110222090840|2|1|log_archive_dest_8||NONE|TRUE
rac194.wpuziewicz.com_OUSPRD_110222090840|2|1|log_archive_dest_9||NONE|TRUE
rac194.wpuziewicz.com_OUSPRD_110222090840|2|1|log_archive_dest_10||NONE|TRUE
rac194.wpuziewicz.com_OUSPRD_110222090840|2|1|log_archive_dest_11||NONE|TRUE
rac194.wpuziewicz.com_OUSPRD_110222090840|2|1|log_archive_dest_12||NONE|TRUE
rac194.wpuziewicz.com_OUSPRD_110222090840|2|1|log_archive_dest_13||NONE|TRUE
rac194.wpuziewicz.com_OUSPRD_110222090840|2|1|log_archive_dest_14||NONE|TRUE
rac194.wpuziewicz.com_OUSPRD_110222090840|2|1|log_archive_dest_15||NONE|TRUE
rac194.wpuziewicz.com_OUSPRD_110222090840|2|1|log_archive_dest_16||NONE|TRUE
rac194.wpuziewicz.com_OUSPRD_110222090840|2|1|log_archive_dest_17||NONE|TRUE
rac194.wpuziewicz.com_OUSPRD_110222090840|2|1|log_archive_dest_18||NONE|TRUE
rac194.wpuziewicz.com_OUSPRD_110222090840|2|1|log_archive_dest_19||NONE|TRUE
rac194.wpuziewicz.com_OUSPRD_110222090840|2|1|log_archive_dest_20||NONE|TRUE
rac194.wpuziewicz.com_OUSPRD_110222090840|2|1|log_archive_dest_21||NONE|TRUE
rac194.wpuziewicz.com_OUSPRD_110222090840|2|1|log_archive_dest_22||NONE|TRUE
rac194.wpuziewicz.com_OUSPRD_110222090840|2|1|log_archive_dest_23||NONE|TRUE
rac194.wpuziewicz.com_OUSPRD_110222090840|2|1|log_archive_dest_24||NONE|TRUE
rac194.wpuziewicz.com_OUSPRD_110222090840|2|1|log_archive_dest_25||NONE|TRUE
rac194.wpuziewicz.com_OUSPRD_110222090840|2|1|log_archive_dest_26||NONE|TRUE
rac194.wpuziewicz.com_OUSPRD_110222090840|2|1|log_archive_dest_27||NONE|TRUE
rac194.wpuziewicz.com_OUSPRD_110222090840|2|1|log_archive_dest_28||NONE|TRUE
rac194.wpuziewicz.com_OUSPRD_110222090840|2|1|log_archive_dest_29||NONE|TRUE
rac194.wpuziewicz.com_OUSPRD_110222090840|2|1|log_archive_dest_30||NONE|TRUE
rac194.wpuziewicz.com_OUSPRD_110222090840|2|1|log_archive_dest_31||NONE|TRUE
rac194.wpuziewicz.com_OUSPRD_110222090840|2|1|log_archive_dest_state_1|enable|enable|TRUE
rac194.wpuziewicz.com_OUSPRD_110222090840|2|1|log_archive_dest_state_2|ENABLE|enable|FALSE
rac194.wpuziewicz.com_OUSPRD_110222090840|2|1|log_archive_dest_state_3|enable|enable|TRUE
rac194.wpuziewicz.com_OUSPRD_110222090840|2|1|log_archive_dest_state_4|enable|enable|TRUE
rac194.wpuziewicz.com_OUSPRD_110222090840|2|1|log_archive_dest_state_5|enable|enable|TRUE
rac194.wpuziewicz.com_OUSPRD_110222090840|2|1|log_archive_dest_state_6|enable|enable|TRUE
rac194.wpuziewicz.com_OUSPRD_110222090840|2|1|log_archive_dest_state_7|enable|enable|TRUE
rac194.wpuziewicz.com_OUSPRD_110222090840|2|1|log_archive_dest_state_8|enable|enable|TRUE
rac194.wpuziewicz.com_OUSPRD_110222090840|2|1|log_archive_dest_state_9|enable|enable|TRUE
rac194.wpuziewicz.com_OUSPRD_110222090840|2|1|log_archive_dest_state_10|enable|enable|TRUE
rac194.wpuziewicz.com_OUSPRD_110222090840|2|1|log_archive_dest_state_11|enable|enable|TRUE
rac194.wpuziewicz.com_OUSPRD_110222090840|2|1|log_archive_dest_state_12|enable|enable|TRUE
rac194.wpuziewicz.com_OUSPRD_110222090840|2|1|log_archive_dest_state_13|enable|enable|TRUE
rac194.wpuziewicz.com_OUSPRD_110222090840|2|1|log_archive_dest_state_14|enable|enable|TRUE
rac194.wpuziewicz.com_OUSPRD_110222090840|2|1|log_archive_dest_state_15|enable|enable|TRUE
rac194.wpuziewicz.com_OUSPRD_110222090840|2|1|log_archive_dest_state_16|enable|enable|TRUE
rac194.wpuziewicz.com_OUSPRD_110222090840|2|1|log_archive_dest_state_17|enable|enable|TRUE
rac194.wpuziewicz.com_OUSPRD_110222090840|2|1|log_archive_dest_state_18|enable|enable|TRUE
rac194.wpuziewicz.com_OUSPRD_110222090840|2|1|log_archive_dest_state_19|enable|enable|TRUE
rac194.wpuziewicz.com_OUSPRD_110222090840|2|1|log_archive_dest_state_20|enable|enable|TRUE
rac194.wpuziewicz.com_OUSPRD_110222090840|2|1|log_archive_dest_state_21|enable|enable|TRUE
rac194.wpuziewicz.com_OUSPRD_110222090840|2|1|log_archive_dest_state_22|enable|enable|TRUE
rac194.wpuziewicz.com_OUSPRD_110222090840|2|1|log_archive_dest_state_23|enable|enable|TRUE
rac194.wpuziewicz.com_OUSPRD_110222090840|2|1|log_archive_dest_state_24|enable|enable|TRUE
rac194.wpuziewicz.com_OUSPRD_110222090840|2|1|log_archive_dest_state_25|enable|enable|TRUE
rac194.wpuziewicz.com_OUSPRD_110222090840|2|1|log_archive_dest_state_26|enable|enable|TRUE
rac194.wpuziewicz.com_OUSPRD_110222090840|2|1|log_archive_dest_state_27|enable|enable|TRUE
rac194.wpuziewicz.com_OUSPRD_110222090840|2|1|log_archive_dest_state_28|enable|enable|TRUE
rac194.wpuziewicz.com_OUSPRD_110222090840|2|1|log_archive_dest_state_29|enable|enable|TRUE
rac194.wpuziewicz.com_OUSPRD_110222090840|2|1|log_archive_dest_state_30|enable|enable|TRUE
rac194.wpuziewicz.com_OUSPRD_110222090840|2|1|log_archive_dest_state_31|enable|enable|TRUE
rac194.wpuziewicz.com_OUSPRD_110222090840|2|1|log_archive_start|FALSE|FALSE|TRUE
rac194.wpuziewicz.com_OUSPRD_110222090840|2|1|log_archive_dest||NONE|TRUE
rac194.wpuziewicz.com_OUSPRD_110222090840|2|1|log_archive_duplex_dest||NONE|TRUE
rac194.wpuziewicz.com_OUSPRD_110222090840|2|1|log_archive_min_succeed_dest|1|1|TRUE
rac194.wpuziewicz.com_OUSPRD_110222090840|2|1|fal_client|OUSPRD|NONE|FALSE
rac194.wpuziewicz.com_OUSPRD_110222090840|2|1|fal_server||NONE|FALSE
rac194.wpuziewicz.com_OUSPRD_110222090840|2|1|log_archive_trace|0|0|TRUE
rac194.wpuziewicz.com_OUSPRD_110222090840|2|1|data_guard_sync_latency|0|0|TRUE
rac194.wpuziewicz.com_OUSPRD_110222090840|2|1|log_archive_config|dg_config=(ousprd,ousprddr)|NONE|FALSE
rac194.wpuziewicz.com_OUSPRD_110222090840|2|1|log_archive_format|%t_%s_%r.dbf|%t_%s_%r.dbf|TRUE
rac194.wpuziewicz.com_OUSPRD_110222090840|2|1|data_guard_max_io_time|240|240|TRUE
rac194.wpuziewicz.com_OUSPRD_110222090840|2|1|data_guard_max_longio_time|240|240|TRUE
rac194.wpuziewicz.com_OUSPRD_110222090840|2|1|redo_transport_user||NONE|TRUE
rac194.wpuziewicz.com_OUSPRD_110222090840|2|1|log_archive_max_processes|4|4|TRUE
rac194.wpuziewicz.com_OUSPRD_110222090840|2|1|log_buffer|7299072|0|TRUE
rac194.wpuziewicz.com_OUSPRD_110222090840|2|1|log_checkpoint_interval|0|0|TRUE
rac194.wpuziewicz.com_OUSPRD_110222090840|2|1|log_checkpoint_timeout|600|1800|TRUE
rac194.wpuziewicz.com_OUSPRD_110222090840|2|1|archive_lag_target|900|0|FALSE
rac194.wpuziewicz.com_OUSPRD_110222090840|2|1|db_files|200|200|TRUE
rac194.wpuziewicz.com_OUSPRD_110222090840|2|1|db_file_multiblock_read_count|128|0|TRUE
rac194.wpuziewicz.com_OUSPRD_110222090840|2|1|read_only_open_delayed|FALSE|FALSE|TRUE
rac194.wpuziewicz.com_OUSPRD_110222090840|2|1|cluster_database|TRUE|FALSE|FALSE
rac194.wpuziewicz.com_OUSPRD_110222090840|2|1|cluster_database_instances|2||TRUE
rac194.wpuziewicz.com_OUSPRD_110222090840|2|1|db_create_file_dest|+DATA|NONE|FALSE
rac194.wpuziewicz.com_OUSPRD_110222090840|2|1|db_create_online_log_dest_1||NONE|TRUE
rac194.wpuziewicz.com_OUSPRD_110222090840|2|1|db_create_online_log_dest_2||NONE|TRUE
rac194.wpuziewicz.com_OUSPRD_110222090840|2|1|db_create_online_log_dest_3||NONE|TRUE
rac194.wpuziewicz.com_OUSPRD_110222090840|2|1|db_create_online_log_dest_4||NONE|TRUE
rac194.wpuziewicz.com_OUSPRD_110222090840|2|1|db_create_online_log_dest_5||NONE|TRUE
rac194.wpuziewicz.com_OUSPRD_110222090840|2|1|db_recovery_file_dest|+FRA|NONE|FALSE
rac194.wpuziewicz.com_OUSPRD_110222090840|2|1|db_recovery_file_dest_size|2199023255552|0|FALSE
rac194.wpuziewicz.com_OUSPRD_110222090840|2|1|standby_file_management|MANUAL|MANUAL|TRUE
rac194.wpuziewicz.com_OUSPRD_110222090840|2|1|db_unrecoverable_scn_tracking|TRUE|TRUE|TRUE
rac194.wpuziewicz.com_OUSPRD_110222090840|2|1|thread|2|0|FALSE
rac194.wpuziewicz.com_OUSPRD_110222090840|2|1|enabled_PDBs_on_standby|*|*|TRUE
rac194.wpuziewicz.com_OUSPRD_110222090840|2|1|fast_start_io_target|0|0|TRUE
rac194.wpuziewicz.com_OUSPRD_110222090840|2|1|fast_start_mttr_target|0|0|TRUE
rac194.wpuziewicz.com_OUSPRD_110222090840|2|1|log_checkpoints_to_alert|FALSE|FALSE|TRUE
rac194.wpuziewicz.com_OUSPRD_110222090840|2|1|db_lost_write_protect|NONE|NONE|TRUE
rac194.wpuziewicz.com_OUSPRD_110222090840|2|1|recovery_parallelism|0|0|TRUE
rac194.wpuziewicz.com_OUSPRD_110222090840|2|1|enable_goldengate_replication|FALSE|FALSE|TRUE
rac194.wpuziewicz.com_OUSPRD_110222090840|2|1|inmemory_adg_enabled|TRUE|TRUE|TRUE
rac194.wpuziewicz.com_OUSPRD_110222090840|2|1|db_flashback_retention_target|1440|1440|TRUE
rac194.wpuziewicz.com_OUSPRD_110222090840|2|1|data_transfer_cache_size|0|0|TRUE
rac194.wpuziewicz.com_OUSPRD_110222090840|2|1|enable_imc_with_mira|FALSE|FALSE|TRUE
rac194.wpuziewicz.com_OUSPRD_110222090840|2|1|adg_account_info_tracking|LOCAL|LOCAL|TRUE
rac194.wpuziewicz.com_OUSPRD_110222090840|2|1|adg_redirect_dml|FALSE|FALSE|TRUE
rac194.wpuziewicz.com_OUSPRD_110222090840|2|1|dml_locks|5376||TRUE
rac194.wpuziewicz.com_OUSPRD_110222090840|2|1|replication_dependency_tracking|TRUE|TRUE|TRUE
rac194.wpuziewicz.com_OUSPRD_110222090840|2|1|transactions|1344||TRUE
rac194.wpuziewicz.com_OUSPRD_110222090840|2|1|transactions_per_rollback_segment|5|5|TRUE
rac194.wpuziewicz.com_OUSPRD_110222090840|2|1|temp_undo_enabled|FALSE|FALSE|TRUE
rac194.wpuziewicz.com_OUSPRD_110222090840|2|1|rollback_segments|||TRUE
rac194.wpuziewicz.com_OUSPRD_110222090840|2|1|undo_management|AUTO|AUTO|TRUE
rac194.wpuziewicz.com_OUSPRD_110222090840|2|1|undo_tablespace|UNDOTBS2|NONE|FALSE
rac194.wpuziewicz.com_OUSPRD_110222090840|2|1|undo_retention|900|900|TRUE
rac194.wpuziewicz.com_OUSPRD_110222090840|2|1|fast_start_parallel_rollback|LOW|LOW|TRUE
rac194.wpuziewicz.com_OUSPRD_110222090840|2|1|resumable_timeout|0|0|TRUE
rac194.wpuziewicz.com_OUSPRD_110222090840|2|1|instance_number|2|0|FALSE
rac194.wpuziewicz.com_OUSPRD_110222090840|2|1|heat_map|OFF|OFF|TRUE
rac194.wpuziewicz.com_OUSPRD_110222090840|2|1|inmemory_size|0|0|TRUE
rac194.wpuziewicz.com_OUSPRD_110222090840|2|1|inmemory_xmem_size|0|0|TRUE
rac194.wpuziewicz.com_OUSPRD_110222090840|2|1|inmemory_prefer_xmem_memcompress||NONE|TRUE
rac194.wpuziewicz.com_OUSPRD_110222090840|2|1|inmemory_prefer_xmem_priority||NONE|TRUE
rac194.wpuziewicz.com_OUSPRD_110222090840|2|1|allow_rowid_column_type|FALSE|FALSE|TRUE
rac194.wpuziewicz.com_OUSPRD_110222090840|2|1|db_block_checking|FALSE|FALSE|TRUE
rac194.wpuziewicz.com_OUSPRD_110222090840|2|1|recyclebin|on|on|TRUE
rac194.wpuziewicz.com_OUSPRD_110222090840|2|1|db_index_compression_inheritance|NONE|NONE|TRUE
rac194.wpuziewicz.com_OUSPRD_110222090840|2|1|db_securefile|PREFERRED|PERMITTED|TRUE
rac194.wpuziewicz.com_OUSPRD_110222090840|2|1|inmemory_clause_default||NONE|TRUE
rac194.wpuziewicz.com_OUSPRD_110222090840|2|1|inmemory_force|DEFAULT|DEFAULT|TRUE
rac194.wpuziewicz.com_OUSPRD_110222090840|2|1|inmemory_query|ENABLE|ENABLE|TRUE
rac194.wpuziewicz.com_OUSPRD_110222090840|2|1|inmemory_expressions_usage|ENABLE|ENABLE|TRUE
rac194.wpuziewicz.com_OUSPRD_110222090840|2|1|inmemory_virtual_columns|MANUAL|MANUAL|TRUE
rac194.wpuziewicz.com_OUSPRD_110222090840|2|1|inmemory_max_populate_servers|0|65535|TRUE
rac194.wpuziewicz.com_OUSPRD_110222090840|2|1|inmemory_trickle_repopulate_servers_percent|1|1|TRUE
rac194.wpuziewicz.com_OUSPRD_110222090840|2|1|inmemory_optimized_arithmetic|DISABLE|DISABLE|TRUE
rac194.wpuziewicz.com_OUSPRD_110222090840|2|1|inmemory_automatic_level|OFF|OFF|TRUE
rac194.wpuziewicz.com_OUSPRD_110222090840|2|1|create_stored_outlines|||TRUE
rac194.wpuziewicz.com_OUSPRD_110222090840|2|1|serial_reuse|disable|disable|TRUE
rac194.wpuziewicz.com_OUSPRD_110222090840|2|1|ldap_directory_access|NONE|NONE|TRUE
rac194.wpuziewicz.com_OUSPRD_110222090840|2|1|ldap_directory_sysauth|no|no|TRUE
rac194.wpuziewicz.com_OUSPRD_110222090840|2|1|os_roles|FALSE|FALSE|TRUE
rac194.wpuziewicz.com_OUSPRD_110222090840|2|1|rdbms_server_dn||NONE|TRUE
rac194.wpuziewicz.com_OUSPRD_110222090840|2|1|remote_os_authent|FALSE|FALSE|TRUE
rac194.wpuziewicz.com_OUSPRD_110222090840|2|1|remote_os_roles|FALSE|FALSE|TRUE
rac194.wpuziewicz.com_OUSPRD_110222090840|2|1|sec_case_sensitive_logon|TRUE|TRUE|TRUE
rac194.wpuziewicz.com_OUSPRD_110222090840|2|1|remote_login_passwordfile|EXCLUSIVE|exclusive|FALSE
rac194.wpuziewicz.com_OUSPRD_110222090840|2|1|license_max_users|0|0|TRUE
rac194.wpuziewicz.com_OUSPRD_110222090840|2|1|audit_sys_operations|TRUE|TRUE|TRUE
rac194.wpuziewicz.com_OUSPRD_110222090840|2|1|DBFIPS_140|FALSE|FALSE|TRUE
rac194.wpuziewicz.com_OUSPRD_110222090840|2|1|one_step_plugin_for_pdb_with_tde|FALSE|FALSE|TRUE
rac194.wpuziewicz.com_OUSPRD_110222090840|2|1|external_keystore_credential_location||NONE|TRUE
rac194.wpuziewicz.com_OUSPRD_110222090840|2|1|unified_audit_sga_queue_size|1048576|1048576|TRUE
rac194.wpuziewicz.com_OUSPRD_110222090840|2|1|wallet_root||NONE|TRUE
rac194.wpuziewicz.com_OUSPRD_110222090840|2|1|tde_configuration||NONE|TRUE
rac194.wpuziewicz.com_OUSPRD_110222090840|2|1|db_domain|wpuziewicz.com||FALSE
rac194.wpuziewicz.com_OUSPRD_110222090840|2|1|global_names|FALSE|FALSE|TRUE
rac194.wpuziewicz.com_OUSPRD_110222090840|2|1|distributed_lock_timeout|60|60|TRUE
rac194.wpuziewicz.com_OUSPRD_110222090840|2|1|commit_point_strength|1|1|TRUE
rac194.wpuziewicz.com_OUSPRD_110222090840|2|1|global_txn_processes|1|1|TRUE
rac194.wpuziewicz.com_OUSPRD_110222090840|2|1|instance_name|ousprd2||TRUE
rac194.wpuziewicz.com_OUSPRD_110222090840|2|1|dispatchers|(PROTOCOL=TCP) (SERVICE=ousprdXDB)||FALSE
rac194.wpuziewicz.com_OUSPRD_110222090840|2|1|shared_servers|1|4294967294|TRUE
rac194.wpuziewicz.com_OUSPRD_110222090840|2|1|max_shared_servers|||TRUE
rac194.wpuziewicz.com_OUSPRD_110222090840|2|1|max_dispatchers|||TRUE
rac194.wpuziewicz.com_OUSPRD_110222090840|2|1|circuits|||TRUE
rac194.wpuziewicz.com_OUSPRD_110222090840|2|1|shared_server_sessions|||TRUE
rac194.wpuziewicz.com_OUSPRD_110222090840|2|1|use_dedicated_broker|FALSE|TRUE|TRUE
rac194.wpuziewicz.com_OUSPRD_110222090840|2|1|connection_brokers|((TYPE=DEDICATED)(BROKERS=1)), ((TYPE=EMON)(BROKERS=1))||TRUE
rac194.wpuziewicz.com_OUSPRD_110222090840|2|1|local_listener|(ADDRESS=(PROTOCOL=TCP)(HOST=192.168.50.135)(PORT=1521))||FALSE
rac194.wpuziewicz.com_OUSPRD_110222090840|2|1|forward_listener|||TRUE
rac194.wpuziewicz.com_OUSPRD_110222090840|2|1|remote_listener|rac19-4-scan:1521||TRUE
rac194.wpuziewicz.com_OUSPRD_110222090840|2|1|listener_networks|||TRUE
rac194.wpuziewicz.com_OUSPRD_110222090840|2|1|cursor_space_for_time|FALSE|FALSE|TRUE
rac194.wpuziewicz.com_OUSPRD_110222090840|2|1|session_cached_cursors|50|50|TRUE
rac194.wpuziewicz.com_OUSPRD_110222090840|2|1|remote_dependencies_mode|TIMESTAMP|timestamp|TRUE
rac194.wpuziewicz.com_OUSPRD_110222090840|2|1|smtp_out_server|||TRUE
rac194.wpuziewicz.com_OUSPRD_110222090840|2|1|plsql_v2_compatibility|FALSE|FALSE|TRUE
rac194.wpuziewicz.com_OUSPRD_110222090840|2|1|plsql_warnings|DISABLE:ALL|NONE|TRUE
rac194.wpuziewicz.com_OUSPRD_110222090840|2|1|plsql_code_type|INTERPRETED|INTERPRETED|TRUE
rac194.wpuziewicz.com_OUSPRD_110222090840|2|1|plsql_debug|FALSE|FALSE|TRUE
rac194.wpuziewicz.com_OUSPRD_110222090840|2|1|plsql_optimize_level|2|2|TRUE
rac194.wpuziewicz.com_OUSPRD_110222090840|2|1|plsql_ccflags||NONE|TRUE
rac194.wpuziewicz.com_OUSPRD_110222090840|2|1|plscope_settings|IDENTIFIERS:NONE|IDENTIFIERS:NONE|TRUE
rac194.wpuziewicz.com_OUSPRD_110222090840|2|1|permit_92_wrap_format|TRUE|TRUE|TRUE
rac194.wpuziewicz.com_OUSPRD_110222090840|2|1|java_jit_enabled|TRUE|TRUE|TRUE
rac194.wpuziewicz.com_OUSPRD_110222090840|2|1|java_restrict|none|none|TRUE
rac194.wpuziewicz.com_OUSPRD_110222090840|2|1|job_queue_processes|40|4000|TRUE
rac194.wpuziewicz.com_OUSPRD_110222090840|2|1|scheduler_follow_pdbtz|FALSE|FALSE|TRUE
rac194.wpuziewicz.com_OUSPRD_110222090840|2|1|parallel_min_percent|0|0|TRUE
rac194.wpuziewicz.com_OUSPRD_110222090840|2|1|create_bitmap_area_size|8388608|8388608|TRUE
rac194.wpuziewicz.com_OUSPRD_110222090840|2|1|bitmap_merge_area_size|1048576|1048576|TRUE
rac194.wpuziewicz.com_OUSPRD_110222090840|2|1|cursor_sharing|EXACT|EXACT|TRUE
rac194.wpuziewicz.com_OUSPRD_110222090840|2|1|result_cache_mode|MANUAL|MANUAL|TRUE
rac194.wpuziewicz.com_OUSPRD_110222090840|2|1|parallel_min_servers|4|0|TRUE
rac194.wpuziewicz.com_OUSPRD_110222090840|2|1|parallel_max_servers|40||TRUE
rac194.wpuziewicz.com_OUSPRD_110222090840|2|1|parallel_instance_group||NONE|TRUE
rac194.wpuziewicz.com_OUSPRD_110222090840|2|1|parallel_execution_message_size|16384||TRUE
rac194.wpuziewicz.com_OUSPRD_110222090840|2|1|hash_area_size|131072|0|TRUE
rac194.wpuziewicz.com_OUSPRD_110222090840|2|1|private_temp_table_prefix|ORA$PTT_|ORA$PTT_|TRUE
rac194.wpuziewicz.com_OUSPRD_110222090840|2|1|result_cache_max_size|25165824|1|TRUE
rac194.wpuziewicz.com_OUSPRD_110222090840|2|1|result_cache_max_result|5|5|TRUE
rac194.wpuziewicz.com_OUSPRD_110222090840|2|1|result_cache_remote_expiration|0|0|TRUE
rac194.wpuziewicz.com_OUSPRD_110222090840|2|1|shadow_core_dump|partial|partial|TRUE
rac194.wpuziewicz.com_OUSPRD_110222090840|2|1|background_core_dump|partial|partial|TRUE
rac194.wpuziewicz.com_OUSPRD_110222090840|2|1|background_dump_dest|/u01/app/oracle/product/19.3.0.0/dbhome_1/rdbms/log|$ORACLE_BASE/admin/@/bdump|TRUE
rac194.wpuziewicz.com_OUSPRD_110222090840|2|1|user_dump_dest|/u01/app/oracle/product/19.3.0.0/dbhome_1/rdbms/log|$ORACLE_BASE/admin/@/udump|TRUE
rac194.wpuziewicz.com_OUSPRD_110222090840|2|1|core_dump_dest|/u01/app/oracle/diag/rdbms/ousprd/ousprd2/cdump|$ORACLE_BASE/admin/@/cdump|TRUE
rac194.wpuziewicz.com_OUSPRD_110222090840|2|1|audit_file_dest|/u01/app/oracle/admin/ousprd/adump|$ORACLE_BASE/admin/@/adump|FALSE
rac194.wpuziewicz.com_OUSPRD_110222090840|2|1|audit_syslog_level|||TRUE
rac194.wpuziewicz.com_OUSPRD_110222090840|2|1|unified_audit_systemlog|||TRUE
rac194.wpuziewicz.com_OUSPRD_110222090840|2|1|unified_audit_common_systemlog|||TRUE
rac194.wpuziewicz.com_OUSPRD_110222090840|2|1|resource_manage_goldengate|FALSE|FALSE|TRUE
rac194.wpuziewicz.com_OUSPRD_110222090840|2|1|object_cache_optimal_size|10240000|10240000|TRUE
rac194.wpuziewicz.com_OUSPRD_110222090840|2|1|object_cache_max_size_percent|10|10|TRUE
rac194.wpuziewicz.com_OUSPRD_110222090840|2|1|lob_signature_enable|FALSE|FALSE|TRUE
rac194.wpuziewicz.com_OUSPRD_110222090840|2|1|session_max_open_files|300|10|FALSE
rac194.wpuziewicz.com_OUSPRD_110222090840|2|1|open_links|4|4|TRUE
rac194.wpuziewicz.com_OUSPRD_110222090840|2|1|open_links_per_instance|4|4|TRUE
rac194.wpuziewicz.com_OUSPRD_110222090840|2|1|commit_write|||TRUE
rac194.wpuziewicz.com_OUSPRD_110222090840|2|1|commit_wait|||TRUE
rac194.wpuziewicz.com_OUSPRD_110222090840|2|1|commit_logging|||TRUE
rac194.wpuziewicz.com_OUSPRD_110222090840|2|1|optimizer_features_enable|19.1.0|19.1.0|TRUE
rac194.wpuziewicz.com_OUSPRD_110222090840|2|1|fixed_date||NONE|TRUE
rac194.wpuziewicz.com_OUSPRD_110222090840|2|1|audit_trail|DB|none|FALSE
rac194.wpuziewicz.com_OUSPRD_110222090840|2|1|sort_area_size|65536|65536|TRUE
rac194.wpuziewicz.com_OUSPRD_110222090840|2|1|sort_area_retained_size|0|0|TRUE
rac194.wpuziewicz.com_OUSPRD_110222090840|2|1|cell_offload_processing|TRUE|TRUE|TRUE
rac194.wpuziewicz.com_OUSPRD_110222090840|2|1|cell_offload_decryption|TRUE|TRUE|TRUE
rac194.wpuziewicz.com_OUSPRD_110222090840|2|1|cell_offload_parameters||NONE|TRUE
rac194.wpuziewicz.com_OUSPRD_110222090840|2|1|cell_offload_compaction|ADAPTIVE|ADAPTIVE|TRUE
rac194.wpuziewicz.com_OUSPRD_110222090840|2|1|cell_offload_plan_display|AUTO|AUTO|TRUE
rac194.wpuziewicz.com_OUSPRD_110222090840|2|1|db_name|ousprd|NONE|FALSE
rac194.wpuziewicz.com_OUSPRD_110222090840|2|1|db_unique_name|ousprd|NONE|TRUE
rac194.wpuziewicz.com_OUSPRD_110222090840|2|1|open_cursors|300|50|FALSE
rac194.wpuziewicz.com_OUSPRD_110222090840|2|1|ifile|||TRUE
rac194.wpuziewicz.com_OUSPRD_110222090840|2|1|sql_trace|FALSE|FALSE|TRUE
rac194.wpuziewicz.com_OUSPRD_110222090840|2|1|os_authent_prefix|ops$|ops$|TRUE
rac194.wpuziewicz.com_OUSPRD_110222090840|2|1|optimizer_mode|ALL_ROWS|all_rows|TRUE
rac194.wpuziewicz.com_OUSPRD_110222090840|2|1|sql92_security|TRUE|TRUE|TRUE
rac194.wpuziewicz.com_OUSPRD_110222090840|2|1|blank_trimming|FALSE|FALSE|TRUE
rac194.wpuziewicz.com_OUSPRD_110222090840|2|1|star_transformation_enabled|FALSE|FALSE|TRUE
rac194.wpuziewicz.com_OUSPRD_110222090840|2|1|parallel_degree_policy|MANUAL|MANUAL|TRUE
rac194.wpuziewicz.com_OUSPRD_110222090840|2|1|parallel_adaptive_multi_user|FALSE|FALSE|TRUE
rac194.wpuziewicz.com_OUSPRD_110222090840|2|1|parallel_threads_per_cpu|1|1|TRUE
rac194.wpuziewicz.com_OUSPRD_110222090840|2|1|optimizer_index_cost_adj|100|100|TRUE
rac194.wpuziewicz.com_OUSPRD_110222090840|2|1|optimizer_index_caching|0|0|TRUE
rac194.wpuziewicz.com_OUSPRD_110222090840|2|1|query_rewrite_enabled|TRUE|true|TRUE
rac194.wpuziewicz.com_OUSPRD_110222090840|2|1|query_rewrite_integrity|enforced|enforced|TRUE
rac194.wpuziewicz.com_OUSPRD_110222090840|2|1|pga_aggregate_target|1678770176|0|FALSE
rac194.wpuziewicz.com_OUSPRD_110222090840|2|1|workarea_size_policy|AUTO|AUTO|TRUE
rac194.wpuziewicz.com_OUSPRD_110222090840|2|1|optimizer_dynamic_sampling|2|2|TRUE
rac194.wpuziewicz.com_OUSPRD_110222090840|2|1|statistics_level|TYPICAL|TYPICAL|TRUE
rac194.wpuziewicz.com_OUSPRD_110222090840|2|1|cursor_bind_capture_destination|memory+disk|memory+disk|TRUE
rac194.wpuziewicz.com_OUSPRD_110222090840|2|1|skip_unusable_indexes|TRUE|TRUE|TRUE
rac194.wpuziewicz.com_OUSPRD_110222090840|2|1|optimizer_ignore_hints|FALSE|FALSE|TRUE
rac194.wpuziewicz.com_OUSPRD_110222090840|2|1|optimizer_secure_view_merging|TRUE|TRUE|TRUE
rac194.wpuziewicz.com_OUSPRD_110222090840|2|1|ddl_lock_timeout|0|0|TRUE
rac194.wpuziewicz.com_OUSPRD_110222090840|2|1|deferred_segment_creation|TRUE|TRUE|TRUE
rac194.wpuziewicz.com_OUSPRD_110222090840|2|1|optimizer_use_pending_statistics|FALSE|FALSE|TRUE
rac194.wpuziewicz.com_OUSPRD_110222090840|2|1|optimizer_capture_sql_plan_baselines|FALSE|FALSE|TRUE
rac194.wpuziewicz.com_OUSPRD_110222090840|2|1|optimizer_use_sql_plan_baselines|TRUE|TRUE|TRUE
rac194.wpuziewicz.com_OUSPRD_110222090840|2|1|parallel_min_time_threshold|AUTO|AUTO|TRUE
rac194.wpuziewicz.com_OUSPRD_110222090840|2|1|parallel_degree_limit|CPU|CPU|TRUE
rac194.wpuziewicz.com_OUSPRD_110222090840|2|1|parallel_force_local|FALSE|FALSE|TRUE
rac194.wpuziewicz.com_OUSPRD_110222090840|2|1|optimizer_use_invisible_indexes|FALSE|FALSE|TRUE
rac194.wpuziewicz.com_OUSPRD_110222090840|2|1|dst_upgrade_insert_conv|TRUE|TRUE|TRUE
rac194.wpuziewicz.com_OUSPRD_110222090840|2|1|parallel_servers_target|40|0|TRUE
rac194.wpuziewicz.com_OUSPRD_110222090840|2|1|max_string_size|STANDARD|STANDARD|TRUE
rac194.wpuziewicz.com_OUSPRD_110222090840|2|1|optimizer_adaptive_reporting_only|FALSE|FALSE|TRUE
rac194.wpuziewicz.com_OUSPRD_110222090840|2|1|optimizer_adaptive_plans|TRUE|TRUE|TRUE
rac194.wpuziewicz.com_OUSPRD_110222090840|2|1|optimizer_inmemory_aware|TRUE|TRUE|TRUE
rac194.wpuziewicz.com_OUSPRD_110222090840|2|1|cursor_invalidation|IMMEDIATE|IMMEDIATE|TRUE
rac194.wpuziewicz.com_OUSPRD_110222090840|2|1|approx_for_aggregation|FALSE|FALSE|TRUE
rac194.wpuziewicz.com_OUSPRD_110222090840|2|1|approx_for_count_distinct|FALSE|FALSE|TRUE
rac194.wpuziewicz.com_OUSPRD_110222090840|2|1|approx_for_percentile|none|none|TRUE
rac194.wpuziewicz.com_OUSPRD_110222090840|2|1|optimizer_adaptive_statistics|FALSE|FALSE|TRUE
rac194.wpuziewicz.com_OUSPRD_110222090840|2|1|optimizer_ignore_parallel_hints|FALSE|FALSE|TRUE
rac194.wpuziewicz.com_OUSPRD_110222090840|2|1|parallel_min_degree|1|1|TRUE
rac194.wpuziewicz.com_OUSPRD_110222090840|2|1|sec_protocol_error_trace_action|TRACE|TRACE|TRUE
rac194.wpuziewicz.com_OUSPRD_110222090840|2|1|sec_protocol_error_further_action|(DROP,3)|(DROP,3)|TRUE
rac194.wpuziewicz.com_OUSPRD_110222090840|2|1|sec_max_failed_login_attempts|3|3|TRUE
rac194.wpuziewicz.com_OUSPRD_110222090840|2|1|sec_return_server_release_banner|FALSE|FALSE|TRUE
rac194.wpuziewicz.com_OUSPRD_110222090840|2|1|enable_ddl_logging|FALSE|FALSE|TRUE
rac194.wpuziewicz.com_OUSPRD_110222090840|2|1|client_result_cache_size|0|0|TRUE
rac194.wpuziewicz.com_OUSPRD_110222090840|2|1|client_result_cache_lag|3000|3000|TRUE
rac194.wpuziewicz.com_OUSPRD_110222090840|2|1|outbound_dblink_protocols|ALL|ALL|TRUE
rac194.wpuziewicz.com_OUSPRD_110222090840|2|1|allow_global_dblinks|FALSE|FALSE|TRUE
rac194.wpuziewicz.com_OUSPRD_110222090840|2|1|client_statistics_level|TYPICAL|TYPICAL|TRUE
rac194.wpuziewicz.com_OUSPRD_110222090840|2|1|aq_tm_processes|1|1|TRUE
rac194.wpuziewicz.com_OUSPRD_110222090840|2|1|hs_autoregister|TRUE|TRUE|TRUE
rac194.wpuziewicz.com_OUSPRD_110222090840|2|1|xml_db_events|enable|enable|TRUE
rac194.wpuziewicz.com_OUSPRD_110222090840|2|1|dg_broker_start|TRUE|FALSE|FALSE
rac194.wpuziewicz.com_OUSPRD_110222090840|2|1|dg_broker_config_file1|+DATA/ousprd/dr1ousprd.dat||FALSE
rac194.wpuziewicz.com_OUSPRD_110222090840|2|1|dg_broker_config_file2|+FRA/ousprd/dr2ousprd.dat||FALSE
rac194.wpuziewicz.com_OUSPRD_110222090840|2|1|olap_page_pool_size|0|0|TRUE
rac194.wpuziewicz.com_OUSPRD_110222090840|2|1|asm_diskstring|||TRUE
rac194.wpuziewicz.com_OUSPRD_110222090840|2|1|asm_preferred_read_failure_groups|||TRUE
rac194.wpuziewicz.com_OUSPRD_110222090840|2|1|control_management_pack_access|DIAGNOSTIC+TUNING|DIAGNOSTIC+TUNING|TRUE
rac194.wpuziewicz.com_OUSPRD_110222090840|2|1|awr_pdb_autoflush_enabled|FALSE|FALSE|TRUE
rac194.wpuziewicz.com_OUSPRD_110222090840|2|1|awr_pdb_max_parallel_slaves|10|10|TRUE
rac194.wpuziewicz.com_OUSPRD_110222090840|2|1|awr_snapshot_time_offset|0|0|TRUE
rac194.wpuziewicz.com_OUSPRD_110222090840|2|1|sqltune_category|DEFAULT|DEFAULT|TRUE
rac194.wpuziewicz.com_OUSPRD_110222090840|2|1|autotask_max_active_pdbs|2|2|TRUE
rac194.wpuziewicz.com_OUSPRD_110222090840|2|1|enable_automatic_maintenance_pdb|TRUE|TRUE|TRUE
rac194.wpuziewicz.com_OUSPRD_110222090840|2|1|_umf_remote_target_dblink||NONE|FALSE
rac194.wpuziewicz.com_OUSPRD_110222090840|2|1|_umf_remote_enabled|TRUE|FALSE|FALSE
rac194.wpuziewicz.com_OUSPRD_110222090840|2|1|_dbmsumf$$nn|prim|NONE|FALSE
rac194.wpuziewicz.com_OUSPRD_110222090840|2|1|_dbmsumf$$p|1||FALSE
rac194.wpuziewicz.com_OUSPRD_110222090840|2|1|_dbmsumf$$1x|<UMF_SCHEMA>  <TOPOLOGY>    <TOPOLOGY_INST>      <TOPOLOG||FALSE
rac194.wpuziewicz.com_OUSPRD_110222090840|2|1|spatial_vector_acceleration|FALSE|FALSE|TRUE
rac194.wpuziewicz.com_OUSPRD_110222090840|2|1|diagnostic_dest|/u01/app/oracle|?#/log|FALSE
rac194.wpuziewicz.com_OUSPRD_110222090840|2|1|tracefile_identifier|||TRUE
rac194.wpuziewicz.com_OUSPRD_110222090840|2|1|max_dump_file_size|unlimited|unlimited|TRUE
rac194.wpuziewicz.com_OUSPRD_110222090840|2|1|trace_enabled|TRUE|TRUE|TRUE
rac194.wpuziewicz.com_OUSPRD_110222090840|2|1|cell_offloadgroup_name|||TRUE
rac194.wpuziewicz.com_OUSPRD_110222090840|2|1|enable_pluggable_database|TRUE|FALSE|FALSE
rac194.wpuziewicz.com_OUSPRD_110222090840|2|1|pdb_os_credential|||TRUE
rac194.wpuziewicz.com_OUSPRD_110222090840|2|1|pdb_file_name_convert|||TRUE
rac194.wpuziewicz.com_OUSPRD_110222090840|2|1|noncdb_compatible|FALSE|FALSE|TRUE
rac194.wpuziewicz.com_OUSPRD_110222090840|2|1|common_user_prefix|C##|NONE|TRUE
rac194.wpuziewicz.com_OUSPRD_110222090840|2|1|target_pdbs|9|1|TRUE
rac194.wpuziewicz.com_OUSPRD_110222090840|2|1|max_pdbs|254|4098|TRUE
rac194.wpuziewicz.com_OUSPRD_110222090840|2|1|cdb_cluster|FALSE|FALSE|TRUE
rac194.wpuziewicz.com_OUSPRD_110222090840|2|1|cdb_cluster_name||NONE|TRUE
rac194.wpuziewicz.com_OUSPRD_110222090840|2|1|standby_pdb_source_file_directory|||TRUE
rac194.wpuziewicz.com_OUSPRD_110222090840|2|1|standby_pdb_source_file_dblink|||TRUE
rac194.wpuziewicz.com_OUSPRD_110222090840|2|1|remote_recovery_file_dest||NONE|TRUE
rac194.wpuziewicz.com_OUSPRD_110222090840|2|1|disable_pdb_feature|0|0|TRUE
rac194.wpuziewicz.com_OUSPRD_110222090840|2|1|containers_parallel_degree|65535|65535|TRUE
rac194.wpuziewicz.com_OUSPRD_110222090840|2|1|default_sharing|metadata|metadata|TRUE
rac194.wpuziewicz.com_OUSPRD_110222090840|2|1|pdb_lockdown|||TRUE
rac194.wpuziewicz.com_OUSPRD_110222090840|2|1|pdb_template|||TRUE
rac194.wpuziewicz.com_OUSPRD_110222090840|2|1|shrd_dupl_table_refresh_rate|60|60|TRUE
rac194.wpuziewicz.com_OUSPRD_110222090840|2|1|multishard_query_data_consistency|strong|strong|TRUE
rac194.wpuziewicz.com_OUSPRD_110222090840|2|1|multishard_query_partial_results|not allowed|not allowed|TRUE
