 
PKEY|CON_ID|OWNER|TYPE|SUM_NR_LINES|QT_OBJS|SUM_NR_LINES_W_UTL|SUM_NR_LINES_W_DBMS|COUNT_EXEC_IM|COUNT_DBMS_SQL|SUM_NR_LINES_W_DBMS_UTL|SUM_COUNT_TOTAL
rac194.wpuziewicz.com_OUSPRD_110222090840|3|PERFSTAT|PACKAGE|348|1|0|0|0|0|0|348
rac194.wpuziewicz.com_OUSPRD_110222090840|3|OE|TYPE|145|33|0|0|0|0|0|145
rac194.wpuziewicz.com_OUSPRD_110222090840|3|HR|TRIGGER|12|2|0|0|0|0|0|12
rac194.wpuziewicz.com_OUSPRD_110222090840|3|PM|TYPE|17|3|0|0|0|0|0|17
rac194.wpuziewicz.com_OUSPRD_110222090840|4|PERFSTAT|PACKAGE BODY|5817|1|8|2|0|0|0|5817
rac194.wpuziewicz.com_OUSPRD_110222090840|3|PERFSTAT|PROCEDURE|7|1|0|0|0|0|0|7
rac194.wpuziewicz.com_OUSPRD_110222090840|3|PERFSTAT|PACKAGE BODY|5817|1|8|2|0|0|0|5817
rac194.wpuziewicz.com_OUSPRD_110222090840|3|WP|PACKAGE BODY|7|1|0|0|0|0|0|7
rac194.wpuziewicz.com_OUSPRD_110222090840|4|PERFSTAT|PACKAGE|348|1|0|0|0|0|0|348
rac194.wpuziewicz.com_OUSPRD_110222090840|1|PERFSTAT|PACKAGE|348|1|0|0|0|0|0|348
rac194.wpuziewicz.com_OUSPRD_110222090840|3|WP|PACKAGE|3|1|0|0|0|0|0|3
rac194.wpuziewicz.com_OUSPRD_110222090840|3|OE|TYPE BODY|23|3|0|0|0|0|0|23
rac194.wpuziewicz.com_OUSPRD_110222090840|3|OE|TRIGGER|31|4|0|0|0|0|0|31
rac194.wpuziewicz.com_OUSPRD_110222090840|1|PERFSTAT|PACKAGE BODY|5817|1|8|2|0|0|0|5817
rac194.wpuziewicz.com_OUSPRD_110222090840|3|OE|FUNCTION|15|1|0|0|0|0|0|15
rac194.wpuziewicz.com_OUSPRD_110222090840|3|HR|PROCEDURE|22|2|0|0|0|0|0|22
rac194.wpuziewicz.com_OUSPRD_110222090840|3|IX|TYPE|9|1|0|0|0|0|0|9
rac194.wpuziewicz.com_OUSPRD_110222090840|3|WP|FUNCTION|7|1|0|0|0|0|0|7
