 
PKEY|DBID|INSTANCE_NUMBER|HO|FUNCTION_NAME|SM_READ_MB_DELTA_VALUE_P95|SM_WRITE_MB_DELTA_VALUE_P95|SM_READ_RQ_DELTA_VALUE_P95|SM_WRITE_RQ_DELTA_VALUE_P95|LG_READ_MB_DELTA_VALUE_P95|LG_WRITE_MB_DELTA_VALUE_P95|LG_READ_RQ_DELTA_VALUE_P95|LG_WRITE_RQ_DELTA_VALUE_P95|NO_IOWAIT_DELTA_VALUE_P95|TOT_WATIME_DELTA_VALUE_P95|TOTAL_READS_MB_P95|TOTAL_READS_REQ_P95|TOTAL_WRITES_MB_P95|TOTAL_WRITE_REQ_P95
rac194.wpuziewicz.com_OUSPRD_110222090840|203789423|1|00|XDB|0|0|0|0|0|0|0|0|0|0|0|0|0|0
rac194.wpuziewicz.com_OUSPRD_110222090840|203789423|1|01|XDB|0|0|0|0|0|0|0|0|0|0|0|0|0|0
rac194.wpuziewicz.com_OUSPRD_110222090840|203789423|1|02|XDB|0|0|0|0|0|0|0|0|0|0|0|0|0|0
rac194.wpuziewicz.com_OUSPRD_110222090840|203789423|1|03|XDB|0|0|0|0|0|0|0|0|0|0|0|0|0|0
rac194.wpuziewicz.com_OUSPRD_110222090840|203789423|1|04|XDB|0|0|0|0|0|0|0|0|0|0|0|0|0|0
rac194.wpuziewicz.com_OUSPRD_110222090840|203789423|1|05|XDB|0|0|0|0|0|0|0|0|0|0|0|0|0|0
rac194.wpuziewicz.com_OUSPRD_110222090840|203789423|1|06|XDB|0|0|0|0|0|0|0|0|0|0|0|0|0|0
rac194.wpuziewicz.com_OUSPRD_110222090840|203789423|1|07|XDB|0|0|0|0|0|0|0|0|0|0|0|0|0|0
rac194.wpuziewicz.com_OUSPRD_110222090840|203789423|1|08|XDB|0|0|0|0|0|0|0|0|0|0|0|0|0|0
rac194.wpuziewicz.com_OUSPRD_110222090840|203789423|1|09|XDB|0|0|0|0|0|0|0|0|0|0|0|0|0|0
rac194.wpuziewicz.com_OUSPRD_110222090840|203789423|1|10|XDB|0|0|0|0|0|0|0|0|0|0|0|0|0|0
rac194.wpuziewicz.com_OUSPRD_110222090840|203789423|1|11|XDB|0|0|0|0|0|0|0|0|0|0|0|0|0|0
rac194.wpuziewicz.com_OUSPRD_110222090840|203789423|1|12|XDB|0|0|0|0|0|0|0|0|0|0|0|0|0|0
rac194.wpuziewicz.com_OUSPRD_110222090840|203789423|1|13|XDB|0|0|0|0|0|0|0|0|0|0|0|0|0|0
rac194.wpuziewicz.com_OUSPRD_110222090840|203789423|1|14|XDB|0|0|0|0|0|0|0|0|0|0|0|0|0|0
rac194.wpuziewicz.com_OUSPRD_110222090840|203789423|1|15|XDB|0|0|0|0|0|0|0|0|0|0|0|0|0|0
rac194.wpuziewicz.com_OUSPRD_110222090840|203789423|1|16|XDB|0|0|0|0|0|0|0|0|0|0|0|0|0|0
rac194.wpuziewicz.com_OUSPRD_110222090840|203789423|1|17|XDB|0|0|0|0|0|0|0|0|0|0|0|0|0|0
rac194.wpuziewicz.com_OUSPRD_110222090840|203789423|1|18|XDB|0|0|0|0|0|0|0|0|0|0|0|0|0|0
rac194.wpuziewicz.com_OUSPRD_110222090840|203789423|1|19|XDB|0|0|0|0|0|0|0|0|0|0|0|0|0|0
rac194.wpuziewicz.com_OUSPRD_110222090840|203789423|1|20|XDB|0|0|0|0|0|0|0|0|0|0|0|0|0|0
rac194.wpuziewicz.com_OUSPRD_110222090840|203789423|1|21|XDB|0|0|0|0|0|0|0|0|0|0|0|0|0|0
rac194.wpuziewicz.com_OUSPRD_110222090840|203789423|1|22|XDB|0|0|0|0|0|0|0|0|0|0|0|0|0|0
rac194.wpuziewicz.com_OUSPRD_110222090840|203789423|1|23|XDB|0|0|0|0|0|0|0|0|0|0|0|0|0|0
rac194.wpuziewicz.com_OUSPRD_110222090840|203789423|1|00|ARCH|0|0|0|0|0|0|0|0|0|0|0|0|0|0
rac194.wpuziewicz.com_OUSPRD_110222090840|203789423|1|01|ARCH|0|0|0|0|0|0|0|0|0|0|0|0|0|0
rac194.wpuziewicz.com_OUSPRD_110222090840|203789423|1|02|ARCH|0|0|0|0|0|0|0|0|0|0|0|0|0|0
rac194.wpuziewicz.com_OUSPRD_110222090840|203789423|1|03|ARCH|0|0|0|0|0|0|0|0|0|0|0|0|0|0
rac194.wpuziewicz.com_OUSPRD_110222090840|203789423|1|04|ARCH|0|0|0|0|0|0|0|0|0|0|0|0|0|0
rac194.wpuziewicz.com_OUSPRD_110222090840|203789423|1|05|ARCH|0|0|0|0|0|0|0|0|0|0|0|0|0|0
rac194.wpuziewicz.com_OUSPRD_110222090840|203789423|1|06|ARCH|0|0|0|0|0|0|0|0|0|0|0|0|0|0
rac194.wpuziewicz.com_OUSPRD_110222090840|203789423|1|07|ARCH|0|0|0|0|0|0|0|0|0|0|0|0|0|0
rac194.wpuziewicz.com_OUSPRD_110222090840|203789423|1|08|ARCH|0|0|0|0|0|0|0|0|0|0|0|0|0|0
rac194.wpuziewicz.com_OUSPRD_110222090840|203789423|1|09|ARCH|0|0|0|0|0|0|0|0|0|0|0|0|0|0
rac194.wpuziewicz.com_OUSPRD_110222090840|203789423|1|10|ARCH|0|0|0|0|0|0|0|0|0|0|0|0|0|0
rac194.wpuziewicz.com_OUSPRD_110222090840|203789423|1|11|ARCH|0|0|0|0|0|0|0|0|0|0|0|0|0|0
rac194.wpuziewicz.com_OUSPRD_110222090840|203789423|1|12|ARCH|0|0|0|0|0|0|0|0|0|0|0|0|0|0
rac194.wpuziewicz.com_OUSPRD_110222090840|203789423|1|13|ARCH|0|0|0|0|0|0|0|0|0|0|0|0|0|0
rac194.wpuziewicz.com_OUSPRD_110222090840|203789423|1|14|ARCH|0|0|0|0|0|0|0|0|0|0|0|0|0|0
rac194.wpuziewicz.com_OUSPRD_110222090840|203789423|1|15|ARCH|0|0|0|0|0|0|0|0|0|0|0|0|0|0
rac194.wpuziewicz.com_OUSPRD_110222090840|203789423|1|16|ARCH|0|0|0|0|0|0|0|0|0|0|0|0|0|0
rac194.wpuziewicz.com_OUSPRD_110222090840|203789423|1|17|ARCH|0|0|0|0|0|0|0|0|0|0|0|0|0|0
rac194.wpuziewicz.com_OUSPRD_110222090840|203789423|1|18|ARCH|0|0|0|0|0|0|0|0|0|0|0|0|0|0
rac194.wpuziewicz.com_OUSPRD_110222090840|203789423|1|19|ARCH|0|0|0|0|0|0|0|0|0|0|0|0|0|0
rac194.wpuziewicz.com_OUSPRD_110222090840|203789423|1|20|ARCH|0|0|0|0|0|0|0|0|0|0|0|0|0|0
rac194.wpuziewicz.com_OUSPRD_110222090840|203789423|1|21|ARCH|0|0|0|0|0|0|0|0|0|0|0|0|0|0
rac194.wpuziewicz.com_OUSPRD_110222090840|203789423|1|22|ARCH|0|0|0|0|0|0|0|0|0|0|0|0|0|0
rac194.wpuziewicz.com_OUSPRD_110222090840|203789423|1|23|ARCH|0|0|0|0|0|0|0|0|0|0|0|0|0|0
rac194.wpuziewicz.com_OUSPRD_110222090840|203789423|1|00|DBWR|0|87|7|5718|0|41|0|329|7|6|0|7|128|6046
rac194.wpuziewicz.com_OUSPRD_110222090840|203789423|1|01|DBWR|0|39|7|3355|0|21|0|171|7|34|0|7|60|3525
rac194.wpuziewicz.com_OUSPRD_110222090840|203789423|1|02|DBWR|0|47|7|3978|0|22|0|174|7|5|0|7|69|4152
rac194.wpuziewicz.com_OUSPRD_110222090840|203789423|1|03|DBWR|1|32|7|2928|0|18|0|140|7|4|1|7|50|3068
rac194.wpuziewicz.com_OUSPRD_110222090840|203789423|1|04|DBWR|0|34|7|2977|0|17|0|138|7|5|0|7|51|3115
rac194.wpuziewicz.com_OUSPRD_110222090840|203789423|1|05|DBWR|0|39|7|3483|0|19|0|150|7|6|0|7|58|3633
rac194.wpuziewicz.com_OUSPRD_110222090840|203789423|1|06|DBWR|0|41|7|3895|0|22|0|177|7|4|0|7|64|4072
rac194.wpuziewicz.com_OUSPRD_110222090840|203789423|1|07|DBWR|1|35|7|3016|0|20|0|162|7|4|1|7|56|3178
rac194.wpuziewicz.com_OUSPRD_110222090840|203789423|1|08|DBWR|1|42|14|3499|0|21|0|165|14|8|1|14|63|3665
rac194.wpuziewicz.com_OUSPRD_110222090840|203789423|1|09|DBWR|0|26|7|2128|0|16|0|123|7|4|0|7|41|2252
rac194.wpuziewicz.com_OUSPRD_110222090840|203789423|1|10|DBWR|0|30|7|2592|0|16|0|130|7|4|0|7|46|2722
rac194.wpuziewicz.com_OUSPRD_110222090840|203789423|1|11|DBWR|0|28|7|2497|0|18|0|144|7|4|0|7|46|2641
rac194.wpuziewicz.com_OUSPRD_110222090840|203789423|1|12|DBWR|0|44|7|3653|0|18|0|144|7|7|0|7|62|3796
rac194.wpuziewicz.com_OUSPRD_110222090840|203789423|1|13|DBWR|1|39|14|3290|0|23|0|185|14|9|1|14|62|3475
rac194.wpuziewicz.com_OUSPRD_110222090840|203789423|1|14|DBWR|0|45|14|3832|0|20|0|157|14|5|0|14|64|3989
rac194.wpuziewicz.com_OUSPRD_110222090840|203789423|1|15|DBWR|0|39|7|3354|0|21|0|167|7|7|0|7|60|3521
rac194.wpuziewicz.com_OUSPRD_110222090840|203789423|1|16|DBWR|1|48|14|4191|0|25|0|200|14|26|1|14|73|4391
rac194.wpuziewicz.com_OUSPRD_110222090840|203789423|1|17|DBWR|1|45|14|3675|0|25|0|198|14|19|1|14|70|3873
rac194.wpuziewicz.com_OUSPRD_110222090840|203789423|1|18|DBWR|1|39|13|3367|0|22|0|173|13|8|1|13|61|3540
rac194.wpuziewicz.com_OUSPRD_110222090840|203789423|1|19|DBWR|0|202|7|17594|0|254|0|2035|7|5|0|7|456|19628
rac194.wpuziewicz.com_OUSPRD_110222090840|203789423|1|20|DBWR|1|46|7|4133|0|22|0|175|7|4|1|7|68|4308
rac194.wpuziewicz.com_OUSPRD_110222090840|203789423|1|21|DBWR|0|48|7|3933|0|31|0|246|7|7|0|7|79|4179
rac194.wpuziewicz.com_OUSPRD_110222090840|203789423|1|22|DBWR|0|109|7|8115|0|55|0|441|7|4|0|7|164|8556
rac194.wpuziewicz.com_OUSPRD_110222090840|203789423|1|23|DBWR|0|38|7|3344|0|21|0|168|7|3|0|7|59|3512
rac194.wpuziewicz.com_OUSPRD_110222090840|203789423|1|00|LGWR|24|44|1517|7531|0|206|0|355|1521|53005|24|1517|250|7886
rac194.wpuziewicz.com_OUSPRD_110222090840|203789423|1|01|LGWR|24|29|1519|4093|0|56|0|123|1523|54174|24|1519|85|4216
rac194.wpuziewicz.com_OUSPRD_110222090840|203789423|1|02|LGWR|24|30|1518|4285|0|59|0|136|1522|53792|24|1518|89|4421
rac194.wpuziewicz.com_OUSPRD_110222090840|203789423|1|03|LGWR|24|29|1517|4252|0|61|0|131|1521|55496|24|1517|90|4384
rac194.wpuziewicz.com_OUSPRD_110222090840|203789423|1|04|LGWR|24|29|1517|4269|0|57|0|132|1521|53038|24|1517|86|4401
rac194.wpuziewicz.com_OUSPRD_110222090840|203789423|1|05|LGWR|24|28|1520|4147|0|55|0|131|1524|53909|24|1520|83|4278
rac194.wpuziewicz.com_OUSPRD_110222090840|203789423|1|06|LGWR|24|29|1516|4195|0|58|0|143|1520|51680|24|1516|88|4338
rac194.wpuziewicz.com_OUSPRD_110222090840|203789423|1|07|LGWR|24|30|1519|4289|0|60|0|136|1523|49948|24|1519|90|4425
rac194.wpuziewicz.com_OUSPRD_110222090840|203789423|1|08|LGWR|24|30|1517|4379|0|135|0|209|1521|51856|24|1517|166|4588
rac194.wpuziewicz.com_OUSPRD_110222090840|203789423|1|09|LGWR|24|23|1517|3374|0|55|0|109|1521|48349|24|1517|78|3483
rac194.wpuziewicz.com_OUSPRD_110222090840|203789423|1|10|LGWR|24|25|1519|3980|0|58|0|111|1523|36210|24|1519|83|4091
rac194.wpuziewicz.com_OUSPRD_110222090840|203789423|1|11|LGWR|24|21|1563|3907|0|58|0|112|1571|6466|24|1563|79|4019
rac194.wpuziewicz.com_OUSPRD_110222090840|203789423|1|12|LGWR|24|21|1517|4224|0|55|0|107|1521|2826|24|1517|76|4331
rac194.wpuziewicz.com_OUSPRD_110222090840|203789423|1|13|LGWR|24|26|1519|4021|0|58|0|135|1523|48824|24|1519|84|4156
rac194.wpuziewicz.com_OUSPRD_110222090840|203789423|1|14|LGWR|24|28|1517|4004|0|62|0|148|1521|48870|24|1517|89|4152
rac194.wpuziewicz.com_OUSPRD_110222090840|203789423|1|15|LGWR|24|30|1517|4231|0|64|0|141|1521|53643|24|1517|94|4372
rac194.wpuziewicz.com_OUSPRD_110222090840|203789423|1|16|LGWR|24|29|1517|4603|0|71|0|158|1521|52718|24|1517|100|4761
rac194.wpuziewicz.com_OUSPRD_110222090840|203789423|1|17|LGWR|24|28|1536|4329|0|70|0|138|1543|52405|24|1536|98|4467
rac194.wpuziewicz.com_OUSPRD_110222090840|203789423|1|18|LGWR|24|27|1517|3981|0|59|0|124|1521|49212|24|1517|86|4105
rac194.wpuziewicz.com_OUSPRD_110222090840|203789423|1|19|LGWR|24|42|1516|4928|0|1157|0|1523|1520|48305|24|1516|1199|6451
rac194.wpuziewicz.com_OUSPRD_110222090840|203789423|1|20|LGWR|24|28|1517|4380|0|62|0|131|1521|50927|24|1517|90|4511
rac194.wpuziewicz.com_OUSPRD_110222090840|203789423|1|21|LGWR|24|29|1519|4808|0|71|0|159|1523|49670|24|1519|100|4967
rac194.wpuziewicz.com_OUSPRD_110222090840|203789423|1|22|LGWR|24|51|1516|6654|0|169|0|413|1520|53342|24|1516|220|7068
rac194.wpuziewicz.com_OUSPRD_110222090840|203789423|1|23|LGWR|24|32|1521|4780|0|61|0|145|1528|54694|24|1521|92|4925
rac194.wpuziewicz.com_OUSPRD_110222090840|203789423|1|00|RMAN|43|12|2861|761|1595|1527|3084|1529|4545|2227|1638|5945|1539|2290
rac194.wpuziewicz.com_OUSPRD_110222090840|203789423|1|01|RMAN|0|0|0|0|0|0|0|0|0|0|0|0|0|0
rac194.wpuziewicz.com_OUSPRD_110222090840|203789423|1|02|RMAN|0|0|0|0|0|0|0|0|0|0|0|0|0|0
rac194.wpuziewicz.com_OUSPRD_110222090840|203789423|1|03|RMAN|0|0|0|0|0|0|0|0|0|0|0|0|0|0
rac194.wpuziewicz.com_OUSPRD_110222090840|203789423|1|04|RMAN|0|0|0|0|0|0|0|0|0|0|0|0|0|0
rac194.wpuziewicz.com_OUSPRD_110222090840|203789423|1|05|RMAN|43|10|2932|660|1032|969|1998|970|4159|1925|1075|4930|979|1629
rac194.wpuziewicz.com_OUSPRD_110222090840|203789423|1|06|RMAN|32|12|2093|726|1018|944|1926|945|3287|2425|1050|4018|955|1671
rac194.wpuziewicz.com_OUSPRD_110222090840|203789423|1|07|RMAN|0|0|0|0|0|0|0|0|0|0|0|0|0|0
rac194.wpuziewicz.com_OUSPRD_110222090840|203789423|1|08|RMAN|0|0|0|0|0|0|0|0|0|0|0|0|0|0
rac194.wpuziewicz.com_OUSPRD_110222090840|203789423|1|09|RMAN|0|0|0|0|0|0|0|0|0|0|0|0|0|0
rac194.wpuziewicz.com_OUSPRD_110222090840|203789423|1|10|RMAN|0|0|0|0|0|0|0|0|0|0|0|0|0|0
rac194.wpuziewicz.com_OUSPRD_110222090840|203789423|1|11|RMAN|44|11|3043|714|936|866|1766|869|3901|1650|980|4809|877|1584
rac194.wpuziewicz.com_OUSPRD_110222090840|203789423|1|12|RMAN|44|11|2930|728|1053|979|1995|981|4108|1678|1097|4925|990|1709
rac194.wpuziewicz.com_OUSPRD_110222090840|203789423|1|13|RMAN|0|0|0|0|0|0|0|0|0|0|0|0|0|0
rac194.wpuziewicz.com_OUSPRD_110222090840|203789423|1|14|RMAN|0|0|0|0|0|0|0|0|0|0|0|0|0|0
rac194.wpuziewicz.com_OUSPRD_110222090840|203789423|1|15|RMAN|0|0|0|0|0|0|0|0|0|0|0|0|0|0
rac194.wpuziewicz.com_OUSPRD_110222090840|203789423|1|16|RMAN|0|0|0|0|0|0|0|0|0|0|0|0|0|0
rac194.wpuziewicz.com_OUSPRD_110222090840|203789423|1|17|RMAN|44|11|3018|688|911|852|1768|853|4002|4472|955|4786|863|1541
rac194.wpuziewicz.com_OUSPRD_110222090840|203789423|1|18|RMAN|31|11|2037|721|936|884|1776|886|2611|1296|966|3813|895|1607
rac194.wpuziewicz.com_OUSPRD_110222090840|203789423|1|19|RMAN|0|0|0|0|0|0|0|0|0|0|0|0|0|0
rac194.wpuziewicz.com_OUSPRD_110222090840|203789423|1|20|RMAN|0|0|0|0|0|0|0|0|0|0|0|0|0|0
rac194.wpuziewicz.com_OUSPRD_110222090840|203789423|1|21|RMAN|0|0|0|0|0|0|0|0|0|0|0|0|0|0
rac194.wpuziewicz.com_OUSPRD_110222090840|203789423|1|22|RMAN|0|0|0|0|0|0|0|0|0|0|0|0|0|0
rac194.wpuziewicz.com_OUSPRD_110222090840|203789423|1|23|RMAN|29|5|1921|321|1439|1432|2887|1432|3171|3108|1467|4808|1437|1753
rac194.wpuziewicz.com_OUSPRD_110222090840|203789423|1|00|Others|141|24|9123|1542|393|157|494|167|9439|242056|534|9617|181|1709
rac194.wpuziewicz.com_OUSPRD_110222090840|203789423|1|01|Others|87|23|5672|1448|85|47|99|49|5738|192407|172|5771|69|1497
rac194.wpuziewicz.com_OUSPRD_110222090840|203789423|1|02|Others|89|24|5798|1545|88|57|106|60|5864|194513|177|5904|80|1605
rac194.wpuziewicz.com_OUSPRD_110222090840|203789423|1|03|Others|88|24|5714|1533|85|46|100|47|5790|199601|173|5814|70|1580
rac194.wpuziewicz.com_OUSPRD_110222090840|203789423|1|04|Others|87|23|5689|1522|87|46|101|48|5766|199965|174|5790|69|1570
rac194.wpuziewicz.com_OUSPRD_110222090840|203789423|1|05|Others|119|25|7681|1475|120|42|180|42|7865|197470|239|7861|66|1518
rac194.wpuziewicz.com_OUSPRD_110222090840|203789423|1|06|Others|141|24|9123|1501|247|46|354|48|9433|201056|388|9477|70|1549
rac194.wpuziewicz.com_OUSPRD_110222090840|203789423|1|07|Others|89|24|5750|1462|85|42|97|43|5801|192117|174|5846|66|1505
rac194.wpuziewicz.com_OUSPRD_110222090840|203789423|1|08|Others|88|24|5646|1492|126|83|138|86|5718|198100|214|5785|107|1577
rac194.wpuziewicz.com_OUSPRD_110222090840|203789423|1|09|Others|88|20|5685|1244|87|36|102|38|5757|199478|175|5787|56|1282
rac194.wpuziewicz.com_OUSPRD_110222090840|203789423|1|10|Others|88|22|5723|1450|86|46|99|47|5800|140952|174|5822|68|1497
rac194.wpuziewicz.com_OUSPRD_110222090840|203789423|1|11|Others|149|20|9598|1343|227|48|328|50|9928|26938|375|9926|68|1392
rac194.wpuziewicz.com_OUSPRD_110222090840|203789423|1|12|Others|142|19|9253|1247|250|55|353|56|9606|18533|392|9606|74|1303
rac194.wpuziewicz.com_OUSPRD_110222090840|203789423|1|13|Others|88|20|5706|1295|88|46|102|49|5785|172571|176|5807|66|1344
rac194.wpuziewicz.com_OUSPRD_110222090840|203789423|1|14|Others|88|24|5726|1495|87|47|100|49|5796|178111|175|5826|71|1544
rac194.wpuziewicz.com_OUSPRD_110222090840|203789423|1|15|Others|89|24|5734|1533|84|49|100|50|5811|194482|173|5834|72|1582
rac194.wpuziewicz.com_OUSPRD_110222090840|203789423|1|16|Others|88|23|5674|1499|91|58|105|61|5753|191212|179|5779|80|1560
rac194.wpuziewicz.com_OUSPRD_110222090840|203789423|1|17|Others|122|23|7818|1533|137|48|209|50|8038|193326|259|8027|71|1583
rac194.wpuziewicz.com_OUSPRD_110222090840|203789423|1|18|Others|153|23|9901|1399|237|48|328|50|10211|186794|390|10229|71|1449
rac194.wpuziewicz.com_OUSPRD_110222090840|203789423|1|19|Others|89|24|5820|1525|626|527|647|531|5852|187481|715|6468|551|2056
rac194.wpuziewicz.com_OUSPRD_110222090840|203789423|1|20|Others|88|23|5642|1471|89|49|105|55|5716|198901|177|5747|72|1527
rac194.wpuziewicz.com_OUSPRD_110222090840|203789423|1|21|Others|88|23|5706|1476|89|50|102|54|5776|195283|177|5807|73|1530
rac194.wpuziewicz.com_OUSPRD_110222090840|203789423|1|22|Others|90|24|5932|1546|351|106|362|122|5904|189878|441|6294|130|1669
rac194.wpuziewicz.com_OUSPRD_110222090840|203789423|1|23|Others|103|23|6655|1544|107|46|141|48|6761|198665|210|6795|69|1592
rac194.wpuziewicz.com_OUSPRD_110222090840|203789423|1|00|Recovery|0|0|0|0|0|0|0|0|0|0|0|0|0|0
rac194.wpuziewicz.com_OUSPRD_110222090840|203789423|1|01|Recovery|0|0|0|0|0|0|0|0|0|0|0|0|0|0
rac194.wpuziewicz.com_OUSPRD_110222090840|203789423|1|02|Recovery|0|0|0|0|0|0|0|0|0|0|0|0|0|0
rac194.wpuziewicz.com_OUSPRD_110222090840|203789423|1|03|Recovery|0|0|0|0|0|0|0|0|0|0|0|0|0|0
rac194.wpuziewicz.com_OUSPRD_110222090840|203789423|1|04|Recovery|0|0|0|0|0|0|0|0|0|0|0|0|0|0
rac194.wpuziewicz.com_OUSPRD_110222090840|203789423|1|05|Recovery|0|0|0|0|0|0|0|0|0|0|0|0|0|0
rac194.wpuziewicz.com_OUSPRD_110222090840|203789423|1|06|Recovery|0|0|0|0|0|0|0|0|0|0|0|0|0|0
rac194.wpuziewicz.com_OUSPRD_110222090840|203789423|1|07|Recovery|0|0|0|0|0|0|0|0|0|0|0|0|0|0
rac194.wpuziewicz.com_OUSPRD_110222090840|203789423|1|08|Recovery|0|0|0|0|0|0|0|0|0|0|0|0|0|0
rac194.wpuziewicz.com_OUSPRD_110222090840|203789423|1|09|Recovery|0|0|0|0|0|0|0|0|0|0|0|0|0|0
rac194.wpuziewicz.com_OUSPRD_110222090840|203789423|1|10|Recovery|0|0|0|0|0|0|0|0|0|0|0|0|0|0
rac194.wpuziewicz.com_OUSPRD_110222090840|203789423|1|11|Recovery|0|0|0|0|0|0|0|0|0|0|0|0|0|0
rac194.wpuziewicz.com_OUSPRD_110222090840|203789423|1|12|Recovery|0|0|0|0|0|0|0|0|0|0|0|0|0|0
rac194.wpuziewicz.com_OUSPRD_110222090840|203789423|1|13|Recovery|0|0|0|0|0|0|0|0|0|0|0|0|0|0
rac194.wpuziewicz.com_OUSPRD_110222090840|203789423|1|14|Recovery|0|0|0|0|0|0|0|0|0|0|0|0|0|0
rac194.wpuziewicz.com_OUSPRD_110222090840|203789423|1|15|Recovery|0|0|0|0|0|0|0|0|0|0|0|0|0|0
rac194.wpuziewicz.com_OUSPRD_110222090840|203789423|1|16|Recovery|0|0|0|0|0|0|0|0|0|0|0|0|0|0
rac194.wpuziewicz.com_OUSPRD_110222090840|203789423|1|17|Recovery|0|0|0|0|0|0|0|0|0|0|0|0|0|0
rac194.wpuziewicz.com_OUSPRD_110222090840|203789423|1|18|Recovery|0|0|0|0|0|0|0|0|0|0|0|0|0|0
rac194.wpuziewicz.com_OUSPRD_110222090840|203789423|1|19|Recovery|0|0|0|0|0|0|0|0|0|0|0|0|0|0
rac194.wpuziewicz.com_OUSPRD_110222090840|203789423|1|20|Recovery|0|0|0|0|0|0|0|0|0|0|0|0|0|0
rac194.wpuziewicz.com_OUSPRD_110222090840|203789423|1|21|Recovery|0|0|0|0|0|0|0|0|0|0|0|0|0|0
rac194.wpuziewicz.com_OUSPRD_110222090840|203789423|1|22|Recovery|0|0|0|0|0|0|0|0|0|0|0|0|0|0
rac194.wpuziewicz.com_OUSPRD_110222090840|203789423|1|23|Recovery|0|0|0|0|0|0|0|0|0|0|0|0|0|0
rac194.wpuziewicz.com_OUSPRD_110222090840|203789423|1|00|Data Pump|0|0|0|0|0|0|0|0|0|0|0|0|0|0
rac194.wpuziewicz.com_OUSPRD_110222090840|203789423|1|01|Data Pump|0|0|0|0|0|0|0|0|0|0|0|0|0|0
rac194.wpuziewicz.com_OUSPRD_110222090840|203789423|1|02|Data Pump|0|0|0|0|0|0|0|0|0|0|0|0|0|0
rac194.wpuziewicz.com_OUSPRD_110222090840|203789423|1|03|Data Pump|0|0|0|0|0|0|0|0|0|0|0|0|0|0
rac194.wpuziewicz.com_OUSPRD_110222090840|203789423|1|04|Data Pump|0|0|0|0|0|0|0|0|0|0|0|0|0|0
rac194.wpuziewicz.com_OUSPRD_110222090840|203789423|1|05|Data Pump|0|0|0|0|0|0|0|0|0|0|0|0|0|0
rac194.wpuziewicz.com_OUSPRD_110222090840|203789423|1|06|Data Pump|0|0|0|0|0|0|0|0|0|0|0|0|0|0
rac194.wpuziewicz.com_OUSPRD_110222090840|203789423|1|07|Data Pump|0|0|0|0|0|0|0|0|0|0|0|0|0|0
rac194.wpuziewicz.com_OUSPRD_110222090840|203789423|1|08|Data Pump|0|0|0|0|0|0|0|0|0|0|0|0|0|0
rac194.wpuziewicz.com_OUSPRD_110222090840|203789423|1|09|Data Pump|0|0|0|0|0|0|0|0|0|0|0|0|0|0
rac194.wpuziewicz.com_OUSPRD_110222090840|203789423|1|10|Data Pump|0|0|0|0|0|0|0|0|0|0|0|0|0|0
rac194.wpuziewicz.com_OUSPRD_110222090840|203789423|1|11|Data Pump|0|0|0|0|0|0|0|0|0|0|0|0|0|0
rac194.wpuziewicz.com_OUSPRD_110222090840|203789423|1|12|Data Pump|0|0|0|0|0|0|0|0|0|0|0|0|0|0
rac194.wpuziewicz.com_OUSPRD_110222090840|203789423|1|13|Data Pump|0|0|0|0|0|0|0|0|0|0|0|0|0|0
rac194.wpuziewicz.com_OUSPRD_110222090840|203789423|1|14|Data Pump|0|0|0|0|0|0|0|0|0|0|0|0|0|0
rac194.wpuziewicz.com_OUSPRD_110222090840|203789423|1|15|Data Pump|0|0|0|0|0|0|0|0|0|0|0|0|0|0
rac194.wpuziewicz.com_OUSPRD_110222090840|203789423|1|16|Data Pump|0|0|0|0|0|0|0|0|0|0|0|0|0|0
rac194.wpuziewicz.com_OUSPRD_110222090840|203789423|1|17|Data Pump|0|0|0|0|0|0|0|0|0|0|0|0|0|0
rac194.wpuziewicz.com_OUSPRD_110222090840|203789423|1|18|Data Pump|0|0|0|0|0|0|0|0|0|0|0|0|0|0
rac194.wpuziewicz.com_OUSPRD_110222090840|203789423|1|19|Data Pump|0|0|0|0|0|0|0|0|0|0|0|0|0|0
rac194.wpuziewicz.com_OUSPRD_110222090840|203789423|1|20|Data Pump|0|0|0|0|0|0|0|0|0|0|0|0|0|0
rac194.wpuziewicz.com_OUSPRD_110222090840|203789423|1|21|Data Pump|0|0|0|0|0|0|0|0|0|0|0|0|0|0
rac194.wpuziewicz.com_OUSPRD_110222090840|203789423|1|22|Data Pump|0|0|0|0|0|0|0|0|0|0|0|0|0|0
rac194.wpuziewicz.com_OUSPRD_110222090840|203789423|1|23|Data Pump|0|0|0|0|0|0|0|0|0|0|0|0|0|0
rac194.wpuziewicz.com_OUSPRD_110222090840|203789423|1|00|Smart Scan|0|0|0|0|0|0|0|0|0|0|0|0|0|0
rac194.wpuziewicz.com_OUSPRD_110222090840|203789423|1|01|Smart Scan|0|0|0|0|0|0|0|0|0|0|0|0|0|0
rac194.wpuziewicz.com_OUSPRD_110222090840|203789423|1|02|Smart Scan|0|0|0|0|0|0|0|0|0|0|0|0|0|0
rac194.wpuziewicz.com_OUSPRD_110222090840|203789423|1|03|Smart Scan|0|0|0|0|0|0|0|0|0|0|0|0|0|0
rac194.wpuziewicz.com_OUSPRD_110222090840|203789423|1|04|Smart Scan|0|0|0|0|0|0|0|0|0|0|0|0|0|0
rac194.wpuziewicz.com_OUSPRD_110222090840|203789423|1|05|Smart Scan|0|0|0|0|0|0|0|0|0|0|0|0|0|0
rac194.wpuziewicz.com_OUSPRD_110222090840|203789423|1|06|Smart Scan|0|0|0|0|0|0|0|0|0|0|0|0|0|0
rac194.wpuziewicz.com_OUSPRD_110222090840|203789423|1|07|Smart Scan|0|0|0|0|0|0|0|0|0|0|0|0|0|0
rac194.wpuziewicz.com_OUSPRD_110222090840|203789423|1|08|Smart Scan|0|0|0|0|0|0|0|0|0|0|0|0|0|0
rac194.wpuziewicz.com_OUSPRD_110222090840|203789423|1|09|Smart Scan|0|0|0|0|0|0|0|0|0|0|0|0|0|0
rac194.wpuziewicz.com_OUSPRD_110222090840|203789423|1|10|Smart Scan|0|0|0|0|0|0|0|0|0|0|0|0|0|0
rac194.wpuziewicz.com_OUSPRD_110222090840|203789423|1|11|Smart Scan|0|0|0|0|0|0|0|0|0|0|0|0|0|0
rac194.wpuziewicz.com_OUSPRD_110222090840|203789423|1|12|Smart Scan|0|0|0|0|0|0|0|0|0|0|0|0|0|0
rac194.wpuziewicz.com_OUSPRD_110222090840|203789423|1|13|Smart Scan|0|0|0|0|0|0|0|0|0|0|0|0|0|0
rac194.wpuziewicz.com_OUSPRD_110222090840|203789423|1|14|Smart Scan|0|0|0|0|0|0|0|0|0|0|0|0|0|0
rac194.wpuziewicz.com_OUSPRD_110222090840|203789423|1|15|Smart Scan|0|0|0|0|0|0|0|0|0|0|0|0|0|0
rac194.wpuziewicz.com_OUSPRD_110222090840|203789423|1|16|Smart Scan|0|0|0|0|0|0|0|0|0|0|0|0|0|0
rac194.wpuziewicz.com_OUSPRD_110222090840|203789423|1|17|Smart Scan|0|0|0|0|0|0|0|0|0|0|0|0|0|0
rac194.wpuziewicz.com_OUSPRD_110222090840|203789423|1|18|Smart Scan|0|0|0|0|0|0|0|0|0|0|0|0|0|0
rac194.wpuziewicz.com_OUSPRD_110222090840|203789423|1|19|Smart Scan|0|0|0|0|0|0|0|0|0|0|0|0|0|0
rac194.wpuziewicz.com_OUSPRD_110222090840|203789423|1|20|Smart Scan|0|0|0|0|0|0|0|0|0|0|0|0|0|0
rac194.wpuziewicz.com_OUSPRD_110222090840|203789423|1|21|Smart Scan|0|0|0|0|0|0|0|0|0|0|0|0|0|0
rac194.wpuziewicz.com_OUSPRD_110222090840|203789423|1|22|Smart Scan|0|0|0|0|0|0|0|0|0|0|0|0|0|0
rac194.wpuziewicz.com_OUSPRD_110222090840|203789423|1|23|Smart Scan|0|0|0|0|0|0|0|0|0|0|0|0|0|0
rac194.wpuziewicz.com_OUSPRD_110222090840|203789423|1|00|Streams AQ|2|0|198|0|0|0|0|0|198|1262|2|198|0|0
rac194.wpuziewicz.com_OUSPRD_110222090840|203789423|1|01|Streams AQ|0|0|32|0|0|0|0|0|32|706|0|32|0|0
rac194.wpuziewicz.com_OUSPRD_110222090840|203789423|1|02|Streams AQ|0|0|5|0|0|0|0|0|5|131|0|5|0|0
rac194.wpuziewicz.com_OUSPRD_110222090840|203789423|1|03|Streams AQ|0|0|7|0|0|0|0|0|7|166|0|7|0|0
rac194.wpuziewicz.com_OUSPRD_110222090840|203789423|1|04|Streams AQ|0|0|8|0|0|0|0|0|8|298|0|8|0|0
rac194.wpuziewicz.com_OUSPRD_110222090840|203789423|1|05|Streams AQ|0|0|7|0|0|0|0|0|7|228|0|7|0|0
rac194.wpuziewicz.com_OUSPRD_110222090840|203789423|1|06|Streams AQ|0|0|5|0|0|0|0|0|5|180|0|5|0|0
rac194.wpuziewicz.com_OUSPRD_110222090840|203789423|1|07|Streams AQ|0|0|11|0|0|0|0|0|11|152|0|11|0|0
rac194.wpuziewicz.com_OUSPRD_110222090840|203789423|1|08|Streams AQ|0|0|14|0|0|0|0|0|14|189|0|14|0|0
rac194.wpuziewicz.com_OUSPRD_110222090840|203789423|1|09|Streams AQ|0|0|6|0|0|0|0|0|6|140|0|6|0|0
rac194.wpuziewicz.com_OUSPRD_110222090840|203789423|1|10|Streams AQ|0|0|3|0|0|0|0|0|3|102|0|3|0|0
rac194.wpuziewicz.com_OUSPRD_110222090840|203789423|1|11|Streams AQ|0|0|5|0|0|0|0|0|5|23|0|5|0|0
rac194.wpuziewicz.com_OUSPRD_110222090840|203789423|1|12|Streams AQ|0|0|15|0|0|0|0|0|15|18|0|15|0|0
rac194.wpuziewicz.com_OUSPRD_110222090840|203789423|1|13|Streams AQ|0|0|7|0|0|0|0|0|7|289|0|7|0|0
rac194.wpuziewicz.com_OUSPRD_110222090840|203789423|1|14|Streams AQ|0|0|3|0|0|0|0|0|3|68|0|3|0|0
rac194.wpuziewicz.com_OUSPRD_110222090840|203789423|1|15|Streams AQ|0|0|7|0|0|0|0|0|7|130|0|7|0|0
rac194.wpuziewicz.com_OUSPRD_110222090840|203789423|1|16|Streams AQ|0|0|19|0|0|0|0|0|18|290|0|19|0|0
rac194.wpuziewicz.com_OUSPRD_110222090840|203789423|1|17|Streams AQ|0|0|8|0|0|0|0|0|8|123|0|8|0|0
rac194.wpuziewicz.com_OUSPRD_110222090840|203789423|1|18|Streams AQ|0|0|3|0|0|0|0|0|3|67|0|3|0|0
rac194.wpuziewicz.com_OUSPRD_110222090840|203789423|1|19|Streams AQ|0|0|8|0|0|0|0|0|8|150|0|8|0|0
rac194.wpuziewicz.com_OUSPRD_110222090840|203789423|1|20|Streams AQ|0|0|8|0|0|0|0|0|8|140|0|8|0|0
rac194.wpuziewicz.com_OUSPRD_110222090840|203789423|1|21|Streams AQ|0|0|8|0|0|0|0|0|8|339|0|8|0|0
rac194.wpuziewicz.com_OUSPRD_110222090840|203789423|1|22|Streams AQ|0|0|6|0|0|0|0|0|6|118|0|6|0|0
rac194.wpuziewicz.com_OUSPRD_110222090840|203789423|1|23|Streams AQ|0|0|24|0|0|0|0|0|24|261|0|24|0|0
rac194.wpuziewicz.com_OUSPRD_110222090840|203789423|1|00|Direct Reads|9991|3887|170793|66719|596699|135|601662|557|0|0|606690|772455|4022|67276
rac194.wpuziewicz.com_OUSPRD_110222090840|203789423|1|01|Direct Reads|9809|3807|165831|64783|632595|164|638407|677|0|0|642404|804238|3971|65460
rac194.wpuziewicz.com_OUSPRD_110222090840|203789423|1|02|Direct Reads|10358|3945|174757|67244|648291|187|654073|771|0|0|658649|828830|4132|68015
rac194.wpuziewicz.com_OUSPRD_110222090840|203789423|1|03|Direct Reads|10401|4023|175847|68889|638441|184|643724|761|0|0|648842|819571|4208|69650
rac194.wpuziewicz.com_OUSPRD_110222090840|203789423|1|04|Direct Reads|10593|4163|180792|71630|642165|169|647509|696|0|0|652758|828302|4332|72327
rac194.wpuziewicz.com_OUSPRD_110222090840|203789423|1|05|Direct Reads|10575|4100|179687|69948|641925|136|647264|563|0|0|652500|826950|4236|70510
rac194.wpuziewicz.com_OUSPRD_110222090840|203789423|1|06|Direct Reads|10425|3977|176728|67690|664760|174|670462|721|0|0|675185|847189|4151|68411
rac194.wpuziewicz.com_OUSPRD_110222090840|203789423|1|07|Direct Reads|10679|4121|181937|71036|651905|171|657664|707|0|0|662583|839601|4292|71744
rac194.wpuziewicz.com_OUSPRD_110222090840|203789423|1|08|Direct Reads|10321|3981|174486|68392|636316|141|641591|581|12|2|646637|816077|4122|68974
rac194.wpuziewicz.com_OUSPRD_110222090840|203789423|1|09|Direct Reads|10118|3772|171298|64595|631655|154|636962|636|0|0|641773|808260|3926|65232
rac194.wpuziewicz.com_OUSPRD_110222090840|203789423|1|10|Direct Reads|7836|2999|132229|51425|482446|117|486796|481|0|0|490282|619025|3115|51907
rac194.wpuziewicz.com_OUSPRD_110222090840|203789423|1|11|Direct Reads|625|14|7414|402|1509|132|6253|543|0|0|2134|13667|145|946
rac194.wpuziewicz.com_OUSPRD_110222090840|203789423|1|12|Direct Reads|699|24|6010|216|140|2|569|8|0|0|839|6579|26|224
rac194.wpuziewicz.com_OUSPRD_110222090840|203789423|1|13|Direct Reads|9545|3780|161770|64189|612357|156|617708|643|0|0|621902|779478|3936|64832
rac194.wpuziewicz.com_OUSPRD_110222090840|203789423|1|14|Direct Reads|9639|3799|161764|64521|622330|162|627857|668|0|0|631969|789620|3960|65189
rac194.wpuziewicz.com_OUSPRD_110222090840|203789423|1|15|Direct Reads|10878|3939|183783|67188|649606|139|655995|569|0|0|660484|839778|4078|67757
rac194.wpuziewicz.com_OUSPRD_110222090840|203789423|1|16|Direct Reads|10382|4013|176804|68454|637140|188|642903|777|0|0|647522|819707|4201|69231
rac194.wpuziewicz.com_OUSPRD_110222090840|203789423|1|17|Direct Reads|11210|4050|190713|68845|644797|175|650103|722|0|0|656007|840815|4225|69567
rac194.wpuziewicz.com_OUSPRD_110222090840|203789423|1|18|Direct Reads|10871|3889|185340|65798|620870|141|626535|584|103|27|631741|811874|4030|66382
rac194.wpuziewicz.com_OUSPRD_110222090840|203789423|1|19|Direct Reads|10644|4103|179887|69712|626188|185|630885|767|0|0|636832|810772|4288|70479
rac194.wpuziewicz.com_OUSPRD_110222090840|203789423|1|20|Direct Reads|10408|3879|176967|66631|608261|167|613715|693|0|0|618668|790682|4046|67324
rac194.wpuziewicz.com_OUSPRD_110222090840|203789423|1|21|Direct Reads|10484|3957|178990|67336|610670|131|615705|532|0|0|621154|794695|4088|67867
rac194.wpuziewicz.com_OUSPRD_110222090840|203789423|1|22|Direct Reads|10710|4120|182117|70828|654536|176|659649|746|7|1|665247|841766|4296|71574
rac194.wpuziewicz.com_OUSPRD_110222090840|203789423|1|23|Direct Reads|10573|4124|180137|70454|646248|142|651575|585|0|0|656821|831712|4266|71039
rac194.wpuziewicz.com_OUSPRD_110222090840|203789423|1|00|Direct Writes|356|6405|6298|107172|2907|467|2934|1882|267|193|3263|9232|6872|109054
rac194.wpuziewicz.com_OUSPRD_110222090840|203789423|1|01|Direct Writes|353|6292|6412|105030|3104|415|3156|1720|271|5521|3458|9568|6707|106750
rac194.wpuziewicz.com_OUSPRD_110222090840|203789423|1|02|Direct Writes|354|6597|6403|109288|3248|690|3289|2853|271|6355|3602|9692|7287|112142
rac194.wpuziewicz.com_OUSPRD_110222090840|203789423|1|03|Direct Writes|391|6650|6889|111311|3187|526|3208|2178|120|98|3579|10097|7176|113488
rac194.wpuziewicz.com_OUSPRD_110222090840|203789423|1|04|Direct Writes|375|6709|6722|113177|3029|493|3075|2043|210|175|3404|9797|7203|115220
rac194.wpuziewicz.com_OUSPRD_110222090840|203789423|1|05|Direct Writes|384|6718|6800|113535|3190|426|3220|1757|275|283|3575|10021|7144|115292
rac194.wpuziewicz.com_OUSPRD_110222090840|203789423|1|06|Direct Writes|369|6758|6727|112532|3224|639|3258|2639|265|7824|3593|9985|7396|115171
rac194.wpuziewicz.com_OUSPRD_110222090840|203789423|1|07|Direct Writes|385|6889|6948|115999|3422|562|3478|2327|271|7708|3807|10427|7451|118326
rac194.wpuziewicz.com_OUSPRD_110222090840|203789423|1|08|Direct Writes|332|6529|6004|109095|3077|449|3126|1817|271|8679|3409|9130|6978|110912
rac194.wpuziewicz.com_OUSPRD_110222090840|203789423|1|09|Direct Writes|353|6444|6144|107618|3260|413|3305|1713|0|0|3613|9449|6857|109331
rac194.wpuziewicz.com_OUSPRD_110222090840|203789423|1|10|Direct Writes|257|4869|4657|81292|2272|357|2297|1478|146|108|2528|6954|5226|82771
rac194.wpuziewicz.com_OUSPRD_110222090840|203789423|1|11|Direct Writes|29|629|372|6654|223|444|924|1838|269|117|252|1296|1072|8492
rac194.wpuziewicz.com_OUSPRD_110222090840|203789423|1|12|Direct Writes|29|700|253|6001|22|114|46|479|0|0|51|299|814|6480
rac194.wpuziewicz.com_OUSPRD_110222090840|203789423|1|13|Direct Writes|310|6043|5507|100390|2694|424|2739|1752|0|0|3005|8247|6466|102142
rac194.wpuziewicz.com_OUSPRD_110222090840|203789423|1|14|Direct Writes|309|6130|5456|101502|2807|410|2877|1691|275|170|3115|8333|6540|103193
rac194.wpuziewicz.com_OUSPRD_110222090840|203789423|1|15|Direct Writes|375|6860|6766|114521|3126|494|3171|2047|271|7111|3501|9937|7353|116567
rac194.wpuziewicz.com_OUSPRD_110222090840|203789423|1|16|Direct Writes|393|6579|7111|110105|3051|1584|3093|6544|275|6175|3445|10204|8163|116649
rac194.wpuziewicz.com_OUSPRD_110222090840|203789423|1|17|Direct Writes|394|7034|7026|117950|3165|885|3193|3654|271|6688|3559|10219|7919|121604
rac194.wpuziewicz.com_OUSPRD_110222090840|203789423|1|18|Direct Writes|365|6862|6543|115729|2623|722|2658|2982|271|911|2988|9201|7583|118712
rac194.wpuziewicz.com_OUSPRD_110222090840|203789423|1|19|Direct Writes|392|6804|7068|113511|2758|1074|2796|4432|102|56|3149|9864|7878|117943
rac194.wpuziewicz.com_OUSPRD_110222090840|203789423|1|20|Direct Writes|382|6688|6885|110364|2810|542|2853|2240|0|0|3193|9738|7230|112604
rac194.wpuziewicz.com_OUSPRD_110222090840|203789423|1|21|Direct Writes|389|6718|6881|112858|2972|443|3001|1839|204|135|3361|9882|7161|114696
rac194.wpuziewicz.com_OUSPRD_110222090840|203789423|1|22|Direct Writes|412|6911|7281|116256|3291|586|3636|2433|194|484|3704|10917|7497|118689
rac194.wpuziewicz.com_OUSPRD_110222090840|203789423|1|23|Direct Writes|386|6673|6827|112016|3225|439|3266|1815|271|561|3611|10094|7112|113831
rac194.wpuziewicz.com_OUSPRD_110222090840|203789423|1|00|Archive Manager|0|0|0|0|0|0|0|0|0|0|0|0|0|0
rac194.wpuziewicz.com_OUSPRD_110222090840|203789423|1|01|Archive Manager|0|0|0|0|0|0|0|0|0|0|0|0|0|0
rac194.wpuziewicz.com_OUSPRD_110222090840|203789423|1|02|Archive Manager|0|0|0|0|0|0|0|0|0|0|0|0|0|0
rac194.wpuziewicz.com_OUSPRD_110222090840|203789423|1|03|Archive Manager|0|0|0|0|0|0|0|0|0|0|0|0|0|0
rac194.wpuziewicz.com_OUSPRD_110222090840|203789423|1|04|Archive Manager|0|0|0|0|0|0|0|0|0|0|0|0|0|0
rac194.wpuziewicz.com_OUSPRD_110222090840|203789423|1|05|Archive Manager|0|0|0|0|0|0|0|0|0|0|0|0|0|0
rac194.wpuziewicz.com_OUSPRD_110222090840|203789423|1|06|Archive Manager|0|0|0|0|0|0|0|0|0|0|0|0|0|0
rac194.wpuziewicz.com_OUSPRD_110222090840|203789423|1|07|Archive Manager|0|0|0|0|0|0|0|0|0|0|0|0|0|0
rac194.wpuziewicz.com_OUSPRD_110222090840|203789423|1|08|Archive Manager|0|0|0|0|0|0|0|0|0|0|0|0|0|0
rac194.wpuziewicz.com_OUSPRD_110222090840|203789423|1|09|Archive Manager|0|0|0|0|0|0|0|0|0|0|0|0|0|0
rac194.wpuziewicz.com_OUSPRD_110222090840|203789423|1|10|Archive Manager|0|0|0|0|0|0|0|0|0|0|0|0|0|0
rac194.wpuziewicz.com_OUSPRD_110222090840|203789423|1|11|Archive Manager|0|0|0|0|0|0|0|0|0|0|0|0|0|0
rac194.wpuziewicz.com_OUSPRD_110222090840|203789423|1|12|Archive Manager|0|0|0|0|0|0|0|0|0|0|0|0|0|0
rac194.wpuziewicz.com_OUSPRD_110222090840|203789423|1|13|Archive Manager|0|0|0|0|0|0|0|0|0|0|0|0|0|0
rac194.wpuziewicz.com_OUSPRD_110222090840|203789423|1|14|Archive Manager|0|0|0|0|0|0|0|0|0|0|0|0|0|0
rac194.wpuziewicz.com_OUSPRD_110222090840|203789423|1|15|Archive Manager|0|0|0|0|0|0|0|0|0|0|0|0|0|0
rac194.wpuziewicz.com_OUSPRD_110222090840|203789423|1|16|Archive Manager|0|0|0|0|0|0|0|0|0|0|0|0|0|0
rac194.wpuziewicz.com_OUSPRD_110222090840|203789423|1|17|Archive Manager|0|0|0|0|0|0|0|0|0|0|0|0|0|0
rac194.wpuziewicz.com_OUSPRD_110222090840|203789423|1|18|Archive Manager|0|0|0|0|0|0|0|0|0|0|0|0|0|0
rac194.wpuziewicz.com_OUSPRD_110222090840|203789423|1|19|Archive Manager|0|0|0|0|0|0|0|0|0|0|0|0|0|0
rac194.wpuziewicz.com_OUSPRD_110222090840|203789423|1|20|Archive Manager|0|0|0|0|0|0|0|0|0|0|0|0|0|0
rac194.wpuziewicz.com_OUSPRD_110222090840|203789423|1|21|Archive Manager|0|0|0|0|0|0|0|0|0|0|0|0|0|0
rac194.wpuziewicz.com_OUSPRD_110222090840|203789423|1|22|Archive Manager|0|0|0|0|0|0|0|0|0|0|0|0|0|0
rac194.wpuziewicz.com_OUSPRD_110222090840|203789423|1|23|Archive Manager|0|0|0|0|0|0|0|0|0|0|0|0|0|0
rac194.wpuziewicz.com_OUSPRD_110222090840|203789423|1|00|Inmemory Populate|0|0|0|0|0|0|0|0|0|0|0|0|0|0
rac194.wpuziewicz.com_OUSPRD_110222090840|203789423|1|01|Inmemory Populate|0|0|0|0|0|0|0|0|0|0|0|0|0|0
rac194.wpuziewicz.com_OUSPRD_110222090840|203789423|1|02|Inmemory Populate|0|0|0|0|0|0|0|0|0|0|0|0|0|0
rac194.wpuziewicz.com_OUSPRD_110222090840|203789423|1|03|Inmemory Populate|0|0|0|0|0|0|0|0|0|0|0|0|0|0
rac194.wpuziewicz.com_OUSPRD_110222090840|203789423|1|04|Inmemory Populate|0|0|0|0|0|0|0|0|0|0|0|0|0|0
rac194.wpuziewicz.com_OUSPRD_110222090840|203789423|1|05|Inmemory Populate|0|0|0|0|0|0|0|0|0|0|0|0|0|0
rac194.wpuziewicz.com_OUSPRD_110222090840|203789423|1|06|Inmemory Populate|0|0|0|0|0|0|0|0|0|0|0|0|0|0
rac194.wpuziewicz.com_OUSPRD_110222090840|203789423|1|07|Inmemory Populate|0|0|0|0|0|0|0|0|0|0|0|0|0|0
rac194.wpuziewicz.com_OUSPRD_110222090840|203789423|1|08|Inmemory Populate|0|0|0|0|0|0|0|0|0|0|0|0|0|0
rac194.wpuziewicz.com_OUSPRD_110222090840|203789423|1|09|Inmemory Populate|0|0|0|0|0|0|0|0|0|0|0|0|0|0
rac194.wpuziewicz.com_OUSPRD_110222090840|203789423|1|10|Inmemory Populate|0|0|0|0|0|0|0|0|0|0|0|0|0|0
rac194.wpuziewicz.com_OUSPRD_110222090840|203789423|1|11|Inmemory Populate|0|0|0|0|0|0|0|0|0|0|0|0|0|0
rac194.wpuziewicz.com_OUSPRD_110222090840|203789423|1|12|Inmemory Populate|0|0|0|0|0|0|0|0|0|0|0|0|0|0
rac194.wpuziewicz.com_OUSPRD_110222090840|203789423|1|13|Inmemory Populate|0|0|0|0|0|0|0|0|0|0|0|0|0|0
rac194.wpuziewicz.com_OUSPRD_110222090840|203789423|1|14|Inmemory Populate|0|0|0|0|0|0|0|0|0|0|0|0|0|0
rac194.wpuziewicz.com_OUSPRD_110222090840|203789423|1|15|Inmemory Populate|0|0|0|0|0|0|0|0|0|0|0|0|0|0
rac194.wpuziewicz.com_OUSPRD_110222090840|203789423|1|16|Inmemory Populate|0|0|0|0|0|0|0|0|0|0|0|0|0|0
rac194.wpuziewicz.com_OUSPRD_110222090840|203789423|1|17|Inmemory Populate|0|0|0|0|0|0|0|0|0|0|0|0|0|0
rac194.wpuziewicz.com_OUSPRD_110222090840|203789423|1|18|Inmemory Populate|0|0|0|0|0|0|0|0|0|0|0|0|0|0
rac194.wpuziewicz.com_OUSPRD_110222090840|203789423|1|19|Inmemory Populate|0|0|0|0|0|0|0|0|0|0|0|0|0|0
rac194.wpuziewicz.com_OUSPRD_110222090840|203789423|1|20|Inmemory Populate|0|0|0|0|0|0|0|0|0|0|0|0|0|0
rac194.wpuziewicz.com_OUSPRD_110222090840|203789423|1|21|Inmemory Populate|0|0|0|0|0|0|0|0|0|0|0|0|0|0
rac194.wpuziewicz.com_OUSPRD_110222090840|203789423|1|22|Inmemory Populate|0|0|0|0|0|0|0|0|0|0|0|0|0|0
rac194.wpuziewicz.com_OUSPRD_110222090840|203789423|1|23|Inmemory Populate|0|0|0|0|0|0|0|0|0|0|0|0|0|0
rac194.wpuziewicz.com_OUSPRD_110222090840|203789423|1|00|Buffer Cache Reads|855|0|95053|0|2331|0|2379|0|52992|1070559|3185|97431|0|0
rac194.wpuziewicz.com_OUSPRD_110222090840|203789423|1|01|Buffer Cache Reads|712|0|82306|0|2122|0|2156|0|22068|747022|2834|84462|0|0
rac194.wpuziewicz.com_OUSPRD_110222090840|203789423|1|02|Buffer Cache Reads|757|0|84903|0|2246|0|2299|0|26187|696749|3003|87203|0|0
rac194.wpuziewicz.com_OUSPRD_110222090840|203789423|1|03|Buffer Cache Reads|829|0|91394|0|2141|0|2203|0|26140|769191|2970|93597|0|0
rac194.wpuziewicz.com_OUSPRD_110222090840|203789423|1|04|Buffer Cache Reads|748|0|86198|0|2168|0|2250|0|22431|748727|2916|88448|0|0
rac194.wpuziewicz.com_OUSPRD_110222090840|203789423|1|05|Buffer Cache Reads|719|0|81446|0|2156|0|2208|0|21983|703205|2875|83654|0|0
rac194.wpuziewicz.com_OUSPRD_110222090840|203789423|1|06|Buffer Cache Reads|783|0|88041|0|2117|0|2200|0|23807|812365|2900|90241|0|0
rac194.wpuziewicz.com_OUSPRD_110222090840|203789423|1|07|Buffer Cache Reads|760|0|83705|0|2110|0|2186|0|23229|747551|2870|85892|0|0
rac194.wpuziewicz.com_OUSPRD_110222090840|203789423|1|08|Buffer Cache Reads|689|0|78751|0|2084|0|2109|0|37240|666438|2773|80860|0|0
rac194.wpuziewicz.com_OUSPRD_110222090840|203789423|1|09|Buffer Cache Reads|525|0|62076|0|1933|0|1993|0|14473|524958|2457|64069|0|0
rac194.wpuziewicz.com_OUSPRD_110222090840|203789423|1|10|Buffer Cache Reads|509|0|55372|0|2082|0|2152|0|14681|486376|2590|57524|0|0
rac194.wpuziewicz.com_OUSPRD_110222090840|203789423|1|11|Buffer Cache Reads|619|0|71623|0|2076|0|2169|0|21674|44118|2694|73792|0|0
rac194.wpuziewicz.com_OUSPRD_110222090840|203789423|1|12|Buffer Cache Reads|381|0|20992|0|1932|0|2052|0|16073|8945|2313|23044|0|0
rac194.wpuziewicz.com_OUSPRD_110222090840|203789423|1|13|Buffer Cache Reads|688|0|77066|0|2057|0|2148|0|26166|617510|2744|79213|0|0
rac194.wpuziewicz.com_OUSPRD_110222090840|203789423|1|14|Buffer Cache Reads|603|0|67038|0|2237|0|2289|0|18839|540114|2840|69327|0|0
rac194.wpuziewicz.com_OUSPRD_110222090840|203789423|1|15|Buffer Cache Reads|774|0|88167|0|2219|0|2282|0|25132|658933|2993|90448|0|0
rac194.wpuziewicz.com_OUSPRD_110222090840|203789423|1|16|Buffer Cache Reads|789|0|85634|0|2604|0|2827|0|34561|830748|3393|88461|0|0
rac194.wpuziewicz.com_OUSPRD_110222090840|203789423|1|17|Buffer Cache Reads|670|0|66245|0|2243|0|2288|0|28940|574591|2913|68534|0|0
rac194.wpuziewicz.com_OUSPRD_110222090840|203789423|1|18|Buffer Cache Reads|740|0|79695|0|2392|0|2459|0|31760|516056|3132|82154|0|0
rac194.wpuziewicz.com_OUSPRD_110222090840|203789423|1|19|Buffer Cache Reads|763|0|82303|0|2959|0|3198|0|36579|594465|3723|85501|0|0
rac194.wpuziewicz.com_OUSPRD_110222090840|203789423|1|20|Buffer Cache Reads|695|0|72890|0|2207|0|2247|0|28462|537740|2903|75136|0|0
rac194.wpuziewicz.com_OUSPRD_110222090840|203789423|1|21|Buffer Cache Reads|782|0|84009|0|2152|0|2231|0|36196|578599|2934|86239|0|0
rac194.wpuziewicz.com_OUSPRD_110222090840|203789423|1|22|Buffer Cache Reads|1234|0|113095|0|3185|0|3534|0|53531|1639419|4420|116628|0|0
rac194.wpuziewicz.com_OUSPRD_110222090840|203789423|1|23|Buffer Cache Reads|663|0|76230|0|2248|0|2304|0|22245|787733|2911|78534|0|0
rac194.wpuziewicz.com_OUSPRD_110222090840|203789423|2|00|XDB|0|0|0|0|0|0|0|0|0|0|0|0|0|0
rac194.wpuziewicz.com_OUSPRD_110222090840|203789423|2|01|XDB|0|0|0|0|0|0|0|0|0|0|0|0|0|0
rac194.wpuziewicz.com_OUSPRD_110222090840|203789423|2|02|XDB|0|0|0|0|0|0|0|0|0|0|0|0|0|0
rac194.wpuziewicz.com_OUSPRD_110222090840|203789423|2|03|XDB|0|0|0|0|0|0|0|0|0|0|0|0|0|0
rac194.wpuziewicz.com_OUSPRD_110222090840|203789423|2|04|XDB|0|0|0|0|0|0|0|0|0|0|0|0|0|0
rac194.wpuziewicz.com_OUSPRD_110222090840|203789423|2|05|XDB|0|0|0|0|0|0|0|0|0|0|0|0|0|0
rac194.wpuziewicz.com_OUSPRD_110222090840|203789423|2|06|XDB|0|0|0|0|0|0|0|0|0|0|0|0|0|0
rac194.wpuziewicz.com_OUSPRD_110222090840|203789423|2|07|XDB|0|0|0|0|0|0|0|0|0|0|0|0|0|0
rac194.wpuziewicz.com_OUSPRD_110222090840|203789423|2|08|XDB|0|0|0|0|0|0|0|0|0|0|0|0|0|0
rac194.wpuziewicz.com_OUSPRD_110222090840|203789423|2|09|XDB|0|0|0|0|0|0|0|0|0|0|0|0|0|0
rac194.wpuziewicz.com_OUSPRD_110222090840|203789423|2|10|XDB|0|0|0|0|0|0|0|0|0|0|0|0|0|0
rac194.wpuziewicz.com_OUSPRD_110222090840|203789423|2|11|XDB|0|0|0|0|0|0|0|0|0|0|0|0|0|0
rac194.wpuziewicz.com_OUSPRD_110222090840|203789423|2|12|XDB|0|0|0|0|0|0|0|0|0|0|0|0|0|0
rac194.wpuziewicz.com_OUSPRD_110222090840|203789423|2|13|XDB|0|0|0|0|0|0|0|0|0|0|0|0|0|0
rac194.wpuziewicz.com_OUSPRD_110222090840|203789423|2|14|XDB|0|0|0|0|0|0|0|0|0|0|0|0|0|0
rac194.wpuziewicz.com_OUSPRD_110222090840|203789423|2|15|XDB|0|0|0|0|0|0|0|0|0|0|0|0|0|0
rac194.wpuziewicz.com_OUSPRD_110222090840|203789423|2|16|XDB|0|0|0|0|0|0|0|0|0|0|0|0|0|0
rac194.wpuziewicz.com_OUSPRD_110222090840|203789423|2|17|XDB|0|0|0|0|0|0|0|0|0|0|0|0|0|0
rac194.wpuziewicz.com_OUSPRD_110222090840|203789423|2|18|XDB|0|0|0|0|0|0|0|0|0|0|0|0|0|0
rac194.wpuziewicz.com_OUSPRD_110222090840|203789423|2|19|XDB|0|0|0|0|0|0|0|0|0|0|0|0|0|0
rac194.wpuziewicz.com_OUSPRD_110222090840|203789423|2|20|XDB|0|0|0|0|0|0|0|0|0|0|0|0|0|0
rac194.wpuziewicz.com_OUSPRD_110222090840|203789423|2|21|XDB|0|0|0|0|0|0|0|0|0|0|0|0|0|0
rac194.wpuziewicz.com_OUSPRD_110222090840|203789423|2|22|XDB|0|0|0|0|0|0|0|0|0|0|0|0|0|0
rac194.wpuziewicz.com_OUSPRD_110222090840|203789423|2|23|XDB|0|0|0|0|0|0|0|0|0|0|0|0|0|0
rac194.wpuziewicz.com_OUSPRD_110222090840|203789423|2|00|ARCH|0|0|0|0|0|0|0|0|0|0|0|0|0|0
rac194.wpuziewicz.com_OUSPRD_110222090840|203789423|2|01|ARCH|0|0|0|0|0|0|0|0|0|0|0|0|0|0
rac194.wpuziewicz.com_OUSPRD_110222090840|203789423|2|02|ARCH|0|0|0|0|0|0|0|0|0|0|0|0|0|0
rac194.wpuziewicz.com_OUSPRD_110222090840|203789423|2|03|ARCH|0|0|0|0|0|0|0|0|0|0|0|0|0|0
rac194.wpuziewicz.com_OUSPRD_110222090840|203789423|2|04|ARCH|0|0|0|0|0|0|0|0|0|0|0|0|0|0
rac194.wpuziewicz.com_OUSPRD_110222090840|203789423|2|05|ARCH|0|0|0|0|0|0|0|0|0|0|0|0|0|0
rac194.wpuziewicz.com_OUSPRD_110222090840|203789423|2|06|ARCH|0|0|0|0|0|0|0|0|0|0|0|0|0|0
rac194.wpuziewicz.com_OUSPRD_110222090840|203789423|2|07|ARCH|0|0|0|0|0|0|0|0|0|0|0|0|0|0
rac194.wpuziewicz.com_OUSPRD_110222090840|203789423|2|08|ARCH|0|0|0|0|0|0|0|0|0|0|0|0|0|0
rac194.wpuziewicz.com_OUSPRD_110222090840|203789423|2|09|ARCH|0|0|0|0|0|0|0|0|0|0|0|0|0|0
rac194.wpuziewicz.com_OUSPRD_110222090840|203789423|2|10|ARCH|0|0|0|0|0|0|0|0|0|0|0|0|0|0
rac194.wpuziewicz.com_OUSPRD_110222090840|203789423|2|11|ARCH|0|0|0|0|0|0|0|0|0|0|0|0|0|0
rac194.wpuziewicz.com_OUSPRD_110222090840|203789423|2|12|ARCH|0|0|0|0|0|0|0|0|0|0|0|0|0|0
rac194.wpuziewicz.com_OUSPRD_110222090840|203789423|2|13|ARCH|0|0|0|0|0|0|0|0|0|0|0|0|0|0
rac194.wpuziewicz.com_OUSPRD_110222090840|203789423|2|14|ARCH|0|0|0|0|0|0|0|0|0|0|0|0|0|0
rac194.wpuziewicz.com_OUSPRD_110222090840|203789423|2|15|ARCH|0|0|0|0|0|0|0|0|0|0|0|0|0|0
rac194.wpuziewicz.com_OUSPRD_110222090840|203789423|2|16|ARCH|0|0|0|0|0|0|0|0|0|0|0|0|0|0
rac194.wpuziewicz.com_OUSPRD_110222090840|203789423|2|17|ARCH|0|0|0|0|0|0|0|0|0|0|0|0|0|0
rac194.wpuziewicz.com_OUSPRD_110222090840|203789423|2|18|ARCH|0|0|0|0|0|0|0|0|0|0|0|0|0|0
rac194.wpuziewicz.com_OUSPRD_110222090840|203789423|2|19|ARCH|0|0|0|0|0|0|0|0|0|0|0|0|0|0
rac194.wpuziewicz.com_OUSPRD_110222090840|203789423|2|20|ARCH|0|0|0|0|0|0|0|0|0|0|0|0|0|0
rac194.wpuziewicz.com_OUSPRD_110222090840|203789423|2|21|ARCH|0|0|0|0|0|0|0|0|0|0|0|0|0|0
rac194.wpuziewicz.com_OUSPRD_110222090840|203789423|2|22|ARCH|0|0|0|0|0|0|0|0|0|0|0|0|0|0
rac194.wpuziewicz.com_OUSPRD_110222090840|203789423|2|23|ARCH|0|0|0|0|0|0|0|0|0|0|0|0|0|0
rac194.wpuziewicz.com_OUSPRD_110222090840|203789423|2|00|DBWR|1|62|14|4362|0|30|0|239|14|10|1|14|92|4601
rac194.wpuziewicz.com_OUSPRD_110222090840|203789423|2|01|DBWR|1|18|7|1611|0|13|0|104|7|8|1|7|31|1715
rac194.wpuziewicz.com_OUSPRD_110222090840|203789423|2|02|DBWR|0|20|7|1842|0|12|0|95|7|6|0|7|32|1937
rac194.wpuziewicz.com_OUSPRD_110222090840|203789423|2|03|DBWR|0|18|7|1665|0|12|0|92|7|5|0|7|30|1757
rac194.wpuziewicz.com_OUSPRD_110222090840|203789423|2|04|DBWR|0|20|14|1745|0|14|0|111|14|6|0|14|34|1856
rac194.wpuziewicz.com_OUSPRD_110222090840|203789423|2|05|DBWR|1|20|9|1721|0|14|0|114|9|7|1|9|34|1835
rac194.wpuziewicz.com_OUSPRD_110222090840|203789423|2|06|DBWR|1|20|7|1660|0|13|0|105|7|6|1|7|33|1764
rac194.wpuziewicz.com_OUSPRD_110222090840|203789423|2|07|DBWR|0|20|9|1812|0|13|0|104|9|7|0|9|33|1916
rac194.wpuziewicz.com_OUSPRD_110222090840|203789423|2|08|DBWR|1|20|14|1815|0|15|0|118|14|7|1|14|35|1934
rac194.wpuziewicz.com_OUSPRD_110222090840|203789423|2|09|DBWR|0|19|7|1627|0|14|0|109|7|5|0|7|33|1736
rac194.wpuziewicz.com_OUSPRD_110222090840|203789423|2|10|DBWR|0|19|7|1661|0|12|0|97|7|7|0|7|31|1758
rac194.wpuziewicz.com_OUSPRD_110222090840|203789423|2|11|DBWR|1|18|8|1642|0|14|0|106|8|7|1|8|32|1748
rac194.wpuziewicz.com_OUSPRD_110222090840|203789423|2|12|DBWR|0|22|14|1970|0|17|0|138|14|6|0|14|40|2108
rac194.wpuziewicz.com_OUSPRD_110222090840|203789423|2|13|DBWR|1|19|14|1764|0|14|0|113|14|9|1|14|33|1878
rac194.wpuziewicz.com_OUSPRD_110222090840|203789423|2|14|DBWR|0|19|14|1671|0|13|0|103|14|7|0|14|32|1774
rac194.wpuziewicz.com_OUSPRD_110222090840|203789423|2|15|DBWR|1|16|7|1533|0|12|0|93|7|6|1|7|28|1626
rac194.wpuziewicz.com_OUSPRD_110222090840|203789423|2|16|DBWR|0|21|17|1858|0|15|0|121|17|12|0|17|36|1979
rac194.wpuziewicz.com_OUSPRD_110222090840|203789423|2|17|DBWR|1|19|14|1782|0|13|0|109|14|8|1|14|32|1891
rac194.wpuziewicz.com_OUSPRD_110222090840|203789423|2|18|DBWR|1|19|14|1655|0|13|0|103|14|7|1|14|32|1758
rac194.wpuziewicz.com_OUSPRD_110222090840|203789423|2|19|DBWR|1|89|7|9147|0|123|0|982|7|6|1|7|212|10129
rac194.wpuziewicz.com_OUSPRD_110222090840|203789423|2|20|DBWR|0|22|7|1996|0|15|0|119|7|11|0|7|37|2115
rac194.wpuziewicz.com_OUSPRD_110222090840|203789423|2|21|DBWR|0|20|9|1715|0|14|0|115|9|6|0|9|34|1831
rac194.wpuziewicz.com_OUSPRD_110222090840|203789423|2|22|DBWR|0|220|7|19330|0|169|0|1352|7|7|0|7|389|20682
rac194.wpuziewicz.com_OUSPRD_110222090840|203789423|2|23|DBWR|0|20|7|1638|0|12|0|101|7|4|0|7|32|1739
rac194.wpuziewicz.com_OUSPRD_110222090840|203789423|2|00|LGWR|24|35|1516|6677|0|177|0|321|1520|3412|24|1516|213|6998
rac194.wpuziewicz.com_OUSPRD_110222090840|203789423|2|01|LGWR|24|20|1509|3402|0|50|0|89|1513|3634|24|1509|70|3491
rac194.wpuziewicz.com_OUSPRD_110222090840|203789423|2|02|LGWR|24|19|1515|3449|0|48|0|78|1519|3718|24|1515|68|3527
rac194.wpuziewicz.com_OUSPRD_110222090840|203789423|2|03|LGWR|24|19|1510|3287|0|43|0|83|1514|2956|24|1510|63|3369
rac194.wpuziewicz.com_OUSPRD_110222090840|203789423|2|04|LGWR|24|19|1515|3370|0|51|0|85|1519|3281|24|1515|70|3455
rac194.wpuziewicz.com_OUSPRD_110222090840|203789423|2|05|LGWR|23|19|1510|3368|0|50|0|84|1514|3376|23|1510|69|3452
rac194.wpuziewicz.com_OUSPRD_110222090840|203789423|2|06|LGWR|23|19|1509|3294|0|49|0|87|1513|2838|23|1509|68|3381
rac194.wpuziewicz.com_OUSPRD_110222090840|203789423|2|07|LGWR|24|19|1515|3326|0|49|0|86|1519|3427|24|1515|68|3411
rac194.wpuziewicz.com_OUSPRD_110222090840|203789423|2|08|LGWR|24|19|1516|3374|0|51|0|86|1520|3336|24|1516|70|3460
rac194.wpuziewicz.com_OUSPRD_110222090840|203789423|2|09|LGWR|24|20|1509|3258|0|49|0|80|1513|2659|24|1509|69|3338
rac194.wpuziewicz.com_OUSPRD_110222090840|203789423|2|10|LGWR|24|19|1512|3303|0|48|0|88|1516|3123|24|1512|67|3392
rac194.wpuziewicz.com_OUSPRD_110222090840|203789423|2|11|LGWR|24|18|1512|3255|0|49|0|81|1516|3770|24|1512|67|3335
rac194.wpuziewicz.com_OUSPRD_110222090840|203789423|2|12|LGWR|24|20|1511|3285|0|52|0|95|1515|2532|24|1511|72|3380
rac194.wpuziewicz.com_OUSPRD_110222090840|203789423|2|13|LGWR|24|20|1512|3275|0|51|0|87|1516|3154|24|1512|71|3362
rac194.wpuziewicz.com_OUSPRD_110222090840|203789423|2|14|LGWR|24|19|1516|3492|0|51|0|90|1520|3518|24|1516|70|3582
rac194.wpuziewicz.com_OUSPRD_110222090840|203789423|2|15|LGWR|24|19|1511|3234|0|41|0|82|1515|2928|24|1511|60|3316
rac194.wpuziewicz.com_OUSPRD_110222090840|203789423|2|16|LGWR|24|20|1510|3479|0|50|0|84|1514|3422|24|1510|70|3563
rac194.wpuziewicz.com_OUSPRD_110222090840|203789423|2|17|LGWR|23|19|1509|3281|0|51|0|90|1513|3207|23|1509|70|3371
rac194.wpuziewicz.com_OUSPRD_110222090840|203789423|2|18|LGWR|24|19|1511|3229|0|50|0|83|1515|3037|24|1511|69|3312
rac194.wpuziewicz.com_OUSPRD_110222090840|203789423|2|19|LGWR|23|29|1495|3900|0|498|0|774|1501|3181|23|1495|527|4674
rac194.wpuziewicz.com_OUSPRD_110222090840|203789423|2|20|LGWR|24|19|1519|3301|0|52|0|88|1523|3147|24|1519|71|3388
rac194.wpuziewicz.com_OUSPRD_110222090840|203789423|2|21|LGWR|24|20|1515|3406|0|51|0|88|1519|2916|24|1515|71|3494
rac194.wpuziewicz.com_OUSPRD_110222090840|203789423|2|22|LGWR|23|30|1509|4955|0|1188|0|1553|1513|3618|23|1509|1218|6508
rac194.wpuziewicz.com_OUSPRD_110222090840|203789423|2|23|LGWR|24|22|1512|3863|0|46|0|85|1516|2922|24|1512|68|3948
rac194.wpuziewicz.com_OUSPRD_110222090840|203789423|2|00|RMAN|0|0|0|0|0|0|0|0|0|0|0|0|0|0
rac194.wpuziewicz.com_OUSPRD_110222090840|203789423|2|01|RMAN|0|0|0|0|0|0|0|0|0|0|0|0|0|0
rac194.wpuziewicz.com_OUSPRD_110222090840|203789423|2|02|RMAN|0|0|0|0|0|0|0|0|0|0|0|0|0|0
rac194.wpuziewicz.com_OUSPRD_110222090840|203789423|2|03|RMAN|0|0|0|0|0|0|0|0|0|0|0|0|0|0
rac194.wpuziewicz.com_OUSPRD_110222090840|203789423|2|04|RMAN|0|0|0|0|0|0|0|0|0|0|0|0|0|0
rac194.wpuziewicz.com_OUSPRD_110222090840|203789423|2|05|RMAN|0|0|0|0|0|0|0|0|0|0|0|0|0|0
rac194.wpuziewicz.com_OUSPRD_110222090840|203789423|2|06|RMAN|0|0|0|0|0|0|0|0|0|0|0|0|0|0
rac194.wpuziewicz.com_OUSPRD_110222090840|203789423|2|07|RMAN|0|0|0|0|0|0|0|0|0|0|0|0|0|0
rac194.wpuziewicz.com_OUSPRD_110222090840|203789423|2|08|RMAN|0|0|0|0|0|0|0|0|0|0|0|0|0|0
rac194.wpuziewicz.com_OUSPRD_110222090840|203789423|2|09|RMAN|0|0|0|0|0|0|0|0|0|0|0|0|0|0
rac194.wpuziewicz.com_OUSPRD_110222090840|203789423|2|10|RMAN|0|0|0|0|0|0|0|0|0|0|0|0|0|0
rac194.wpuziewicz.com_OUSPRD_110222090840|203789423|2|11|RMAN|0|0|0|0|0|0|0|0|0|0|0|0|0|0
rac194.wpuziewicz.com_OUSPRD_110222090840|203789423|2|12|RMAN|0|0|0|0|0|0|0|0|0|0|0|0|0|0
rac194.wpuziewicz.com_OUSPRD_110222090840|203789423|2|13|RMAN|0|0|0|0|0|0|0|0|0|0|0|0|0|0
rac194.wpuziewicz.com_OUSPRD_110222090840|203789423|2|14|RMAN|0|0|0|0|0|0|0|0|0|0|0|0|0|0
rac194.wpuziewicz.com_OUSPRD_110222090840|203789423|2|15|RMAN|0|0|0|0|0|0|0|0|0|0|0|0|0|0
rac194.wpuziewicz.com_OUSPRD_110222090840|203789423|2|16|RMAN|0|0|0|0|0|0|0|0|0|0|0|0|0|0
rac194.wpuziewicz.com_OUSPRD_110222090840|203789423|2|17|RMAN|0|0|0|0|0|0|0|0|0|0|0|0|0|0
rac194.wpuziewicz.com_OUSPRD_110222090840|203789423|2|18|RMAN|0|0|0|0|0|0|0|0|0|0|0|0|0|0
rac194.wpuziewicz.com_OUSPRD_110222090840|203789423|2|19|RMAN|0|0|0|0|0|0|0|0|0|0|0|0|0|0
rac194.wpuziewicz.com_OUSPRD_110222090840|203789423|2|20|RMAN|0|0|0|0|0|0|0|0|0|0|0|0|0|0
rac194.wpuziewicz.com_OUSPRD_110222090840|203789423|2|21|RMAN|0|0|0|0|0|0|0|0|0|0|0|0|0|0
rac194.wpuziewicz.com_OUSPRD_110222090840|203789423|2|22|RMAN|0|0|0|0|0|0|0|0|0|0|0|0|0|0
rac194.wpuziewicz.com_OUSPRD_110222090840|203789423|2|23|RMAN|0|0|0|0|0|0|0|0|0|0|0|0|0|0
rac194.wpuziewicz.com_OUSPRD_110222090840|203789423|2|00|Others|120|13|7748|863|268|113|292|116|7780|19684|388|8040|126|978
rac194.wpuziewicz.com_OUSPRD_110222090840|203789423|2|01|Others|107|13|6915|821|119|30|144|31|6956|20254|226|7059|43|852
rac194.wpuziewicz.com_OUSPRD_110222090840|203789423|2|02|Others|107|13|6917|828|133|28|158|29|6960|18391|240|7075|41|856
rac194.wpuziewicz.com_OUSPRD_110222090840|203789423|2|03|Others|107|12|6880|802|122|27|146|29|6930|12955|229|7027|39|831
rac194.wpuziewicz.com_OUSPRD_110222090840|203789423|2|04|Others|108|13|6956|827|129|39|155|40|7004|16726|237|7111|52|866
rac194.wpuziewicz.com_OUSPRD_110222090840|203789423|2|05|Others|107|13|6933|824|123|31|149|32|6974|15488|230|7082|44|856
rac194.wpuziewicz.com_OUSPRD_110222090840|203789423|2|06|Others|107|13|6906|822|123|31|148|31|6950|14200|230|7054|44|854
rac194.wpuziewicz.com_OUSPRD_110222090840|203789423|2|07|Others|108|13|6909|823|121|28|146|30|6956|17300|229|7055|41|853
rac194.wpuziewicz.com_OUSPRD_110222090840|203789423|2|08|Others|116|13|7541|849|169|38|197|38|7584|15812|285|7739|51|887
rac194.wpuziewicz.com_OUSPRD_110222090840|203789423|2|09|Others|107|13|6919|826|119|31|144|32|6958|12142|226|7063|44|858
rac194.wpuziewicz.com_OUSPRD_110222090840|203789423|2|10|Others|108|13|6922|818|119|28|144|28|6971|15330|227|7066|41|846
rac194.wpuziewicz.com_OUSPRD_110222090840|203789423|2|11|Others|108|13|6912|812|120|28|146|28|6963|15903|228|7058|41|841
rac194.wpuziewicz.com_OUSPRD_110222090840|203789423|2|12|Others|108|13|6979|835|135|37|161|37|7028|12312|243|7140|50|872
rac194.wpuziewicz.com_OUSPRD_110222090840|203789423|2|13|Others|108|13|7179|830|126|32|156|33|7055|14446|234|7335|45|863
rac194.wpuziewicz.com_OUSPRD_110222090840|203789423|2|14|Others|114|13|7343|819|124|31|149|32|7385|17804|238|7492|44|851
rac194.wpuziewicz.com_OUSPRD_110222090840|203789423|2|15|Others|107|13|6904|821|128|27|154|28|6951|14470|235|7058|40|849
rac194.wpuziewicz.com_OUSPRD_110222090840|203789423|2|16|Others|123|13|7919|852|119|38|144|38|7962|16040|242|8063|51|891
rac194.wpuziewicz.com_OUSPRD_110222090840|203789423|2|17|Others|108|13|6947|826|126|33|149|33|6996|15530|234|7096|46|859
rac194.wpuziewicz.com_OUSPRD_110222090840|203789423|2|18|Others|107|13|6894|815|124|31|149|31|6946|14504|231|7044|44|846
rac194.wpuziewicz.com_OUSPRD_110222090840|203789423|2|19|Others|108|13|6987|851|615|296|640|297|7031|17436|723|7627|310|1147
rac194.wpuziewicz.com_OUSPRD_110222090840|203789423|2|20|Others|108|13|6949|830|138|33|160|34|6990|15675|246|7109|46|865
rac194.wpuziewicz.com_OUSPRD_110222090840|203789423|2|21|Others|108|14|6961|825|130|31|153|32|6991|15864|239|7115|45|857
rac194.wpuziewicz.com_OUSPRD_110222090840|203789423|2|22|Others|113|14|7313|927|682|575|706|576|7338|23180|795|8018|589|1503
rac194.wpuziewicz.com_OUSPRD_110222090840|203789423|2|23|Others|109|13|7137|846|125|31|150|31|7070|30092|234|7287|44|877
rac194.wpuziewicz.com_OUSPRD_110222090840|203789423|2|00|Recovery|0|0|0|0|0|0|0|0|0|0|0|0|0|0
rac194.wpuziewicz.com_OUSPRD_110222090840|203789423|2|01|Recovery|0|0|0|0|0|0|0|0|0|0|0|0|0|0
rac194.wpuziewicz.com_OUSPRD_110222090840|203789423|2|02|Recovery|0|0|0|0|0|0|0|0|0|0|0|0|0|0
rac194.wpuziewicz.com_OUSPRD_110222090840|203789423|2|03|Recovery|0|0|0|0|0|0|0|0|0|0|0|0|0|0
rac194.wpuziewicz.com_OUSPRD_110222090840|203789423|2|04|Recovery|0|0|0|0|0|0|0|0|0|0|0|0|0|0
rac194.wpuziewicz.com_OUSPRD_110222090840|203789423|2|05|Recovery|0|0|0|0|0|0|0|0|0|0|0|0|0|0
rac194.wpuziewicz.com_OUSPRD_110222090840|203789423|2|06|Recovery|0|0|0|0|0|0|0|0|0|0|0|0|0|0
rac194.wpuziewicz.com_OUSPRD_110222090840|203789423|2|07|Recovery|0|0|0|0|0|0|0|0|0|0|0|0|0|0
rac194.wpuziewicz.com_OUSPRD_110222090840|203789423|2|08|Recovery|0|0|0|0|0|0|0|0|0|0|0|0|0|0
rac194.wpuziewicz.com_OUSPRD_110222090840|203789423|2|09|Recovery|0|0|0|0|0|0|0|0|0|0|0|0|0|0
rac194.wpuziewicz.com_OUSPRD_110222090840|203789423|2|10|Recovery|0|0|0|0|0|0|0|0|0|0|0|0|0|0
rac194.wpuziewicz.com_OUSPRD_110222090840|203789423|2|11|Recovery|0|0|0|0|0|0|0|0|0|0|0|0|0|0
rac194.wpuziewicz.com_OUSPRD_110222090840|203789423|2|12|Recovery|0|0|0|0|0|0|0|0|0|0|0|0|0|0
rac194.wpuziewicz.com_OUSPRD_110222090840|203789423|2|13|Recovery|0|0|0|0|0|0|0|0|0|0|0|0|0|0
rac194.wpuziewicz.com_OUSPRD_110222090840|203789423|2|14|Recovery|0|0|0|0|0|0|0|0|0|0|0|0|0|0
rac194.wpuziewicz.com_OUSPRD_110222090840|203789423|2|15|Recovery|0|0|0|0|0|0|0|0|0|0|0|0|0|0
rac194.wpuziewicz.com_OUSPRD_110222090840|203789423|2|16|Recovery|0|0|0|0|0|0|0|0|0|0|0|0|0|0
rac194.wpuziewicz.com_OUSPRD_110222090840|203789423|2|17|Recovery|0|0|0|0|0|0|0|0|0|0|0|0|0|0
rac194.wpuziewicz.com_OUSPRD_110222090840|203789423|2|18|Recovery|0|0|0|0|0|0|0|0|0|0|0|0|0|0
rac194.wpuziewicz.com_OUSPRD_110222090840|203789423|2|19|Recovery|0|0|0|0|0|0|0|0|0|0|0|0|0|0
rac194.wpuziewicz.com_OUSPRD_110222090840|203789423|2|20|Recovery|0|0|0|0|0|0|0|0|0|0|0|0|0|0
rac194.wpuziewicz.com_OUSPRD_110222090840|203789423|2|21|Recovery|0|0|0|0|0|0|0|0|0|0|0|0|0|0
rac194.wpuziewicz.com_OUSPRD_110222090840|203789423|2|22|Recovery|0|0|0|0|0|0|0|0|0|0|0|0|0|0
rac194.wpuziewicz.com_OUSPRD_110222090840|203789423|2|23|Recovery|0|0|0|0|0|0|0|0|0|0|0|0|0|0
rac194.wpuziewicz.com_OUSPRD_110222090840|203789423|2|00|Data Pump|0|0|0|0|0|0|0|0|0|0|0|0|0|0
rac194.wpuziewicz.com_OUSPRD_110222090840|203789423|2|01|Data Pump|0|0|0|0|0|0|0|0|0|0|0|0|0|0
rac194.wpuziewicz.com_OUSPRD_110222090840|203789423|2|02|Data Pump|0|0|0|0|0|0|0|0|0|0|0|0|0|0
rac194.wpuziewicz.com_OUSPRD_110222090840|203789423|2|03|Data Pump|0|0|0|0|0|0|0|0|0|0|0|0|0|0
rac194.wpuziewicz.com_OUSPRD_110222090840|203789423|2|04|Data Pump|0|0|0|0|0|0|0|0|0|0|0|0|0|0
rac194.wpuziewicz.com_OUSPRD_110222090840|203789423|2|05|Data Pump|0|0|0|0|0|0|0|0|0|0|0|0|0|0
rac194.wpuziewicz.com_OUSPRD_110222090840|203789423|2|06|Data Pump|0|0|0|0|0|0|0|0|0|0|0|0|0|0
rac194.wpuziewicz.com_OUSPRD_110222090840|203789423|2|07|Data Pump|0|0|0|0|0|0|0|0|0|0|0|0|0|0
rac194.wpuziewicz.com_OUSPRD_110222090840|203789423|2|08|Data Pump|0|0|0|0|0|0|0|0|0|0|0|0|0|0
rac194.wpuziewicz.com_OUSPRD_110222090840|203789423|2|09|Data Pump|0|0|0|0|0|0|0|0|0|0|0|0|0|0
rac194.wpuziewicz.com_OUSPRD_110222090840|203789423|2|10|Data Pump|0|0|0|0|0|0|0|0|0|0|0|0|0|0
rac194.wpuziewicz.com_OUSPRD_110222090840|203789423|2|11|Data Pump|0|0|0|0|0|0|0|0|0|0|0|0|0|0
rac194.wpuziewicz.com_OUSPRD_110222090840|203789423|2|12|Data Pump|0|0|0|0|0|0|0|0|0|0|0|0|0|0
rac194.wpuziewicz.com_OUSPRD_110222090840|203789423|2|13|Data Pump|0|0|0|0|0|0|0|0|0|0|0|0|0|0
rac194.wpuziewicz.com_OUSPRD_110222090840|203789423|2|14|Data Pump|0|0|0|0|0|0|0|0|0|0|0|0|0|0
rac194.wpuziewicz.com_OUSPRD_110222090840|203789423|2|15|Data Pump|0|0|0|0|0|0|0|0|0|0|0|0|0|0
rac194.wpuziewicz.com_OUSPRD_110222090840|203789423|2|16|Data Pump|0|0|0|0|0|0|0|0|0|0|0|0|0|0
rac194.wpuziewicz.com_OUSPRD_110222090840|203789423|2|17|Data Pump|0|0|0|0|0|0|0|0|0|0|0|0|0|0
rac194.wpuziewicz.com_OUSPRD_110222090840|203789423|2|18|Data Pump|0|0|0|0|0|0|0|0|0|0|0|0|0|0
rac194.wpuziewicz.com_OUSPRD_110222090840|203789423|2|19|Data Pump|0|0|0|0|0|0|0|0|0|0|0|0|0|0
rac194.wpuziewicz.com_OUSPRD_110222090840|203789423|2|20|Data Pump|0|0|0|0|0|0|0|0|0|0|0|0|0|0
rac194.wpuziewicz.com_OUSPRD_110222090840|203789423|2|21|Data Pump|0|0|0|0|0|0|0|0|0|0|0|0|0|0
rac194.wpuziewicz.com_OUSPRD_110222090840|203789423|2|22|Data Pump|0|0|0|0|0|0|0|0|0|0|0|0|0|0
rac194.wpuziewicz.com_OUSPRD_110222090840|203789423|2|23|Data Pump|0|0|0|0|0|0|0|0|0|0|0|0|0|0
rac194.wpuziewicz.com_OUSPRD_110222090840|203789423|2|00|Smart Scan|0|0|0|0|0|0|0|0|0|0|0|0|0|0
rac194.wpuziewicz.com_OUSPRD_110222090840|203789423|2|01|Smart Scan|0|0|0|0|0|0|0|0|0|0|0|0|0|0
rac194.wpuziewicz.com_OUSPRD_110222090840|203789423|2|02|Smart Scan|0|0|0|0|0|0|0|0|0|0|0|0|0|0
rac194.wpuziewicz.com_OUSPRD_110222090840|203789423|2|03|Smart Scan|0|0|0|0|0|0|0|0|0|0|0|0|0|0
rac194.wpuziewicz.com_OUSPRD_110222090840|203789423|2|04|Smart Scan|0|0|0|0|0|0|0|0|0|0|0|0|0|0
rac194.wpuziewicz.com_OUSPRD_110222090840|203789423|2|05|Smart Scan|0|0|0|0|0|0|0|0|0|0|0|0|0|0
rac194.wpuziewicz.com_OUSPRD_110222090840|203789423|2|06|Smart Scan|0|0|0|0|0|0|0|0|0|0|0|0|0|0
rac194.wpuziewicz.com_OUSPRD_110222090840|203789423|2|07|Smart Scan|0|0|0|0|0|0|0|0|0|0|0|0|0|0
rac194.wpuziewicz.com_OUSPRD_110222090840|203789423|2|08|Smart Scan|0|0|0|0|0|0|0|0|0|0|0|0|0|0
rac194.wpuziewicz.com_OUSPRD_110222090840|203789423|2|09|Smart Scan|0|0|0|0|0|0|0|0|0|0|0|0|0|0
rac194.wpuziewicz.com_OUSPRD_110222090840|203789423|2|10|Smart Scan|0|0|0|0|0|0|0|0|0|0|0|0|0|0
rac194.wpuziewicz.com_OUSPRD_110222090840|203789423|2|11|Smart Scan|0|0|0|0|0|0|0|0|0|0|0|0|0|0
rac194.wpuziewicz.com_OUSPRD_110222090840|203789423|2|12|Smart Scan|0|0|0|0|0|0|0|0|0|0|0|0|0|0
rac194.wpuziewicz.com_OUSPRD_110222090840|203789423|2|13|Smart Scan|0|0|0|0|0|0|0|0|0|0|0|0|0|0
rac194.wpuziewicz.com_OUSPRD_110222090840|203789423|2|14|Smart Scan|0|0|0|0|0|0|0|0|0|0|0|0|0|0
rac194.wpuziewicz.com_OUSPRD_110222090840|203789423|2|15|Smart Scan|0|0|0|0|0|0|0|0|0|0|0|0|0|0
rac194.wpuziewicz.com_OUSPRD_110222090840|203789423|2|16|Smart Scan|0|0|0|0|0|0|0|0|0|0|0|0|0|0
rac194.wpuziewicz.com_OUSPRD_110222090840|203789423|2|17|Smart Scan|0|0|0|0|0|0|0|0|0|0|0|0|0|0
rac194.wpuziewicz.com_OUSPRD_110222090840|203789423|2|18|Smart Scan|0|0|0|0|0|0|0|0|0|0|0|0|0|0
rac194.wpuziewicz.com_OUSPRD_110222090840|203789423|2|19|Smart Scan|0|0|0|0|0|0|0|0|0|0|0|0|0|0
rac194.wpuziewicz.com_OUSPRD_110222090840|203789423|2|20|Smart Scan|0|0|0|0|0|0|0|0|0|0|0|0|0|0
rac194.wpuziewicz.com_OUSPRD_110222090840|203789423|2|21|Smart Scan|0|0|0|0|0|0|0|0|0|0|0|0|0|0
rac194.wpuziewicz.com_OUSPRD_110222090840|203789423|2|22|Smart Scan|0|0|0|0|0|0|0|0|0|0|0|0|0|0
rac194.wpuziewicz.com_OUSPRD_110222090840|203789423|2|23|Smart Scan|0|0|0|0|0|0|0|0|0|0|0|0|0|0
rac194.wpuziewicz.com_OUSPRD_110222090840|203789423|2|00|Streams AQ|1|0|142|0|0|0|0|0|142|166|1|142|0|0
rac194.wpuziewicz.com_OUSPRD_110222090840|203789423|2|01|Streams AQ|0|0|3|0|0|0|0|0|3|2|0|3|0|0
rac194.wpuziewicz.com_OUSPRD_110222090840|203789423|2|02|Streams AQ|0|0|0|0|0|0|0|0|0|0|0|0|0|0
rac194.wpuziewicz.com_OUSPRD_110222090840|203789423|2|03|Streams AQ|0|0|0|0|0|0|0|0|0|0|0|0|0|0
rac194.wpuziewicz.com_OUSPRD_110222090840|203789423|2|04|Streams AQ|0|0|0|0|0|0|0|0|0|0|0|0|0|0
rac194.wpuziewicz.com_OUSPRD_110222090840|203789423|2|05|Streams AQ|0|0|0|0|0|0|0|0|0|0|0|0|0|0
rac194.wpuziewicz.com_OUSPRD_110222090840|203789423|2|06|Streams AQ|0|0|0|0|0|0|0|0|0|0|0|0|0|0
rac194.wpuziewicz.com_OUSPRD_110222090840|203789423|2|07|Streams AQ|0|0|0|0|0|0|0|0|0|0|0|0|0|0
rac194.wpuziewicz.com_OUSPRD_110222090840|203789423|2|08|Streams AQ|0|0|0|0|0|0|0|0|0|0|0|0|0|0
rac194.wpuziewicz.com_OUSPRD_110222090840|203789423|2|09|Streams AQ|0|0|1|0|0|0|0|0|1|0|0|1|0|0
rac194.wpuziewicz.com_OUSPRD_110222090840|203789423|2|10|Streams AQ|0|0|0|0|0|0|0|0|0|0|0|0|0|0
rac194.wpuziewicz.com_OUSPRD_110222090840|203789423|2|11|Streams AQ|0|0|0|0|0|0|0|0|0|0|0|0|0|0
rac194.wpuziewicz.com_OUSPRD_110222090840|203789423|2|12|Streams AQ|0|0|5|0|0|0|0|0|5|2|0|5|0|0
rac194.wpuziewicz.com_OUSPRD_110222090840|203789423|2|13|Streams AQ|0|0|2|0|0|0|0|0|2|0|0|2|0|0
rac194.wpuziewicz.com_OUSPRD_110222090840|203789423|2|14|Streams AQ|0|0|2|0|0|0|0|0|2|1|0|2|0|0
rac194.wpuziewicz.com_OUSPRD_110222090840|203789423|2|15|Streams AQ|0|0|0|0|0|0|0|0|0|0|0|0|0|0
rac194.wpuziewicz.com_OUSPRD_110222090840|203789423|2|16|Streams AQ|0|0|5|0|0|0|0|0|5|1|0|5|0|0
rac194.wpuziewicz.com_OUSPRD_110222090840|203789423|2|17|Streams AQ|0|0|5|0|0|0|0|0|5|3|0|5|0|0
rac194.wpuziewicz.com_OUSPRD_110222090840|203789423|2|18|Streams AQ|0|0|0|0|0|0|0|0|0|0|0|0|0|0
rac194.wpuziewicz.com_OUSPRD_110222090840|203789423|2|19|Streams AQ|0|0|2|0|0|0|0|0|2|0|0|2|0|0
rac194.wpuziewicz.com_OUSPRD_110222090840|203789423|2|20|Streams AQ|0|0|3|0|0|0|0|0|3|2|0|3|0|0
rac194.wpuziewicz.com_OUSPRD_110222090840|203789423|2|21|Streams AQ|0|0|3|0|0|0|0|0|3|1|0|3|0|0
rac194.wpuziewicz.com_OUSPRD_110222090840|203789423|2|22|Streams AQ|0|0|2|0|0|0|0|0|2|0|0|2|0|0
rac194.wpuziewicz.com_OUSPRD_110222090840|203789423|2|23|Streams AQ|0|0|0|0|0|0|0|0|0|0|0|0|0|0
rac194.wpuziewicz.com_OUSPRD_110222090840|203789423|2|00|Direct Reads|7|0|331|27|99|0|102|0|7|1|106|432|0|27
rac194.wpuziewicz.com_OUSPRD_110222090840|203789423|2|01|Direct Reads|1|1|23|18|47227|0|47519|0|0|0|47228|47543|1|18
rac194.wpuziewicz.com_OUSPRD_110222090840|203789423|2|02|Direct Reads|12|0|168|16|2|0|8|0|0|0|14|176|0|16
rac194.wpuziewicz.com_OUSPRD_110222090840|203789423|2|03|Direct Reads|20|1|196|14|2|0|10|0|0|0|22|206|1|14
rac194.wpuziewicz.com_OUSPRD_110222090840|203789423|2|04|Direct Reads|96|3|1373|38|26|1|106|2|0|0|122|1479|3|39
rac194.wpuziewicz.com_OUSPRD_110222090840|203789423|2|05|Direct Reads|64|2|807|39|32|0|130|1|0|0|96|937|2|40
rac194.wpuziewicz.com_OUSPRD_110222090840|203789423|2|06|Direct Reads|86|2|974|38|41|0|167|1|0|0|126|1141|3|39
rac194.wpuziewicz.com_OUSPRD_110222090840|203789423|2|07|Direct Reads|78|4|786|36|20|0|82|2|0|0|98|867|4|38
rac194.wpuziewicz.com_OUSPRD_110222090840|203789423|2|08|Direct Reads|1|1|53|14|0|0|0|0|7|1|1|53|1|14
rac194.wpuziewicz.com_OUSPRD_110222090840|203789423|2|09|Direct Reads|1|0|18|14|0|0|0|0|0|0|1|18|0|14
rac194.wpuziewicz.com_OUSPRD_110222090840|203789423|2|10|Direct Reads|1|1|26|14|87|0|361|0|0|0|88|388|1|14
rac194.wpuziewicz.com_OUSPRD_110222090840|203789423|2|11|Direct Reads|1|0|36|14|0|0|0|0|0|0|1|36|0|14
rac194.wpuziewicz.com_OUSPRD_110222090840|203789423|2|12|Direct Reads|8|0|101|14|0|0|0|0|0|0|8|101|0|14
rac194.wpuziewicz.com_OUSPRD_110222090840|203789423|2|13|Direct Reads|12|1|282|14|0|0|0|0|0|0|12|282|1|14
rac194.wpuziewicz.com_OUSPRD_110222090840|203789423|2|14|Direct Reads|11|2|509|65|138|57|569|235|0|0|149|1078|59|300
rac194.wpuziewicz.com_OUSPRD_110222090840|203789423|2|15|Direct Reads|1|0|26|14|0|0|2|0|0|0|1|27|0|14
rac194.wpuziewicz.com_OUSPRD_110222090840|203789423|2|16|Direct Reads|65|1|987|39|128|36|530|149|66|27|193|1517|37|188
rac194.wpuziewicz.com_OUSPRD_110222090840|203789423|2|17|Direct Reads|25|1|716|28|0|0|0|0|0|0|25|716|1|28
rac194.wpuziewicz.com_OUSPRD_110222090840|203789423|2|18|Direct Reads|1|0|18|14|0|0|0|0|0|0|1|18|0|14
rac194.wpuziewicz.com_OUSPRD_110222090840|203789423|2|19|Direct Reads|6|0|76|14|0|0|0|0|0|0|6|76|0|14
rac194.wpuziewicz.com_OUSPRD_110222090840|203789423|2|20|Direct Reads|23|1|205|14|0|0|0|0|0|0|23|205|1|14
rac194.wpuziewicz.com_OUSPRD_110222090840|203789423|2|21|Direct Reads|16|1|352|14|0|0|0|0|0|0|16|352|1|14
rac194.wpuziewicz.com_OUSPRD_110222090840|203789423|2|22|Direct Reads|14|4|147|35|46875|0|47166|0|3|1|46889|47313|4|35
rac194.wpuziewicz.com_OUSPRD_110222090840|203789423|2|23|Direct Reads|8|1|301|34|126563|0|127364|0|0|0|126571|127666|1|34
rac194.wpuziewicz.com_OUSPRD_110222090840|203789423|2|00|Direct Writes|2|1|96|31|0|53|0|53|96|105|2|96|54|84
rac194.wpuziewicz.com_OUSPRD_110222090840|203789423|2|01|Direct Writes|2|1|96|21|0|0|0|0|96|42|2|96|1|21
rac194.wpuziewicz.com_OUSPRD_110222090840|203789423|2|02|Direct Writes|2|12|96|149|0|2|0|8|96|37|2|96|14|157
rac194.wpuziewicz.com_OUSPRD_110222090840|203789423|2|03|Direct Writes|2|20|96|185|0|3|0|10|96|67|2|96|23|196
rac194.wpuziewicz.com_OUSPRD_110222090840|203789423|2|04|Direct Writes|4|97|105|1379|0|25|0|105|96|72|4|105|122|1484
rac194.wpuziewicz.com_OUSPRD_110222090840|203789423|2|05|Direct Writes|3|65|96|809|0|32|0|129|96|62|3|96|97|938
rac194.wpuziewicz.com_OUSPRD_110222090840|203789423|2|06|Direct Writes|3|86|96|979|0|41|1|168|96|55|3|97|127|1146
rac194.wpuziewicz.com_OUSPRD_110222090840|203789423|2|07|Direct Writes|4|77|100|782|1|20|1|81|96|59|5|101|97|862
rac194.wpuziewicz.com_OUSPRD_110222090840|203789423|2|08|Direct Writes|2|1|96|20|0|0|0|0|96|62|2|96|1|20
rac194.wpuziewicz.com_OUSPRD_110222090840|203789423|2|09|Direct Writes|2|0|96|20|0|0|0|0|96|35|2|96|0|20
rac194.wpuziewicz.com_OUSPRD_110222090840|203789423|2|10|Direct Writes|2|1|96|21|0|0|0|0|96|57|2|96|1|21
rac194.wpuziewicz.com_OUSPRD_110222090840|203789423|2|11|Direct Writes|2|1|96|43|0|0|0|0|96|65|2|96|1|43
rac194.wpuziewicz.com_OUSPRD_110222090840|203789423|2|12|Direct Writes|2|7|96|112|0|0|0|0|96|60|2|96|7|112
rac194.wpuziewicz.com_OUSPRD_110222090840|203789423|2|13|Direct Writes|2|12|96|282|0|0|0|0|96|46|2|96|12|282
rac194.wpuziewicz.com_OUSPRD_110222090840|203789423|2|14|Direct Writes|2|7|96|225|3|81|12|333|96|52|5|108|87|559
rac194.wpuziewicz.com_OUSPRD_110222090840|203789423|2|15|Direct Writes|2|1|96|20|0|0|0|2|96|55|2|96|1|22
rac194.wpuziewicz.com_OUSPRD_110222090840|203789423|2|16|Direct Writes|2|64|96|804|16|115|68|475|96|58|18|164|179|1279
rac194.wpuziewicz.com_OUSPRD_110222090840|203789423|2|17|Direct Writes|2|17|96|447|0|1|0|1|96|71|2|96|18|448
rac194.wpuziewicz.com_OUSPRD_110222090840|203789423|2|18|Direct Writes|2|1|96|20|0|0|0|0|96|48|2|96|1|20
rac194.wpuziewicz.com_OUSPRD_110222090840|203789423|2|19|Direct Writes|2|7|96|93|0|0|0|0|96|56|2|96|7|93
rac194.wpuziewicz.com_OUSPRD_110222090840|203789423|2|20|Direct Writes|2|22|96|205|0|0|0|0|96|57|2|96|22|205
rac194.wpuziewicz.com_OUSPRD_110222090840|203789423|2|21|Direct Writes|2|15|96|206|0|0|0|0|96|42|2|96|15|206
rac194.wpuziewicz.com_OUSPRD_110222090840|203789423|2|22|Direct Writes|2|5|96|65|3|0|3|0|96|47|5|99|5|65
rac194.wpuziewicz.com_OUSPRD_110222090840|203789423|2|23|Direct Writes|2|1|96|37|0|0|0|0|96|82|2|96|1|37
rac194.wpuziewicz.com_OUSPRD_110222090840|203789423|2|00|Archive Manager|0|0|0|0|0|0|0|0|0|0|0|0|0|0
rac194.wpuziewicz.com_OUSPRD_110222090840|203789423|2|01|Archive Manager|0|0|0|0|0|0|0|0|0|0|0|0|0|0
rac194.wpuziewicz.com_OUSPRD_110222090840|203789423|2|02|Archive Manager|0|0|0|0|0|0|0|0|0|0|0|0|0|0
rac194.wpuziewicz.com_OUSPRD_110222090840|203789423|2|03|Archive Manager|0|0|0|0|0|0|0|0|0|0|0|0|0|0
rac194.wpuziewicz.com_OUSPRD_110222090840|203789423|2|04|Archive Manager|0|0|0|0|0|0|0|0|0|0|0|0|0|0
rac194.wpuziewicz.com_OUSPRD_110222090840|203789423|2|05|Archive Manager|0|0|0|0|0|0|0|0|0|0|0|0|0|0
rac194.wpuziewicz.com_OUSPRD_110222090840|203789423|2|06|Archive Manager|0|0|0|0|0|0|0|0|0|0|0|0|0|0
rac194.wpuziewicz.com_OUSPRD_110222090840|203789423|2|07|Archive Manager|0|0|0|0|0|0|0|0|0|0|0|0|0|0
rac194.wpuziewicz.com_OUSPRD_110222090840|203789423|2|08|Archive Manager|0|0|0|0|0|0|0|0|0|0|0|0|0|0
rac194.wpuziewicz.com_OUSPRD_110222090840|203789423|2|09|Archive Manager|0|0|0|0|0|0|0|0|0|0|0|0|0|0
rac194.wpuziewicz.com_OUSPRD_110222090840|203789423|2|10|Archive Manager|0|0|0|0|0|0|0|0|0|0|0|0|0|0
rac194.wpuziewicz.com_OUSPRD_110222090840|203789423|2|11|Archive Manager|0|0|0|0|0|0|0|0|0|0|0|0|0|0
rac194.wpuziewicz.com_OUSPRD_110222090840|203789423|2|12|Archive Manager|0|0|0|0|0|0|0|0|0|0|0|0|0|0
rac194.wpuziewicz.com_OUSPRD_110222090840|203789423|2|13|Archive Manager|0|0|0|0|0|0|0|0|0|0|0|0|0|0
rac194.wpuziewicz.com_OUSPRD_110222090840|203789423|2|14|Archive Manager|0|0|0|0|0|0|0|0|0|0|0|0|0|0
rac194.wpuziewicz.com_OUSPRD_110222090840|203789423|2|15|Archive Manager|0|0|0|0|0|0|0|0|0|0|0|0|0|0
rac194.wpuziewicz.com_OUSPRD_110222090840|203789423|2|16|Archive Manager|0|0|0|0|0|0|0|0|0|0|0|0|0|0
rac194.wpuziewicz.com_OUSPRD_110222090840|203789423|2|17|Archive Manager|0|0|0|0|0|0|0|0|0|0|0|0|0|0
rac194.wpuziewicz.com_OUSPRD_110222090840|203789423|2|18|Archive Manager|0|0|0|0|0|0|0|0|0|0|0|0|0|0
rac194.wpuziewicz.com_OUSPRD_110222090840|203789423|2|19|Archive Manager|0|0|0|0|0|0|0|0|0|0|0|0|0|0
rac194.wpuziewicz.com_OUSPRD_110222090840|203789423|2|20|Archive Manager|0|0|0|0|0|0|0|0|0|0|0|0|0|0
rac194.wpuziewicz.com_OUSPRD_110222090840|203789423|2|21|Archive Manager|0|0|0|0|0|0|0|0|0|0|0|0|0|0
rac194.wpuziewicz.com_OUSPRD_110222090840|203789423|2|22|Archive Manager|0|0|0|0|0|0|0|0|0|0|0|0|0|0
rac194.wpuziewicz.com_OUSPRD_110222090840|203789423|2|23|Archive Manager|0|0|0|0|0|0|0|0|0|0|0|0|0|0
rac194.wpuziewicz.com_OUSPRD_110222090840|203789423|2|00|Inmemory Populate|0|0|0|0|0|0|0|0|0|0|0|0|0|0
rac194.wpuziewicz.com_OUSPRD_110222090840|203789423|2|01|Inmemory Populate|0|0|0|0|0|0|0|0|0|0|0|0|0|0
rac194.wpuziewicz.com_OUSPRD_110222090840|203789423|2|02|Inmemory Populate|0|0|0|0|0|0|0|0|0|0|0|0|0|0
rac194.wpuziewicz.com_OUSPRD_110222090840|203789423|2|03|Inmemory Populate|0|0|0|0|0|0|0|0|0|0|0|0|0|0
rac194.wpuziewicz.com_OUSPRD_110222090840|203789423|2|04|Inmemory Populate|0|0|0|0|0|0|0|0|0|0|0|0|0|0
rac194.wpuziewicz.com_OUSPRD_110222090840|203789423|2|05|Inmemory Populate|0|0|0|0|0|0|0|0|0|0|0|0|0|0
rac194.wpuziewicz.com_OUSPRD_110222090840|203789423|2|06|Inmemory Populate|0|0|0|0|0|0|0|0|0|0|0|0|0|0
rac194.wpuziewicz.com_OUSPRD_110222090840|203789423|2|07|Inmemory Populate|0|0|0|0|0|0|0|0|0|0|0|0|0|0
rac194.wpuziewicz.com_OUSPRD_110222090840|203789423|2|08|Inmemory Populate|0|0|0|0|0|0|0|0|0|0|0|0|0|0
rac194.wpuziewicz.com_OUSPRD_110222090840|203789423|2|09|Inmemory Populate|0|0|0|0|0|0|0|0|0|0|0|0|0|0
rac194.wpuziewicz.com_OUSPRD_110222090840|203789423|2|10|Inmemory Populate|0|0|0|0|0|0|0|0|0|0|0|0|0|0
rac194.wpuziewicz.com_OUSPRD_110222090840|203789423|2|11|Inmemory Populate|0|0|0|0|0|0|0|0|0|0|0|0|0|0
rac194.wpuziewicz.com_OUSPRD_110222090840|203789423|2|12|Inmemory Populate|0|0|0|0|0|0|0|0|0|0|0|0|0|0
rac194.wpuziewicz.com_OUSPRD_110222090840|203789423|2|13|Inmemory Populate|0|0|0|0|0|0|0|0|0|0|0|0|0|0
rac194.wpuziewicz.com_OUSPRD_110222090840|203789423|2|14|Inmemory Populate|0|0|0|0|0|0|0|0|0|0|0|0|0|0
rac194.wpuziewicz.com_OUSPRD_110222090840|203789423|2|15|Inmemory Populate|0|0|0|0|0|0|0|0|0|0|0|0|0|0
rac194.wpuziewicz.com_OUSPRD_110222090840|203789423|2|16|Inmemory Populate|0|0|0|0|0|0|0|0|0|0|0|0|0|0
rac194.wpuziewicz.com_OUSPRD_110222090840|203789423|2|17|Inmemory Populate|0|0|0|0|0|0|0|0|0|0|0|0|0|0
rac194.wpuziewicz.com_OUSPRD_110222090840|203789423|2|18|Inmemory Populate|0|0|0|0|0|0|0|0|0|0|0|0|0|0
rac194.wpuziewicz.com_OUSPRD_110222090840|203789423|2|19|Inmemory Populate|0|0|0|0|0|0|0|0|0|0|0|0|0|0
rac194.wpuziewicz.com_OUSPRD_110222090840|203789423|2|20|Inmemory Populate|0|0|0|0|0|0|0|0|0|0|0|0|0|0
rac194.wpuziewicz.com_OUSPRD_110222090840|203789423|2|21|Inmemory Populate|0|0|0|0|0|0|0|0|0|0|0|0|0|0
rac194.wpuziewicz.com_OUSPRD_110222090840|203789423|2|22|Inmemory Populate|0|0|0|0|0|0|0|0|0|0|0|0|0|0
rac194.wpuziewicz.com_OUSPRD_110222090840|203789423|2|23|Inmemory Populate|0|0|0|0|0|0|0|0|0|0|0|0|0|0
rac194.wpuziewicz.com_OUSPRD_110222090840|203789423|2|00|Buffer Cache Reads|768|0|70048|0|1537|0|1647|0|55029|100453|2304|71695|0|0
rac194.wpuziewicz.com_OUSPRD_110222090840|203789423|2|01|Buffer Cache Reads|222|0|22896|0|1038|0|1074|0|14717|19737|1260|23970|0|0
rac194.wpuziewicz.com_OUSPRD_110222090840|203789423|2|02|Buffer Cache Reads|60|0|3443|0|82|0|112|0|2637|3152|142|3555|0|0
rac194.wpuziewicz.com_OUSPRD_110222090840|203789423|2|03|Buffer Cache Reads|320|0|26558|0|656|0|760|0|25724|11157|975|27317|0|0
rac194.wpuziewicz.com_OUSPRD_110222090840|203789423|2|04|Buffer Cache Reads|158|0|12979|0|768|0|803|0|12919|7349|926|13782|0|0
rac194.wpuziewicz.com_OUSPRD_110222090840|203789423|2|05|Buffer Cache Reads|20|0|1979|0|36|0|54|0|1842|3357|55|2033|0|0
rac194.wpuziewicz.com_OUSPRD_110222090840|203789423|2|06|Buffer Cache Reads|127|0|11835|0|452|0|495|0|8811|15751|579|12330|0|0
rac194.wpuziewicz.com_OUSPRD_110222090840|203789423|2|07|Buffer Cache Reads|56|0|6076|0|38|0|54|0|6062|7565|93|6130|0|0
rac194.wpuziewicz.com_OUSPRD_110222090840|203789423|2|08|Buffer Cache Reads|113|0|6737|0|231|0|255|0|6591|5125|344|6992|0|0
rac194.wpuziewicz.com_OUSPRD_110222090840|203789423|2|09|Buffer Cache Reads|14|0|1306|0|16|0|25|0|951|970|31|1331|0|0
rac194.wpuziewicz.com_OUSPRD_110222090840|203789423|2|10|Buffer Cache Reads|256|0|14807|0|1703|0|1907|0|10939|21428|1959|16714|0|0
rac194.wpuziewicz.com_OUSPRD_110222090840|203789423|2|11|Buffer Cache Reads|38|0|3197|0|48|0|54|0|2579|8908|87|3251|0|0
rac194.wpuziewicz.com_OUSPRD_110222090840|203789423|2|12|Buffer Cache Reads|287|0|25550|0|1191|0|1436|0|21173|22224|1478|26986|0|0
rac194.wpuziewicz.com_OUSPRD_110222090840|203789423|2|13|Buffer Cache Reads|107|0|6092|0|317|0|497|0|5281|6080|425|6588|0|0
rac194.wpuziewicz.com_OUSPRD_110222090840|203789423|2|14|Buffer Cache Reads|99|0|5804|0|458|0|503|0|4020|5132|557|6307|0|0
rac194.wpuziewicz.com_OUSPRD_110222090840|203789423|2|15|Buffer Cache Reads|80|0|4025|0|89|0|127|0|3935|7161|169|4152|0|0
rac194.wpuziewicz.com_OUSPRD_110222090840|203789423|2|16|Buffer Cache Reads|298|0|22412|0|630|0|730|0|22374|15577|927|23142|0|0
rac194.wpuziewicz.com_OUSPRD_110222090840|203789423|2|17|Buffer Cache Reads|151|0|10488|0|582|0|654|0|10345|8140|733|11142|0|0
rac194.wpuziewicz.com_OUSPRD_110222090840|203789423|2|18|Buffer Cache Reads|10|0|959|0|16|0|17|0|918|1924|26|976|0|0
rac194.wpuziewicz.com_OUSPRD_110222090840|203789423|2|19|Buffer Cache Reads|362|0|34343|0|413|0|536|0|30456|28205|775|34879|0|0
rac194.wpuziewicz.com_OUSPRD_110222090840|203789423|2|20|Buffer Cache Reads|423|0|35285|0|1197|0|1394|0|27698|35279|1620|36679|0|0
rac194.wpuziewicz.com_OUSPRD_110222090840|203789423|2|21|Buffer Cache Reads|36|0|3776|0|29|0|46|0|3281|5078|65|3822|0|0
rac194.wpuziewicz.com_OUSPRD_110222090840|203789423|2|22|Buffer Cache Reads|504|0|47164|0|834|0|953|0|21155|50244|1338|48116|0|0
rac194.wpuziewicz.com_OUSPRD_110222090840|203789423|2|23|Buffer Cache Reads|327|0|32964|0|665|0|796|0|19342|81895|992|33760|0|0
