 
PKEY|CON_ID|TAB_COUNT|IDX_CNT|IDX_PERC
rac194.wpuziewicz.com_OUSPRD_110222090840|1|71|1|35
rac194.wpuziewicz.com_OUSPRD_110222090840|3|2|5|1
rac194.wpuziewicz.com_OUSPRD_110222090840|3|94|1|47
rac194.wpuziewicz.com_OUSPRD_110222090840|4|2|4|1
rac194.wpuziewicz.com_OUSPRD_110222090840|3|1|8|0
rac194.wpuziewicz.com_OUSPRD_110222090840|3|1|6|0
rac194.wpuziewicz.com_OUSPRD_110222090840|3|1|7|0
rac194.wpuziewicz.com_OUSPRD_110222090840|1|1|2|0
rac194.wpuziewicz.com_OUSPRD_110222090840|4|1|5|0
rac194.wpuziewicz.com_OUSPRD_110222090840|4|5|1|2
rac194.wpuziewicz.com_OUSPRD_110222090840|3|2|3|1
rac194.wpuziewicz.com_OUSPRD_110222090840|3|8|4|4
rac194.wpuziewicz.com_OUSPRD_110222090840|3|1|10|0
rac194.wpuziewicz.com_OUSPRD_110222090840|3|12|2|6
