 
PKEY|CON_ID|OWNER|PK|UK|CK|RI|VWCK|VWRO|HASHEXPR|SUPLOG|NUM_TABLES|TOTAL_CONS
rac194.wpuziewicz.com_OUSPRD_110222090840|1|SYSTEM|89|5|265|16|||||131|404
rac194.wpuziewicz.com_OUSPRD_110222090840|4|WMSYS|24|2|29||||||38|60
rac194.wpuziewicz.com_OUSPRD_110222090840|3|OJVMSYS|2||||||||6|6
rac194.wpuziewicz.com_OUSPRD_110222090840|4|DBSFWUSER||3|5||||||3|8
rac194.wpuziewicz.com_OUSPRD_110222090840|3|LBACSYS|16|8|70|23|||||22|118
rac194.wpuziewicz.com_OUSPRD_110222090840|3|SYSTEM|89|5|265|16|||||131|404
rac194.wpuziewicz.com_OUSPRD_110222090840|4|SYSTEM|89|5|265|16|||||131|404
rac194.wpuziewicz.com_OUSPRD_110222090840|4|SYS|506|72|4323|98|||||1541|5285
rac194.wpuziewicz.com_OUSPRD_110222090840|1|OJVMSYS|2||||||||6|6
rac194.wpuziewicz.com_OUSPRD_110222090840|3|OLAPSYS|2||5||||||2|7
rac194.wpuziewicz.com_OUSPRD_110222090840|4|OJVMSYS|2||||||||6|6
rac194.wpuziewicz.com_OUSPRD_110222090840|1|AUDSYS|||5||||||1|5
rac194.wpuziewicz.com_OUSPRD_110222090840|3|ORDSYS|3||6||||||4|9
rac194.wpuziewicz.com_OUSPRD_110222090840|1|ORDDATA|40|35|281|75|||||90|439
rac194.wpuziewicz.com_OUSPRD_110222090840|1|GSMADMIN_INTERNAL|31|8|63|40|||||40|147
rac194.wpuziewicz.com_OUSPRD_110222090840|4|OLAPSYS|2||5||||||2|7
rac194.wpuziewicz.com_OUSPRD_110222090840|3|APPQOSSYS|||||||||5|5
rac194.wpuziewicz.com_OUSPRD_110222090840|1|DBSNMP|8|2|68|2|||||20|80
rac194.wpuziewicz.com_OUSPRD_110222090840|3|CTXSYS|39|11|49|4|||||53|112
rac194.wpuziewicz.com_OUSPRD_110222090840|1|DBSFWUSER||3|5||||||3|8
rac194.wpuziewicz.com_OUSPRD_110222090840|4|MDSYS|68|29|238|45|||||147|424
rac194.wpuziewicz.com_OUSPRD_110222090840|4|ORDDATA|40|35|281|75|||||90|439
rac194.wpuziewicz.com_OUSPRD_110222090840|4|DVSYS|21|32|130|22|||||44|209
rac194.wpuziewicz.com_OUSPRD_110222090840|1|ORDSYS|3||6||||||4|9
rac194.wpuziewicz.com_OUSPRD_110222090840|3|OE|8||15|9|||||10|34
rac194.wpuziewicz.com_OUSPRD_110222090840|3|ORDDATA|40|35|281|75|||||90|439
rac194.wpuziewicz.com_OUSPRD_110222090840|1|CTXSYS|39|11|49|4|||||53|112
rac194.wpuziewicz.com_OUSPRD_110222090840|1|APPQOSSYS|||||||||5|5
rac194.wpuziewicz.com_OUSPRD_110222090840|4|DBSNMP|8|2|68|2|||||20|80
rac194.wpuziewicz.com_OUSPRD_110222090840|1|MDSYS|68|29|238|45|||||147|424
rac194.wpuziewicz.com_OUSPRD_110222090840|4|SH|7|1|70|6|||||8|84
rac194.wpuziewicz.com_OUSPRD_110222090840|3|AUDSYS|||5||||||1|5
rac194.wpuziewicz.com_OUSPRD_110222090840|3|MDSYS|68|29|238|45|||||147|424
rac194.wpuziewicz.com_OUSPRD_110222090840|3|SH|9||121|10|||||16|142
rac194.wpuziewicz.com_OUSPRD_110222090840|1|SYS|512|78|4325|98|||||1552|5304
rac194.wpuziewicz.com_OUSPRD_110222090840|3|DVSYS|21|32|130|22|||||44|209
rac194.wpuziewicz.com_OUSPRD_110222090840|4|LBACSYS|16|8|70|23|||||22|118
rac194.wpuziewicz.com_OUSPRD_110222090840|1|OUTLN|||||||||3|3
rac194.wpuziewicz.com_OUSPRD_110222090840|1|OLAPSYS|2||5||||||2|7
rac194.wpuziewicz.com_OUSPRD_110222090840|3|HR|7|1|15|10|||||7|33
rac194.wpuziewicz.com_OUSPRD_110222090840|3|PERFSTAT|71|1|356|64|||||74|494
rac194.wpuziewicz.com_OUSPRD_110222090840|3|DBSFWUSER||3|5||||||3|8
rac194.wpuziewicz.com_OUSPRD_110222090840|1|DVSYS|21|32|130|22|||||44|209
rac194.wpuziewicz.com_OUSPRD_110222090840|3|OUTLN|||||||||3|3
rac194.wpuziewicz.com_OUSPRD_110222090840|4|GSMADMIN_INTERNAL|31|8|63|40|||||40|147
rac194.wpuziewicz.com_OUSPRD_110222090840|4|CTXSYS|39|11|49|4|||||53|112
rac194.wpuziewicz.com_OUSPRD_110222090840|3|IX|13||4||||||17|21
rac194.wpuziewicz.com_OUSPRD_110222090840|4|AUDSYS|||5||||||1|5
rac194.wpuziewicz.com_OUSPRD_110222090840|1|XDB|8|4|44|2|||||35|78
rac194.wpuziewicz.com_OUSPRD_110222090840|3|SBL|||||||||1|1
rac194.wpuziewicz.com_OUSPRD_110222090840|1|PERFSTAT|71|1|356|64|||||73|493
rac194.wpuziewicz.com_OUSPRD_110222090840|3|GSMADMIN_INTERNAL|31|8|63|40|||||40|147
rac194.wpuziewicz.com_OUSPRD_110222090840|3|EBS|||||||||1|1
rac194.wpuziewicz.com_OUSPRD_110222090840|4|APPQOSSYS|||||||||5|5
rac194.wpuziewicz.com_OUSPRD_110222090840|1|WMSYS|24|2|29||||||38|60
rac194.wpuziewicz.com_OUSPRD_110222090840|3|DBSNMP|8|2|68|2|||||20|80
rac194.wpuziewicz.com_OUSPRD_110222090840|4|XDB|8|4|44|2|||||35|78
rac194.wpuziewicz.com_OUSPRD_110222090840|3|XDB|8|4|44|2|||||35|78
rac194.wpuziewicz.com_OUSPRD_110222090840|3|PM|1|1||1|||||1|3
rac194.wpuziewicz.com_OUSPRD_110222090840|3|PSFT|||||||||1|1
rac194.wpuziewicz.com_OUSPRD_110222090840|1|LBACSYS|16|8|70|23|||||22|118
rac194.wpuziewicz.com_OUSPRD_110222090840|3|SYS|506|72|4323|98|||||1541|5285
rac194.wpuziewicz.com_OUSPRD_110222090840|3|WMSYS|24|2|29||||||38|60
rac194.wpuziewicz.com_OUSPRD_110222090840|4|ORDSYS|3||6||||||4|9
rac194.wpuziewicz.com_OUSPRD_110222090840|3|WP|||8||||||32|34
rac194.wpuziewicz.com_OUSPRD_110222090840|4|OUTLN|||||||||3|3
